customer_id,first_seen,last_seen
C06075,2016-07-02 00:02:21,2016-11-29 20:21:21
C07096,2016-07-02 00:02:41,2016-12-28 22:03:04
C11919,2016-07-02 00:03:07,2016-12-29 18:38:39
C07867,2016-07-02 00:04:48,2016-12-29 22:57:34
C06743,2016-07-02 00:04:48,2016-12-13 13:42:39
C10193,2016-07-02 00:05:52,2016-12-29 15:18:33
C11923,2016-07-02 00:06:21,2016-12-29 23:49:47
C08925,2016-07-02 00:06:45,2016-12-29 17:58:00
C09301,2016-07-02 00:07:33,2016-12-30 23:56:08
C03218,2016-07-02 00:07:50,2016-12-30 23:55:52
C08945,2016-07-02 00:08:25,2016-12-29 22:29:08
C06598,2016-07-02 00:10:07,2016-12-27 19:54:08
C08662,2016-07-02 00:11:35,2016-12-29 16:41:39
C11709,2016-07-02 00:13:36,2016-12-28 20:11:35
C07648,2016-07-02 00:16:50,2016-12-28 22:29:39
C03575,2016-07-02 00:19:39,2016-12-30 23:26:54
C03847,2016-07-02 00:20:40,2016-12-21 20:54:31
C10234,2016-07-02 00:21:16,2016-12-20 19:33:19
C09711,2016-07-02 00:22:20,2016-12-30 06:27:04
C09339,2016-07-02 00:23:39,2016-12-21 22:33:05
C03622,2016-07-02 00:24:04,2016-12-26 20:04:08
C05704,2016-07-02 00:24:29,2016-12-30 22:29:32
C09947,2016-07-02 00:25:34,2016-12-26 23:47:46
C05283,2016-07-02 00:26:06,2016-12-28 15:02:06
C12942,2016-07-02 00:28:15,2016-12-30 16:55:12
C01109,2016-07-02 00:33:07,2016-12-28 23:55:22
C09363,2016-07-02 00:33:17,2016-12-30 23:43:02
C01525,2016-07-02 00:33:24,2016-12-28 15:07:17
C01909,2016-07-02 00:34:43,2016-12-29 21:52:28
C10906,2016-07-02 00:35:03,2016-12-28 19:11:29
C12593,2016-07-02 00:35:22,2016-12-28 06:39:12
C12961,2016-07-02 00:37:18,2016-12-28 23:04:06
C03363,2016-07-02 00:38:09,2016-12-29 21:30:44
C02354,2016-07-02 00:39:20,2016-12-30 23:18:12
C10745,2016-07-02 00:39:41,2016-12-28 16:25:24
C04108,2016-07-02 00:40:12,2016-12-28 22:47:22
C07870,2016-07-02 00:41:58,2016-12-28 19:46:04
C10333,2016-07-02 00:42:20,2016-12-28 22:23:53
C13171,2016-07-02 00:42:31,2016-12-29 17:50:55
C02231,2016-07-02 00:43:11,2016-12-28 02:21:11
C05362,2016-07-02 00:43:39,2016-12-28 14:52:33
C04960,2016-07-02 00:46:17,2016-12-21 05:49:52
C11000,2016-07-02 00:48:57,2016-12-28 23:49:42
C10679,2016-07-02 00:50:00,2016-12-28 17:56:45
C01953,2016-07-02 00:50:17,2016-12-30 12:41:27
C09221,2016-07-02 00:51:56,2016-12-28 03:50:44
C12758,2016-07-02 00:53:25,2016-12-30 15:54:45
C08924,2016-07-02 00:54:54,2016-12-24 17:30:53
C11625,2016-07-02 00:55:37,2016-12-30 22:56:35
C04105,2016-07-02 00:55:42,2016-12-29 23:36:42
C00750,2016-07-02 00:56:13,2016-12-28 23:49:37
C09486,2016-07-02 00:56:34,2016-12-28 17:18:32
C04597,2016-07-02 00:56:36,2016-12-29 22:23:49
C12517,2016-07-02 00:58:38,2016-12-28 21:28:16
C05854,2016-07-02 00:59:28,2016-12-29 10:19:36
C03230,2016-07-02 01:00:41,2016-12-24 00:31:01
C12136,2016-07-02 01:01:59,2016-12-28 20:34:27
C06872,2016-07-02 01:02:37,2016-12-22 14:56:51
C06248,2016-07-02 01:03:12,2016-07-02 01:03:12
C12094,2016-07-02 01:04:46,2016-12-28 18:38:57
C05312,2016-07-02 01:07:47,2016-12-29 17:07:19
C08742,2016-07-02 01:07:48,2016-12-28 20:38:24
C09276,2016-07-02 01:10:12,2016-12-30 01:58:52
C12234,2016-07-02 01:10:40,2016-12-28 22:05:01
C08842,2016-07-02 01:12:21,2016-12-28 16:13:29
C07505,2016-07-02 01:12:48,2016-12-29 23:23:12
C13001,2016-07-02 01:14:07,2016-12-28 23:18:56
C08037,2016-07-02 01:15:38,2016-12-30 23:28:57
C09936,2016-07-02 01:16:27,2016-12-27 01:43:01
C00259,2016-07-02 01:17:26,2016-12-28 06:38:33
C12863,2016-07-02 01:17:26,2016-12-28 22:41:03
C08841,2016-07-02 01:17:45,2016-12-28 17:00:06
C02515,2016-07-02 01:19:41,2016-12-29 13:52:25
C08605,2016-07-02 01:20:35,2016-12-26 00:56:38
C09998,2016-07-02 01:21:29,2016-12-30 18:23:25
C05560,2016-07-02 01:23:23,2016-12-28 18:01:47
C01828,2016-07-02 01:24:33,2016-12-27 22:38:09
C09872,2016-07-02 01:28:32,2016-12-10 14:10:58
C09253,2016-07-02 01:28:57,2016-12-21 03:54:18
C08391,2016-07-02 01:29:20,2016-12-28 22:10:22
C01048,2016-07-02 01:29:54,2016-12-25 18:08:27
C03047,2016-07-02 01:30:10,2016-12-28 20:49:18
C00272,2016-07-02 01:31:44,2016-12-19 21:57:18
C06791,2016-07-02 01:33:27,2016-12-08 22:06:16
C10656,2016-07-02 01:33:54,2016-12-27 01:48:26
C09405,2016-07-02 01:35:51,2016-12-11 18:31:41
C05622,2016-07-02 01:37:39,2016-12-25 20:51:01
C03277,2016-07-02 01:38:35,2016-12-05 15:21:42
C11464,2016-07-02 01:38:40,2016-12-29 23:05:24
C07212,2016-07-02 01:40:00,2016-12-29 21:05:30
C02250,2016-07-02 01:40:05,2016-12-29 21:30:28
C05689,2016-07-02 01:40:34,2016-12-29 23:42:59
C01154,2016-07-02 01:51:51,2016-12-27 03:34:11
C02331,2016-07-02 01:55:03,2016-12-27 17:51:55
C10755,2016-07-02 01:55:35,2016-12-23 20:05:44
C05078,2016-07-02 01:57:11,2016-12-27 20:22:13
C11227,2016-07-02 02:00:32,2016-12-29 20:33:29
C02342,2016-07-02 02:01:03,2016-12-29 23:01:56
C12907,2016-07-02 02:01:09,2016-12-30 22:00:51
C05996,2016-07-02 02:05:57,2016-12-24 23:47:36
C08027,2016-07-02 02:09:10,2016-12-28 23:34:58
C06055,2016-07-02 02:09:45,2016-12-26 21:38:51
C12682,2016-07-02 02:18:43,2016-12-27 16:40:39
C10270,2016-07-02 02:22:06,2016-12-27 19:36:50
C12598,2016-07-02 02:23:37,2016-12-28 20:27:57
C12982,2016-07-02 02:26:37,2016-12-21 23:44:25
C06147,2016-07-02 02:27:15,2016-12-28 22:26:17
C13440,2016-07-02 02:27:42,2016-12-30 23:32:10
C03351,2016-07-02 02:28:25,2016-12-30 17:55:41
C12722,2016-07-02 02:31:48,2016-12-05 21:13:53
C04361,2016-07-02 02:34:17,2016-12-27 22:25:25
C00614,2016-07-02 02:34:25,2016-12-30 22:58:09
C10867,2016-07-02 02:35:00,2016-12-28 22:39:04
C10852,2016-07-02 02:35:54,2016-12-28 16:22:41
C06885,2016-07-02 02:38:01,2016-12-28 20:14:42
C06811,2016-07-02 02:39:21,2016-12-28 00:43:01
C09671,2016-07-02 02:41:07,2016-12-27 17:48:10
C07033,2016-07-02 02:41:51,2016-12-28 19:58:51
C03771,2016-07-02 02:42:48,2016-12-28 15:10:16
C09165,2016-07-02 02:43:45,2016-12-28 23:20:33
C12084,2016-07-02 02:46:18,2016-12-30 23:51:50
C03851,2016-07-02 02:46:46,2016-12-28 14:28:25
C01333,2016-07-02 02:46:54,2016-12-29 23:18:34
C01521,2016-07-02 02:48:00,2016-12-28 23:01:08
C09750,2016-07-02 02:51:11,2016-12-24 20:29:31
C00844,2016-07-02 02:54:32,2016-12-25 15:16:52
C07220,2016-07-02 02:56:42,2016-12-30 01:32:18
C01563,2016-07-02 03:00:29,2016-11-14 23:39:05
C01954,2016-07-02 03:00:30,2016-12-27 22:13:21
C13449,2016-07-02 03:09:36,2016-12-30 15:14:13
C10955,2016-07-02 03:11:38,2016-12-29 18:07:08
C10516,2016-07-02 03:13:27,2016-12-29 12:47:09
C04582,2016-07-02 03:14:29,2016-12-25 23:58:01
C02134,2016-07-02 03:14:52,2016-12-29 19:25:38
C00331,2016-07-02 03:17:55,2016-12-29 18:37:56
C02608,2016-07-02 03:22:23,2016-12-28 15:00:10
C06403,2016-07-02 03:25:00,2016-12-28 22:15:15
C05196,2016-07-02 03:33:25,2016-12-24 01:22:44
C00969,2016-07-02 03:43:16,2016-12-30 23:41:28
C00732,2016-07-02 03:45:04,2016-11-29 19:13:36
C00094,2016-07-02 03:45:41,2016-12-30 15:26:23
C02902,2016-07-02 03:45:49,2016-12-30 21:54:37
C03412,2016-07-02 03:45:54,2016-12-20 03:01:00
C10239,2016-07-02 03:47:14,2016-11-28 21:00:33
C07058,2016-07-02 03:48:00,2016-12-21 14:17:29
C11883,2016-07-02 03:55:32,2016-07-12 21:09:24
C03474,2016-07-02 03:58:28,2016-12-29 20:49:09
C03649,2016-07-02 04:02:27,2016-12-25 20:14:40
C05958,2016-07-02 04:03:12,2016-12-29 13:55:26
C07803,2016-07-02 04:06:01,2016-12-12 20:30:46
C12124,2016-07-02 04:07:51,2016-12-30 16:16:42
C07523,2016-07-02 04:08:47,2016-12-29 22:02:18
C09184,2016-07-02 04:10:18,2016-12-25 18:42:44
C05128,2016-07-02 04:11:52,2016-12-30 20:44:38
C04034,2016-07-02 04:16:27,2016-12-30 22:09:53
C03556,2016-07-02 04:21:44,2016-11-02 02:25:14
C08120,2016-07-02 04:25:12,2016-12-27 00:41:37
C05961,2016-07-02 04:35:35,2016-12-29 21:06:46
C05098,2016-07-02 04:42:36,2016-11-16 22:01:47
C10778,2016-07-02 04:48:30,2016-12-04 15:23:40
C05276,2016-07-02 04:49:05,2016-12-26 12:49:45
C11309,2016-07-02 04:53:54,2016-12-29 21:58:34
C05277,2016-07-02 04:58:38,2016-12-19 21:27:16
C10397,2016-07-02 05:01:39,2016-12-14 20:59:55
C04313,2016-07-02 05:03:47,2016-12-22 22:40:39
C11873,2016-07-02 05:09:48,2016-12-29 18:06:08
C10553,2016-07-02 05:15:29,2016-12-29 21:49:53
C05010,2016-07-02 05:18:40,2016-12-10 14:31:14
C11929,2016-07-02 05:33:59,2016-12-30 18:44:18
C08749,2016-07-02 05:40:33,2016-11-30 23:38:21
C06678,2016-07-02 05:43:59,2016-12-29 22:17:40
C13372,2016-07-02 05:52:45,2016-12-14 01:02:24
C09827,2016-07-02 05:55:25,2016-12-28 19:23:14
C05258,2016-07-02 06:03:03,2016-11-16 16:28:10
C01959,2016-07-02 06:29:24,2016-11-29 15:06:05
C03883,2016-07-02 06:30:53,2016-07-02 06:30:53
C07227,2016-07-02 06:40:27,2016-12-28 17:57:51
C03858,2016-07-02 07:13:23,2016-12-20 06:23:14
C07504,2016-07-02 07:14:17,2016-12-22 17:32:56
C04707,2016-07-02 07:19:07,2016-09-29 16:13:18
C11917,2016-07-02 07:31:02,2016-11-25 23:05:06
C11468,2016-07-02 08:16:15,2016-12-23 22:08:30
C07936,2016-07-02 09:39:44,2016-12-29 22:29:45
C00773,2016-07-02 09:58:19,2016-12-30 21:55:29
C01347,2016-07-02 10:09:18,2016-12-28 15:34:16
C11294,2016-07-02 11:19:45,2016-12-29 22:20:36
C10911,2016-07-02 11:53:32,2016-12-24 01:52:05
C02575,2016-07-02 12:01:01,2016-12-30 18:14:07
C11743,2016-07-02 12:02:24,2016-12-28 15:54:29
C09286,2016-07-02 12:16:30,2016-12-28 00:49:00
C12426,2016-07-02 12:23:48,2016-12-29 22:07:19
C04893,2016-07-02 12:32:13,2016-12-30 22:01:10
C12311,2016-07-02 12:38:58,2016-12-29 17:01:15
C07858,2016-07-02 12:48:10,2016-12-30 23:50:00
C04543,2016-07-02 13:01:02,2016-12-25 11:10:44
C12417,2016-07-02 13:05:12,2016-12-23 21:43:52
C00129,2016-07-02 13:08:11,2016-12-30 17:05:10
C01254,2016-07-02 13:08:43,2016-12-24 20:13:18
C08072,2016-07-02 13:09:58,2016-12-28 15:34:30
C04383,2016-07-02 13:15:40,2016-12-08 18:33:09
C04798,2016-07-02 13:20:11,2016-12-29 21:53:10
C09666,2016-07-02 13:20:37,2016-12-30 21:13:10
C04696,2016-07-02 13:21:17,2016-11-05 19:33:09
C08824,2016-07-02 13:22:52,2016-12-27 17:12:12
C09876,2016-07-02 13:26:57,2016-12-25 19:46:37
C05876,2016-07-02 13:34:01,2016-12-29 21:31:25
C07871,2016-07-02 13:36:36,2016-12-30 01:27:39
C12894,2016-07-02 13:36:45,2016-12-29 13:57:10
C04026,2016-07-02 13:37:02,2016-12-28 12:49:41
C01974,2016-07-02 13:38:55,2016-12-19 16:31:32
C04693,2016-07-02 13:42:01,2016-12-06 09:28:24
C10364,2016-07-02 13:43:30,2016-12-22 17:03:05
C09981,2016-07-02 13:50:20,2016-12-30 13:33:35
C08181,2016-07-02 13:56:34,2016-12-08 21:33:54
C12833,2016-07-02 13:56:46,2016-12-01 21:04:24
C05782,2016-07-02 13:59:48,2016-12-28 23:46:36
C10661,2016-07-02 14:00:09,2016-12-28 23:06:37
C07456,2016-07-02 14:01:01,2016-12-29 17:17:54
C08913,2016-07-02 14:08:59,2016-12-28 14:20:28
C09159,2016-07-02 14:13:47,2016-12-30 20:50:24
C12572,2016-07-02 14:22:19,2016-12-18 22:37:20
C11522,2016-07-02 14:41:06,2016-12-29 23:51:41
C11061,2016-07-02 14:42:24,2016-11-25 01:13:06
C03171,2016-07-02 14:52:10,2016-12-07 20:17:22
C10800,2016-07-02 14:53:12,2016-12-27 13:03:36
C10687,2016-07-02 14:56:03,2016-12-26 15:55:32
C02817,2016-07-02 14:57:17,2016-07-31 21:17:58
C03714,2016-07-02 14:58:23,2016-12-30 12:33:21
C07671,2016-07-02 14:58:42,2016-12-28 23:51:58
C08614,2016-07-02 14:59:19,2016-12-29 16:18:07
C12489,2016-07-02 15:04:37,2016-07-26 00:28:46
C11381,2016-07-02 15:09:05,2016-12-29 00:09:20
C01308,2016-07-02 15:10:04,2016-12-26 01:35:20
C00823,2016-07-02 15:10:57,2016-12-20 13:42:58
C00424,2016-07-02 15:14:06,2016-12-17 17:09:29
C09342,2016-07-02 15:17:09,2016-11-02 16:16:16
C13033,2016-07-02 15:19:41,2016-12-28 17:04:49
C12738,2016-07-02 15:19:54,2016-12-26 10:49:32
C02480,2016-07-02 15:21:07,2016-12-29 23:46:26
C03415,2016-07-02 15:22:01,2016-08-18 18:17:53
C08269,2016-07-02 15:22:38,2016-12-28 00:20:57
C12030,2016-07-02 15:24:07,2016-12-27 13:23:56
C12345,2016-07-02 15:24:15,2016-12-14 03:38:21
C11082,2016-07-02 15:24:27,2016-12-28 17:35:13
C04865,2016-07-02 15:24:49,2016-12-30 22:40:13
C03320,2016-07-02 15:27:34,2016-11-30 17:31:29
C08899,2016-07-02 15:31:36,2016-12-04 14:19:27
C02309,2016-07-02 15:33:35,2016-12-27 21:32:30
C02380,2016-07-02 15:41:55,2016-12-28 14:46:02
C11539,2016-07-02 15:43:35,2016-12-28 22:33:17
C12829,2016-07-02 15:44:47,2016-07-02 15:44:47
C03405,2016-07-02 15:47:07,2016-12-29 20:30:42
C01374,2016-07-02 15:51:55,2016-12-29 19:17:52
C06253,2016-07-02 15:52:02,2016-12-24 00:24:28
C04762,2016-07-02 15:52:39,2016-12-30 20:15:02
C07919,2016-07-02 15:53:25,2016-12-28 23:46:48
C10715,2016-07-02 15:53:29,2016-12-28 17:43:58
C06888,2016-07-02 16:00:50,2016-07-22 19:53:23
C06890,2016-07-02 16:02:59,2016-10-18 18:05:33
C05595,2016-07-02 16:05:35,2016-12-28 22:43:11
C00051,2016-07-02 16:05:54,2016-12-29 22:01:35
C02923,2016-07-02 16:06:18,2016-12-10 23:28:09
C12676,2016-07-02 16:10:50,2016-11-20 12:36:42
C08598,2016-07-02 16:14:26,2016-12-13 13:20:01
C01252,2016-07-02 16:20:27,2016-09-02 20:30:02
C05443,2016-07-02 16:23:17,2016-12-30 23:49:38
C07387,2016-07-02 16:23:39,2016-12-09 18:40:05
C06481,2016-07-02 16:23:49,2016-12-29 23:52:12
C09584,2016-07-02 16:24:31,2016-12-08 22:11:10
C04478,2016-07-02 16:27:00,2016-10-29 17:42:07
C04834,2016-07-02 16:36:13,2016-12-19 16:54:27
C08635,2016-07-02 16:37:51,2016-12-30 01:14:47
C03488,2016-07-02 16:42:21,2016-12-29 01:01:58
C11005,2016-07-02 16:45:01,2016-12-29 21:29:25
C02764,2016-07-02 16:45:53,2016-12-29 18:14:21
C13259,2016-07-02 16:46:35,2016-11-18 01:47:42
C11059,2016-07-02 16:47:31,2016-12-28 16:13:15
C10585,2016-07-02 16:52:34,2016-12-27 01:11:06
C05115,2016-07-02 16:53:46,2016-12-28 20:49:47
C13516,2016-07-02 16:55:08,2016-12-24 21:27:24
C03667,2016-07-02 16:56:48,2016-09-02 16:41:59
C04709,2016-07-02 16:58:25,2016-12-29 23:14:36
C11702,2016-07-02 17:00:55,2016-12-24 02:33:43
C01010,2016-07-02 17:03:31,2016-12-28 18:09:46
C09657,2016-07-02 17:06:41,2016-12-30 19:18:07
C13354,2016-07-02 17:12:50,2016-12-29 17:27:57
C07215,2016-07-02 17:15:17,2016-12-17 15:21:25
C06348,2016-07-02 17:15:31,2016-12-29 21:24:15
C01110,2016-07-02 17:16:12,2016-12-15 21:15:00
C01061,2016-07-02 17:24:07,2016-07-13 18:52:23
C09820,2016-07-02 17:27:00,2016-12-29 18:17:14
C05171,2016-07-02 17:27:37,2016-12-26 21:00:07
C09420,2016-07-02 17:32:32,2016-12-28 15:09:24
C11583,2016-07-02 17:35:52,2016-12-14 17:21:50
C11906,2016-07-02 17:38:30,2016-12-28 16:26:25
C12652,2016-07-02 17:42:23,2016-10-02 18:41:10
C00059,2016-07-02 17:43:33,2016-12-29 13:13:40
C01286,2016-07-02 17:44:46,2016-11-06 03:41:05
C11852,2016-07-02 17:46:28,2016-12-28 23:13:10
C12981,2016-07-02 17:46:28,2016-12-29 18:28:54
C07335,2016-07-02 17:47:54,2016-12-16 01:25:33
C04062,2016-07-02 17:50:10,2016-12-27 18:39:30
C11176,2016-07-02 17:51:46,2016-07-02 17:51:46
C00089,2016-07-02 17:53:03,2016-12-28 02:41:45
C05448,2016-07-02 17:54:25,2016-12-23 12:10:40
C06327,2016-07-02 17:55:41,2016-12-24 03:26:48
C04525,2016-07-02 17:55:42,2016-12-25 22:54:20
C10320,2016-07-02 17:58:58,2016-12-24 22:01:19
C11768,2016-07-02 18:00:07,2016-11-29 20:09:30
C02566,2016-07-02 18:00:30,2016-07-26 18:53:59
C10900,2016-07-02 18:02:09,2016-12-23 20:26:28
C11701,2016-07-02 18:02:16,2016-07-06 22:15:39
C02646,2016-07-02 18:03:42,2016-11-10 18:07:43
C04764,2016-07-02 18:03:53,2016-12-21 17:09:55
C02930,2016-07-02 18:04:51,2016-12-25 12:04:28
C11216,2016-07-02 18:12:41,2016-12-24 20:39:40
C07149,2016-07-02 18:14:33,2016-12-30 23:25:43
C09354,2016-07-02 18:16:09,2016-12-28 18:11:04
C01248,2016-07-02 18:17:56,2016-10-21 22:13:04
C03651,2016-07-02 18:18:38,2016-12-29 16:42:06
C03722,2016-07-02 18:18:53,2016-12-27 19:38:59
C07741,2016-07-02 18:19:09,2016-12-28 20:01:35
C04701,2016-07-02 18:20:12,2016-12-13 10:13:21
C07997,2016-07-02 18:20:46,2016-12-27 10:19:39
C01942,2016-07-02 18:22:32,2016-12-16 01:21:05
C10006,2016-07-02 18:29:39,2016-12-30 20:38:52
C03204,2016-07-02 18:30:30,2016-09-18 16:22:02
C08695,2016-07-02 18:32:09,2016-12-23 02:54:52
C08775,2016-07-02 18:33:03,2016-12-10 18:39:47
C09191,2016-07-02 18:34:28,2016-10-07 19:11:34
C13053,2016-07-02 18:39:33,2016-12-25 15:43:18
C08542,2016-07-02 18:39:44,2016-12-21 22:17:16
C11687,2016-07-02 18:41:01,2016-12-26 23:16:56
C03839,2016-07-02 18:43:16,2016-12-30 11:24:50
C09087,2016-07-02 18:43:58,2016-12-22 15:31:24
C07276,2016-07-02 18:44:06,2016-08-30 17:14:21
C08321,2016-07-02 18:45:15,2016-11-23 03:12:00
C13346,2016-07-02 18:47:47,2016-12-18 14:41:36
C11494,2016-07-02 18:49:30,2016-12-23 17:05:54
C07889,2016-07-02 18:51:07,2016-12-14 16:22:10
C04408,2016-07-02 18:53:32,2016-12-28 21:15:58
C02346,2016-07-02 18:54:52,2016-12-30 18:53:12
C03411,2016-07-02 18:55:08,2016-12-29 21:54:56
C01337,2016-07-02 18:58:24,2016-12-28 12:02:37
C09650,2016-07-02 19:04:53,2016-12-21 13:10:04
C01988,2016-07-02 19:08:39,2016-12-06 03:19:53
C04118,2016-07-02 19:10:43,2016-12-30 19:50:28
C00195,2016-07-02 19:11:06,2016-12-23 12:34:06
C03670,2016-07-02 19:14:25,2016-10-31 18:57:28
C06845,2016-07-02 19:15:00,2016-12-27 01:48:17
C05318,2016-07-02 19:15:10,2016-12-28 18:37:59
C05164,2016-07-02 19:17:39,2016-12-07 16:13:16
C12097,2016-07-02 19:22:40,2016-12-28 18:15:10
C08597,2016-07-02 19:23:37,2016-12-28 22:38:01
C04112,2016-07-02 19:25:05,2016-12-26 17:28:55
C12003,2016-07-02 19:27:53,2016-12-24 23:42:02
C06658,2016-07-02 19:27:55,2016-12-26 15:16:13
C07906,2016-07-02 19:33:15,2016-07-02 19:33:15
C04285,2016-07-02 19:33:35,2016-12-30 21:09:49
C12542,2016-07-02 19:34:05,2016-12-24 15:06:23
C00409,2016-07-02 19:34:37,2016-12-25 18:30:38
C00101,2016-07-02 19:37:50,2016-11-09 22:13:14
C02456,2016-07-02 19:38:48,2016-12-30 23:51:50
C12060,2016-07-02 19:39:38,2016-12-29 16:55:03
C02094,2016-07-02 19:39:57,2016-12-24 22:11:37
C10915,2016-07-02 19:44:47,2016-12-22 11:46:41
C13542,2016-07-02 19:49:18,2016-12-14 23:50:48
C08622,2016-07-02 19:51:38,2016-12-12 00:06:59
C09261,2016-07-02 19:52:18,2016-12-14 14:54:07
C11441,2016-07-02 19:55:21,2016-09-23 01:27:30
C01735,2016-07-02 20:00:17,2016-12-04 11:13:06
C05129,2016-07-02 20:10:06,2016-12-30 16:17:36
C11257,2016-07-02 20:13:23,2016-11-12 16:54:44
C07076,2016-07-02 20:13:39,2016-12-29 18:36:41
C10760,2016-07-02 20:14:38,2016-12-30 21:47:39
C03787,2016-07-02 20:18:02,2016-12-18 18:21:22
C13337,2016-07-02 20:22:31,2016-12-18 20:20:16
C05011,2016-07-02 20:25:15,2016-12-27 02:18:38
C08422,2016-07-02 20:30:15,2016-11-22 08:44:39
C10752,2016-07-02 20:32:11,2016-12-18 00:17:26
C11533,2016-07-02 20:32:39,2016-12-29 12:11:29
C11662,2016-07-02 20:33:34,2016-08-19 18:37:41
C06552,2016-07-02 20:33:46,2016-12-28 10:31:37
C06800,2016-07-02 20:37:07,2016-12-23 01:06:43
C00642,2016-07-02 20:37:58,2016-12-30 19:40:26
C04352,2016-07-02 20:39:21,2016-12-28 00:15:24
C01706,2016-07-02 20:43:57,2016-12-14 14:29:07
C03532,2016-07-02 20:45:33,2016-12-29 00:38:41
C05120,2016-07-02 20:45:35,2016-09-12 01:11:54
C10873,2016-07-02 20:50:12,2016-12-29 10:04:43
C07847,2016-07-02 20:54:31,2016-12-28 21:27:33
C08460,2016-07-02 20:58:17,2016-12-28 18:30:31
C10386,2016-07-02 20:58:28,2016-12-18 18:11:25
C04157,2016-07-02 21:02:46,2016-12-04 17:48:12
C13328,2016-07-02 21:03:56,2016-12-29 21:51:15
C01855,2016-07-02 21:04:34,2016-12-30 23:25:58
C09064,2016-07-02 21:06:46,2016-12-28 15:17:05
C03201,2016-07-02 21:06:52,2016-12-24 19:43:00
C09274,2016-07-02 21:06:57,2016-12-29 21:36:51
C04248,2016-07-02 21:07:28,2016-12-28 03:42:42
C06388,2016-07-02 21:08:11,2016-12-24 17:28:15
C12321,2016-07-02 21:08:33,2016-11-25 16:25:17
C04548,2016-07-02 21:10:08,2016-12-28 00:01:34
C07336,2016-07-02 21:13:46,2016-12-17 13:39:24
C09608,2016-07-02 21:15:47,2016-12-14 20:48:13
C00509,2016-07-02 21:16:09,2016-11-25 03:07:21
C03299,2016-07-02 21:20:11,2016-12-28 00:44:39
C11319,2016-07-02 21:26:39,2016-12-27 16:15:09
C10946,2016-07-02 21:26:53,2016-07-02 21:26:53
C07954,2016-07-02 21:29:02,2016-12-26 20:38:43
C00522,2016-07-02 21:29:06,2016-12-28 20:32:19
C03042,2016-07-02 21:33:32,2016-12-27 19:16:03
C12626,2016-07-02 21:36:56,2016-12-25 23:00:08
C05576,2016-07-02 21:39:30,2016-11-01 20:28:28
C11362,2016-07-02 21:40:29,2016-12-24 17:32:09
C13117,2016-07-02 21:41:54,2016-11-01 14:17:29
C06840,2016-07-02 21:43:07,2016-12-27 01:21:05
C02708,2016-07-02 21:44:48,2016-12-24 02:46:34
C05393,2016-07-02 21:48:39,2016-07-09 16:26:55
C13408,2016-07-02 21:49:21,2016-11-17 11:07:12
C01782,2016-07-02 21:50:31,2016-12-29 21:18:57
C08780,2016-07-02 21:59:33,2016-09-19 00:18:07
C00779,2016-07-02 22:01:55,2016-12-28 19:06:06
C09795,2016-07-02 22:07:16,2016-12-22 13:38:05
C06681,2016-07-02 22:07:29,2016-12-22 21:20:18
C10015,2016-07-02 22:12:20,2016-12-16 12:39:21
C03933,2016-07-02 22:14:48,2016-12-30 20:28:11
C11872,2016-07-02 22:15:42,2016-11-26 21:17:29
C00081,2016-07-02 22:16:22,2016-12-28 00:34:49
C03696,2016-07-02 22:19:15,2016-12-24 14:27:17
C11726,2016-07-02 22:21:10,2016-11-24 01:39:32
C10365,2016-07-02 22:23:18,2016-12-28 22:06:21
C12826,2016-07-02 22:25:52,2016-12-22 19:12:01
C08240,2016-07-02 22:32:05,2016-12-17 19:43:13
C01002,2016-07-02 22:33:31,2016-12-29 05:01:34
C05820,2016-07-02 22:34:57,2016-12-30 13:17:48
C03449,2016-07-02 22:36:19,2016-12-13 01:48:42
C09733,2016-07-02 22:40:22,2016-12-28 21:34:00
C07626,2016-07-02 22:41:54,2016-12-30 17:01:14
C02780,2016-07-02 22:47:54,2016-12-29 20:08:32
C06873,2016-07-02 22:49:49,2016-12-23 23:24:02
C06438,2016-07-02 22:53:08,2016-12-29 01:11:43
C04281,2016-07-02 22:56:29,2016-07-24 20:08:46
C10227,2016-07-02 22:57:09,2016-07-02 22:57:09
C01661,2016-07-02 22:58:50,2016-12-15 18:31:23
C00386,2016-07-02 22:59:20,2016-12-22 16:25:58
C03061,2016-07-02 23:05:10,2016-12-02 22:52:38
C06306,2016-07-02 23:06:04,2016-11-19 00:17:04
C00543,2016-07-02 23:11:56,2016-12-29 23:45:06
C08875,2016-07-02 23:14:14,2016-12-02 21:13:03
C02112,2016-07-02 23:16:18,2016-12-17 18:09:29
C13486,2016-07-02 23:17:52,2016-12-29 22:31:19
C03024,2016-07-02 23:18:52,2016-12-30 21:00:56
C00704,2016-07-02 23:20:23,2016-12-27 17:30:49
C11479,2016-07-02 23:20:46,2016-12-26 20:36:16
C09742,2016-07-02 23:21:44,2016-12-27 23:08:35
C10949,2016-07-02 23:25:25,2016-12-23 21:36:11
C09289,2016-07-02 23:25:40,2016-12-26 02:29:57
C11590,2016-07-02 23:28:49,2016-07-02 23:28:49
C10922,2016-07-02 23:29:27,2016-12-18 16:24:33
C01979,2016-07-02 23:31:09,2016-12-29 22:15:01
C10998,2016-07-02 23:42:47,2016-10-29 19:22:41
C13015,2016-07-02 23:44:35,2016-12-29 15:47:11
C09362,2016-07-02 23:45:59,2016-12-22 14:11:20
C00213,2016-07-02 23:48:03,2016-12-20 12:48:22
C05289,2016-07-02 23:49:01,2016-12-31 23:34:12
C06683,2016-07-02 23:50:18,2016-12-23 23:47:10
C04075,2016-07-02 23:50:51,2016-12-29 06:40:59
C13512,2016-07-02 23:51:09,2016-12-30 23:51:29
C07641,2016-07-02 23:51:32,2016-12-18 11:35:03
C11509,2016-07-02 23:51:35,2016-12-31 22:19:06
C12289,2016-07-02 23:52:28,2016-12-12 21:57:43
C01390,2016-07-02 23:55:24,2016-12-20 03:05:25
C12796,2016-07-03 00:00:00,2016-12-05 18:49:30
C12841,2016-07-03 00:00:30,2016-12-11 16:20:01
C08447,2016-07-03 00:01:50,2016-12-11 02:10:51
C08719,2016-07-03 00:02:29,2016-08-01 00:40:43
C01119,2016-07-03 00:04:01,2016-12-31 22:28:30
C09365,2016-07-03 00:08:16,2016-12-31 20:26:31
C04025,2016-07-03 00:09:32,2016-08-06 22:51:29
C11489,2016-07-03 00:09:54,2016-12-24 08:51:27
C03085,2016-07-03 00:12:00,2016-12-26 14:58:16
C09791,2016-07-03 00:14:19,2016-12-26 02:13:02
C06220,2016-07-03 00:15:00,2016-12-30 20:40:49
C12712,2016-07-03 00:15:11,2016-12-13 16:01:48
C02740,2016-07-03 00:16:05,2016-12-31 20:18:18
C06190,2016-07-03 00:16:27,2016-12-31 00:18:24
C11543,2016-07-03 00:18:13,2016-12-31 22:54:08
C08219,2016-07-03 00:19:17,2016-12-25 23:38:29
C04083,2016-07-03 00:22:18,2016-12-19 19:12:21
C02962,2016-07-03 00:25:24,2016-12-25 13:59:26
C05542,2016-07-03 00:25:26,2016-07-03 00:25:26
C06940,2016-07-03 00:25:28,2016-12-24 05:38:32
C00067,2016-07-03 00:25:44,2016-12-26 17:49:26
C06644,2016-07-03 00:27:08,2016-11-19 01:05:19
C02198,2016-07-03 00:27:50,2016-12-26 12:39:00
C09902,2016-07-03 00:28:50,2016-12-31 16:15:33
C05969,2016-07-03 00:29:55,2016-11-17 19:31:09
C12852,2016-07-03 00:30:28,2016-10-30 00:58:34
C05327,2016-07-03 00:31:10,2016-12-18 02:09:15
C01296,2016-07-03 00:33:55,2016-07-03 01:14:52
C02398,2016-07-03 00:34:03,2016-12-26 16:02:08
C01618,2016-07-03 00:34:07,2016-12-31 19:03:55
C13227,2016-07-03 00:34:19,2016-12-28 21:48:53
C09710,2016-07-03 00:34:44,2016-12-13 20:59:03
C00854,2016-07-03 00:35:59,2016-12-31 23:58:51
C04288,2016-07-03 00:36:29,2016-10-04 17:40:16
C13054,2016-07-03 00:38:38,2016-12-27 22:14:11
C07987,2016-07-03 00:38:45,2016-12-31 22:55:46
C12166,2016-07-03 00:40:14,2016-12-31 23:20:14
C02855,2016-07-03 00:42:56,2016-12-01 00:29:01
C06224,2016-07-03 00:45:08,2016-12-31 23:55:35
C06031,2016-07-03 00:45:34,2016-12-31 21:51:02
C02897,2016-07-03 00:47:47,2016-12-31 18:03:28
C04030,2016-07-03 00:50:04,2016-11-19 21:28:02
C11045,2016-07-03 00:54:06,2016-09-20 13:00:55
C02076,2016-07-03 00:54:20,2016-12-22 12:32:34
C09933,2016-07-03 00:57:14,2016-12-31 23:57:27
C03427,2016-07-03 00:58:01,2016-12-31 18:45:22
C01860,2016-07-03 01:00:07,2016-12-27 16:11:28
C05259,2016-07-03 01:01:14,2016-12-27 18:41:43
C10469,2016-07-03 01:03:50,2016-12-29 15:09:59
C10570,2016-07-03 01:04:04,2016-08-10 23:55:31
C11973,2016-07-03 01:04:17,2016-12-31 03:43:18
C11380,2016-07-03 01:04:52,2016-12-06 18:22:53
C01818,2016-07-03 01:05:44,2016-12-31 10:56:36
C03549,2016-07-03 01:06:11,2016-12-30 16:29:48
C11249,2016-07-03 01:08:27,2016-12-30 23:39:14
C04500,2016-07-03 01:09:30,2016-12-27 21:00:59
C01776,2016-07-03 01:10:51,2016-12-23 12:17:25
C05061,2016-07-03 01:11:52,2016-12-31 14:00:17
C12519,2016-07-03 01:13:55,2016-12-29 16:10:22
C10968,2016-07-03 01:14:09,2016-12-16 18:35:35
C10849,2016-07-03 01:14:23,2016-10-22 17:38:41
C02437,2016-07-03 01:15:07,2016-07-03 01:15:07
C05332,2016-07-03 01:16:51,2016-12-19 13:29:14
C05973,2016-07-03 01:16:52,2016-12-31 23:55:40
C04434,2016-07-03 01:17:39,2016-12-27 01:30:17
C09911,2016-07-03 01:17:50,2016-11-22 22:35:39
C13290,2016-07-03 01:21:42,2016-12-27 13:35:55
C00249,2016-07-03 01:23:01,2016-12-21 16:58:05
C13114,2016-07-03 01:25:24,2016-12-29 22:39:05
C08461,2016-07-03 01:30:06,2016-12-10 23:03:45
C10383,2016-07-03 01:31:04,2016-12-31 22:35:09
C04186,2016-07-03 01:33:24,2016-12-17 22:05:24
C07608,2016-07-03 01:34:29,2016-07-21 18:22:20
C00382,2016-07-03 01:35:58,2016-11-17 18:55:54
C09560,2016-07-03 01:36:19,2016-11-23 18:39:20
C02867,2016-07-03 01:40:28,2016-12-24 17:45:02
C08872,2016-07-03 01:40:34,2016-12-29 22:17:22
C10507,2016-07-03 01:41:15,2016-12-31 19:28:14
C04983,2016-07-03 01:41:33,2016-07-03 23:45:12
C03738,2016-07-03 01:42:14,2016-12-31 21:27:06
C05513,2016-07-03 01:43:21,2016-12-26 15:26:28
C07581,2016-07-03 01:45:53,2016-12-29 23:41:32
C06705,2016-07-03 01:48:39,2016-12-05 14:30:47
C10562,2016-07-03 01:48:41,2016-12-10 15:07:33
C08709,2016-07-03 01:50:32,2016-12-27 21:32:37
C06208,2016-07-03 01:52:10,2016-12-31 11:54:21
C00594,2016-07-03 01:52:44,2016-12-28 16:39:03
C09579,2016-07-03 01:53:38,2016-12-06 02:56:57
C02516,2016-07-03 01:54:30,2016-12-25 13:23:08
C01387,2016-07-03 01:55:09,2016-12-19 21:52:08
C11781,2016-07-03 01:55:31,2016-12-24 09:45:20
C10112,2016-07-03 01:55:45,2016-12-28 12:45:08
C01864,2016-07-03 01:58:40,2016-12-24 04:42:40
C09826,2016-07-03 02:00:28,2016-12-29 23:46:17
C11010,2016-07-03 02:01:22,2016-12-31 02:44:21
C10575,2016-07-03 02:03:33,2016-07-04 19:29:51
C10599,2016-07-03 02:04:21,2016-12-28 20:14:33
C02321,2016-07-03 02:05:43,2016-12-28 17:33:38
C10326,2016-07-03 02:06:49,2016-12-17 22:45:49
C02765,2016-07-03 02:07:54,2016-11-16 01:44:42
C06331,2016-07-03 02:11:34,2016-12-31 20:18:41
C01509,2016-07-03 02:11:57,2016-11-14 06:17:43
C10927,2016-07-03 02:15:01,2016-07-03 02:15:01
C02132,2016-07-03 02:17:02,2016-12-02 21:54:55
C11545,2016-07-03 02:18:29,2016-07-03 02:18:29
C07845,2016-07-03 02:18:46,2016-12-29 15:54:48
C04957,2016-07-03 02:18:55,2016-12-22 20:24:20
C06631,2016-07-03 02:19:28,2016-12-28 21:06:19
C05459,2016-07-03 02:20:51,2016-12-15 01:04:39
C08112,2016-07-03 02:24:17,2016-12-16 23:47:54
C09251,2016-07-03 02:32:32,2016-12-31 19:47:13
C01977,2016-07-03 02:39:50,2016-12-26 00:53:46
C04708,2016-07-03 02:41:33,2016-07-03 02:41:33
C08793,2016-07-03 02:42:08,2016-11-27 18:28:14
C00189,2016-07-03 02:45:24,2016-12-20 01:48:43
C05924,2016-07-03 02:46:41,2016-10-07 21:40:21
C00426,2016-07-03 02:54:23,2016-12-28 02:03:59
C00803,2016-07-03 02:58:55,2016-12-23 12:35:22
C05551,2016-07-03 03:02:05,2016-12-31 21:00:40
C00915,2016-07-03 03:03:23,2016-12-28 17:08:57
C09556,2016-07-03 03:04:15,2016-12-27 02:05:42
C11140,2016-07-03 03:07:44,2016-12-28 01:36:39
C08127,2016-07-03 03:10:01,2016-12-23 23:26:39
C12602,2016-07-03 03:10:20,2016-12-29 15:59:56
C01222,2016-07-03 03:10:34,2016-12-29 02:36:36
C12512,2016-07-03 03:13:06,2016-12-30 02:14:40
C09454,2016-07-03 03:16:30,2016-12-31 00:26:47
C03125,2016-07-03 03:19:24,2016-12-31 13:02:29
C08420,2016-07-03 03:22:53,2016-12-28 15:18:17
C10025,2016-07-03 03:24:36,2016-12-08 19:11:23
C07681,2016-07-03 03:26:52,2016-12-27 03:21:02
C10045,2016-07-03 03:26:59,2016-12-27 17:54:49
C13349,2016-07-03 03:27:52,2016-12-29 19:44:37
C03341,2016-07-03 03:28:06,2016-12-31 10:25:20
C05142,2016-07-03 03:29:00,2016-12-31 21:53:04
C08921,2016-07-03 03:30:58,2016-12-23 18:05:32
C04393,2016-07-03 03:32:52,2016-12-25 21:00:20
C08847,2016-07-03 03:34:24,2016-12-28 23:24:41
C08281,2016-07-03 03:36:36,2016-12-22 04:02:56
C10244,2016-07-03 03:36:51,2016-11-20 20:28:42
C11496,2016-07-03 03:40:05,2016-12-31 19:33:09
C07398,2016-07-03 03:41:12,2016-12-28 23:01:39
C12238,2016-07-03 03:46:47,2016-12-18 02:52:35
C01138,2016-07-03 03:50:04,2016-12-31 21:18:38
C02776,2016-07-03 03:50:49,2016-12-14 20:14:56
C09868,2016-07-03 04:02:52,2016-12-28 22:11:57
C03246,2016-07-03 04:04:50,2016-07-03 04:04:50
C01289,2016-07-03 04:05:16,2016-12-19 00:28:04
C13196,2016-07-03 04:09:19,2016-12-29 23:49:08
C11970,2016-07-03 04:11:45,2016-12-28 01:23:11
C04007,2016-07-03 04:16:19,2016-12-31 00:07:41
C02365,2016-07-03 04:18:48,2016-12-31 14:04:10
C10433,2016-07-03 04:23:16,2016-11-20 20:27:31
C03108,2016-07-03 04:25:13,2016-12-29 14:44:59
C04004,2016-07-03 04:26:37,2016-12-26 15:01:09
C03786,2016-07-03 04:29:57,2016-12-27 20:17:09
C01579,2016-07-03 04:37:34,2016-11-18 01:41:15
C01596,2016-07-03 04:40:06,2016-12-30 20:15:04
C07065,2016-07-03 04:42:55,2016-12-28 20:37:51
C02525,2016-07-03 04:43:12,2016-12-29 19:22:18
C00978,2016-07-03 04:44:28,2016-12-28 21:48:13
C11788,2016-07-03 04:46:03,2016-12-26 00:30:10
C08288,2016-07-03 04:46:37,2016-12-26 20:55:12
C00395,2016-07-03 04:47:44,2016-12-22 22:32:38
C04746,2016-07-03 04:49:51,2016-12-22 05:39:31
C07644,2016-07-03 04:52:33,2016-12-19 20:58:28
C05753,2016-07-03 04:55:51,2016-12-28 01:52:44
C04406,2016-07-03 04:57:31,2016-12-27 12:12:24
C02502,2016-07-03 05:08:40,2016-12-31 23:21:36
C03967,2016-07-03 05:14:31,2016-12-28 21:59:12
C07508,2016-07-03 05:14:35,2016-12-31 13:20:31
C03862,2016-07-03 05:15:10,2016-07-03 05:15:10
C01036,2016-07-03 05:16:16,2016-11-27 19:59:04
C10176,2016-07-03 05:17:16,2016-12-19 15:17:33
C00849,2016-07-03 05:24:45,2016-12-22 18:21:57
C02280,2016-07-03 05:33:31,2016-11-28 18:34:27
C03910,2016-07-03 05:34:53,2016-12-24 14:26:15
C08466,2016-07-03 05:38:24,2016-12-28 19:04:40
C10924,2016-07-03 05:44:53,2016-12-31 04:45:53
C13456,2016-07-03 06:00:37,2016-12-26 19:15:21
C06947,2016-07-03 06:28:17,2016-12-30 23:11:38
C03867,2016-07-03 06:33:23,2016-07-03 06:33:23
C13413,2016-07-03 06:34:57,2016-07-03 06:34:57
C05932,2016-07-03 06:50:48,2016-12-31 15:19:55
C10164,2016-07-03 07:03:02,2016-12-28 22:50:16
C06194,2016-07-03 07:10:58,2016-12-27 19:33:26
C11181,2016-07-03 07:17:22,2016-09-11 01:32:34
C05540,2016-07-03 07:34:11,2016-07-04 01:37:31
C02294,2016-07-03 07:44:22,2016-09-03 23:47:38
C03669,2016-07-03 07:45:55,2016-12-25 21:02:46
C05808,2016-07-03 08:19:40,2016-12-10 18:04:50
C12397,2016-07-03 08:20:09,2016-12-28 17:18:55
C03757,2016-07-03 09:08:31,2016-12-09 22:04:47
C04305,2016-07-03 09:30:11,2016-12-12 16:14:07
C08494,2016-07-03 09:41:57,2016-11-15 17:02:23
C07868,2016-07-03 10:04:47,2016-12-24 21:55:17
C04016,2016-07-03 10:14:27,2016-12-26 14:53:52
C02673,2016-07-03 10:16:50,2016-12-30 13:50:18
C04346,2016-07-03 10:22:30,2016-12-28 18:35:32
C02285,2016-07-03 10:34:40,2016-12-31 22:21:51
C12352,2016-07-03 10:51:23,2016-12-30 16:00:32
C06879,2016-07-03 11:00:47,2016-12-25 22:54:34
C09885,2016-07-03 11:04:57,2016-12-26 18:00:50
C11298,2016-07-03 11:09:50,2016-12-28 15:22:36
C02133,2016-07-03 11:12:58,2016-12-31 23:53:43
C08555,2016-07-03 11:24:35,2016-11-20 21:44:28
C13007,2016-07-03 11:33:17,2016-12-30 17:54:25
C06022,2016-07-03 11:41:29,2016-12-06 22:17:38
C06040,2016-07-03 11:43:45,2016-12-22 21:18:50
C13517,2016-07-03 11:49:17,2016-12-31 21:12:19
C10325,2016-07-03 11:55:13,2016-12-30 22:19:27
C02914,2016-07-03 12:06:03,2016-12-11 17:07:50
C06198,2016-07-03 12:17:35,2016-12-31 23:33:33
C07386,2016-07-03 12:18:13,2016-12-23 00:21:10
C05736,2016-07-03 12:19:25,2016-12-28 21:35:22
C05859,2016-07-03 12:35:15,2016-12-30 23:03:36
C06173,2016-07-03 12:36:58,2016-10-31 19:37:43
C00723,2016-07-03 12:41:56,2016-12-09 11:37:25
C05786,2016-07-03 12:43:39,2016-12-30 21:22:06
C02576,2016-07-03 12:45:27,2016-07-06 01:48:43
C08397,2016-07-03 12:45:36,2016-12-21 13:22:49
C06059,2016-07-03 12:46:45,2016-12-29 19:47:32
C12666,2016-07-03 12:47:14,2016-12-21 14:36:05
C04575,2016-07-03 12:48:20,2016-12-31 15:08:21
C10222,2016-07-03 12:52:48,2016-12-16 00:28:46
C02102,2016-07-03 12:53:42,2016-12-19 22:00:46
C07730,2016-07-03 12:56:05,2016-12-17 15:16:10
C12655,2016-07-03 12:57:19,2016-12-22 19:02:27
C06818,2016-07-03 12:58:10,2016-12-31 20:20:19
C05574,2016-07-03 12:59:08,2016-10-04 22:38:17
C06494,2016-07-03 13:02:18,2016-12-31 12:46:58
C03539,2016-07-03 13:02:39,2016-12-30 10:48:15
C09700,2016-07-03 13:02:40,2016-12-31 20:33:21
C11014,2016-07-03 13:02:51,2016-12-31 20:44:46
C09938,2016-07-03 13:08:41,2016-12-16 21:35:04
C11297,2016-07-03 13:09:04,2016-12-06 00:42:12
C04078,2016-07-03 13:16:18,2016-12-24 20:55:07
C09529,2016-07-03 13:16:26,2016-11-26 15:54:33
C03184,2016-07-03 13:18:03,2016-12-31 19:57:12
C05610,2016-07-03 13:19:50,2016-12-29 14:29:35
C02999,2016-07-03 13:22:10,2016-12-26 22:54:04
C03813,2016-07-03 13:33:33,2016-11-27 18:51:32
C03941,2016-07-03 13:33:37,2016-12-23 00:43:48
C07619,2016-07-03 13:36:43,2016-11-05 15:24:50
C02030,2016-07-03 13:37:27,2016-10-31 15:25:59
C12730,2016-07-03 13:42:31,2016-10-05 21:36:12
C09823,2016-07-03 13:43:39,2016-12-31 22:39:10
C04436,2016-07-03 13:45:48,2016-12-29 20:25:48
C02701,2016-07-03 13:46:18,2016-09-22 16:49:02
C12223,2016-07-03 13:46:25,2016-12-26 21:39:04
C02200,2016-07-03 13:47:39,2016-12-23 23:51:33
C08217,2016-07-03 13:48:51,2016-12-28 10:08:20
C06942,2016-07-03 13:51:10,2016-12-31 23:57:59
C13360,2016-07-03 13:56:29,2016-11-02 20:31:11
C05290,2016-07-03 13:57:31,2016-12-29 23:44:26
C06130,2016-07-03 13:58:00,2016-12-30 12:12:29
C06532,2016-07-03 14:02:11,2016-12-28 17:33:22
C12638,2016-07-03 14:02:59,2016-12-02 11:01:29
C08482,2016-07-03 14:03:50,2016-12-26 00:24:18
C13067,2016-07-03 14:04:51,2016-12-24 19:12:15
C12211,2016-07-03 14:08:33,2016-12-30 16:35:32
C03608,2016-07-03 14:14:06,2016-12-28 20:40:56
C03348,2016-07-03 14:17:59,2016-12-19 23:04:14
C01559,2016-07-03 14:20:11,2016-12-26 16:35:03
C08297,2016-07-03 14:23:39,2016-12-25 02:38:24
C12119,2016-07-03 14:26:27,2016-12-11 20:57:56
C03633,2016-07-03 14:27:26,2016-12-27 17:22:41
C05467,2016-07-03 14:31:19,2016-12-29 23:04:36
C04278,2016-07-03 14:33:54,2016-12-31 18:35:18
C03060,2016-07-03 14:34:12,2016-12-31 23:16:48
C04072,2016-07-03 14:38:46,2016-12-26 21:05:55
C12036,2016-07-03 14:39:05,2016-12-30 15:51:26
C00113,2016-07-03 14:43:30,2016-12-24 18:07:50
C12320,2016-07-03 14:43:32,2016-11-25 10:42:16
C05999,2016-07-03 14:43:50,2016-12-29 23:39:59
C09491,2016-07-03 14:44:04,2016-12-15 20:19:12
C03441,2016-07-03 14:46:10,2016-12-31 13:39:41
C02567,2016-07-03 14:48:10,2016-12-29 21:25:24
C09495,2016-07-03 14:48:57,2016-10-20 15:08:58
C10861,2016-07-03 14:49:09,2016-11-10 23:58:30
C12889,2016-07-03 14:50:09,2016-12-29 12:08:44
C05359,2016-07-03 14:50:42,2016-12-28 17:49:58
C11495,2016-07-03 14:54:46,2016-12-28 19:16:16
C04861,2016-07-03 14:57:14,2016-12-28 16:01:32
C04759,2016-07-03 14:57:23,2016-12-27 17:53:29
C04974,2016-07-03 14:59:26,2016-12-29 21:58:12
C03388,2016-07-03 14:59:52,2016-12-03 13:51:06
C01603,2016-07-03 15:01:25,2016-12-15 00:10:16
C07750,2016-07-03 15:01:32,2016-12-31 16:48:40
C04860,2016-07-03 15:02:51,2016-12-17 03:47:09
C02978,2016-07-03 15:04:09,2016-12-25 19:24:43
C01126,2016-07-03 15:06:33,2016-09-02 15:30:12
C02071,2016-07-03 15:08:35,2016-12-02 18:50:35
C00415,2016-07-03 15:10:02,2016-12-13 22:32:07
C11995,2016-07-03 15:12:41,2016-12-20 14:18:52
C07462,2016-07-03 15:13:01,2016-12-30 20:15:46
C08374,2016-07-03 15:15:05,2016-12-30 21:48:16
C04296,2016-07-03 15:16:15,2016-12-29 14:12:32
C00924,2016-07-03 15:16:50,2016-12-08 20:47:27
C08214,2016-07-03 15:17:20,2016-11-30 12:03:04
C04421,2016-07-03 15:18:00,2016-12-18 23:58:34
C06556,2016-07-03 15:18:04,2016-12-25 19:00:12
C06434,2016-07-03 15:20:38,2016-12-25 01:13:18
C12947,2016-07-03 15:21:02,2016-12-24 14:16:52
C01357,2016-07-03 15:22:16,2016-12-24 22:37:34
C12831,2016-07-03 15:23:51,2016-12-16 16:04:12
C00527,2016-07-03 15:24:01,2016-12-29 18:25:23
C02389,2016-07-03 15:25:47,2016-07-03 15:31:03
C00285,2016-07-03 15:26:27,2016-08-24 17:55:40
C08087,2016-07-03 15:28:20,2016-12-23 03:33:07
C06855,2016-07-03 15:29:02,2016-12-26 14:19:48
C05738,2016-07-03 15:29:52,2016-10-31 14:30:14
C05673,2016-07-03 15:30:48,2016-12-27 23:31:29
C07594,2016-07-03 15:31:41,2016-12-05 14:52:43
C13468,2016-07-03 15:34:14,2016-10-09 00:20:49
C13410,2016-07-03 15:34:35,2016-12-28 22:44:29
C06870,2016-07-03 15:36:31,2016-12-30 16:02:29
C00232,2016-07-03 15:36:34,2016-12-30 15:50:31
C12957,2016-07-03 15:36:56,2016-12-26 13:10:48
C13340,2016-07-03 15:38:15,2016-12-28 14:59:28
C10974,2016-07-03 15:38:55,2016-12-24 23:20:52
C06599,2016-07-03 15:39:02,2016-12-15 23:50:20
C06426,2016-07-03 15:43:51,2016-12-27 14:15:26
C06578,2016-07-03 15:47:24,2016-12-26 13:49:05
C04096,2016-07-03 15:48:09,2016-12-29 23:33:24
C01695,2016-07-03 15:48:25,2016-12-31 01:55:28
C06582,2016-07-03 15:49:48,2016-12-29 15:36:32
C11965,2016-07-03 15:51:01,2016-12-28 17:21:12
C05135,2016-07-03 15:52:09,2016-12-25 15:23:45
C09641,2016-07-03 15:53:33,2016-12-20 16:17:03
C03511,2016-07-03 15:54:11,2016-12-29 22:18:32
C06014,2016-07-03 15:54:57,2016-12-27 00:12:18
C11941,2016-07-03 15:57:05,2016-07-03 15:57:05
C10725,2016-07-03 15:57:11,2016-12-20 17:11:06
C05846,2016-07-03 15:58:48,2016-12-22 22:46:47
C01486,2016-07-03 15:59:30,2016-12-15 16:18:27
C13334,2016-07-03 16:01:36,2016-12-16 22:21:44
C06218,2016-07-03 16:02:49,2016-12-29 15:21:05
C09581,2016-07-03 16:04:09,2016-12-28 01:18:09
C02015,2016-07-03 16:05:18,2016-12-26 17:40:45
C02024,2016-07-03 16:07:25,2016-12-26 22:49:41
C01096,2016-07-03 16:08:00,2016-07-03 16:08:00
C08646,2016-07-03 16:08:26,2016-12-23 00:07:13
C04265,2016-07-03 16:08:36,2016-12-18 03:42:52
C02044,2016-07-03 16:08:45,2016-12-24 18:41:59
C06549,2016-07-03 16:09:39,2016-12-01 21:59:43
C00941,2016-07-03 16:13:24,2016-12-30 22:13:48
C09496,2016-07-03 16:13:53,2016-12-26 01:19:03
C05083,2016-07-03 16:15:41,2016-12-29 19:33:02
C02873,2016-07-03 16:17:36,2016-12-29 22:59:27
C01694,2016-07-03 16:17:42,2016-12-25 16:59:57
C10100,2016-07-03 16:17:49,2016-07-03 16:17:49
C03066,2016-07-03 16:19:20,2016-12-31 18:57:06
C00560,2016-07-03 16:24:00,2016-12-25 23:44:51
C13151,2016-07-03 16:24:08,2016-12-18 16:21:34
C07123,2016-07-03 16:24:59,2016-11-22 11:44:40
C09445,2016-07-03 16:27:41,2016-12-28 16:55:41
C09855,2016-07-03 16:30:03,2016-12-31 22:16:22
C08577,2016-07-03 16:31:34,2016-12-27 02:14:30
C04545,2016-07-03 16:32:47,2016-10-25 00:28:22
C03353,2016-07-03 16:34:57,2016-11-29 23:04:52
C02604,2016-07-03 16:35:25,2016-12-20 22:24:11
C08478,2016-07-03 16:35:31,2016-12-31 23:11:18
C08384,2016-07-03 16:37:50,2016-08-07 21:47:17
C12925,2016-07-03 16:40:54,2016-12-30 18:05:04
C01892,2016-07-03 16:41:19,2016-12-24 18:35:35
C05182,2016-07-03 16:41:51,2016-08-18 16:15:28
C12634,2016-07-03 16:43:53,2016-12-15 17:54:38
C02070,2016-07-03 16:44:33,2016-12-27 23:09:37
C03656,2016-07-03 16:44:45,2016-12-31 15:56:33
C03263,2016-07-03 16:49:16,2016-11-17 19:02:40
C13219,2016-07-03 16:49:16,2016-11-09 16:26:37
C00557,2016-07-03 16:49:41,2016-12-28 18:17:49
C11109,2016-07-03 16:53:16,2016-12-15 14:40:19
C11806,2016-07-03 16:56:41,2016-12-25 21:34:46
C08968,2016-07-03 16:57:30,2016-12-29 00:52:05
C13138,2016-07-03 16:59:41,2016-12-24 15:44:03
C11332,2016-07-03 17:01:46,2016-12-21 20:18:21
C13153,2016-07-03 17:01:58,2016-12-20 14:24:09
C08147,2016-07-03 17:02:27,2016-11-29 18:41:20
C01574,2016-07-03 17:04:39,2016-08-21 16:19:48
C06909,2016-07-03 17:06:40,2016-12-18 15:24:46
C12991,2016-07-03 17:08:21,2016-12-30 20:34:02
C00911,2016-07-03 17:11:20,2016-12-16 18:45:36
C01349,2016-07-03 17:11:48,2016-12-29 21:02:23
C05519,2016-07-03 17:13:18,2016-12-24 21:44:47
C03368,2016-07-03 17:14:05,2016-12-04 19:42:56
C10647,2016-07-03 17:14:12,2016-12-26 16:35:02
C04492,2016-07-03 17:15:26,2016-12-19 16:46:47
C02171,2016-07-03 17:15:52,2016-12-29 15:22:35
C13382,2016-07-03 17:16:03,2016-12-24 23:16:49
C08985,2016-07-03 17:17:22,2016-11-23 01:06:10
C05694,2016-07-03 17:17:30,2016-11-17 00:11:18
C07736,2016-07-03 17:17:50,2016-12-30 12:36:11
C04885,2016-07-03 17:18:24,2016-12-18 13:05:14
C06559,2016-07-03 17:19:47,2016-12-26 18:40:38
C00724,2016-07-03 17:19:54,2016-11-10 23:56:50
C08426,2016-07-03 17:23:45,2016-09-28 02:15:43
C09683,2016-07-03 17:24:12,2016-12-27 13:30:12
C12201,2016-07-03 17:27:08,2016-12-29 03:13:03
C07299,2016-07-03 17:29:04,2016-12-12 21:39:05
C05872,2016-07-03 17:29:10,2016-12-26 20:27:43
C08549,2016-07-03 17:31:04,2016-12-10 18:56:37
C02065,2016-07-03 17:33:14,2016-12-28 08:46:49
C13390,2016-07-03 17:34:04,2016-12-18 17:09:48
C09283,2016-07-03 17:35:33,2016-12-27 15:47:44
C02165,2016-07-03 17:39:36,2016-12-13 01:00:13
C05428,2016-07-03 17:40:42,2016-12-31 21:51:14
C11656,2016-07-03 17:42:02,2016-12-23 23:49:57
C05453,2016-07-03 17:42:05,2016-12-27 22:02:48
C12431,2016-07-03 17:45:50,2016-12-26 14:58:07
C03185,2016-07-03 17:46:12,2016-12-11 18:10:23
C11642,2016-07-03 17:46:38,2016-12-20 22:03:09
C07134,2016-07-03 17:48:24,2016-12-30 19:59:16
C11158,2016-07-03 17:50:35,2016-12-25 19:27:09
C01365,2016-07-03 17:51:11,2016-11-26 12:14:32
C01179,2016-07-03 17:54:34,2016-12-21 12:02:44
C06215,2016-07-03 17:54:48,2016-12-28 20:21:29
C09137,2016-07-03 17:54:52,2016-12-28 21:08:00
C06954,2016-07-03 17:56:50,2016-12-28 00:44:37
C08148,2016-07-03 17:58:38,2016-12-29 21:23:06
C10289,2016-07-03 17:59:21,2016-07-03 17:59:21
C12694,2016-07-03 18:00:41,2016-08-16 18:02:36
C10065,2016-07-03 18:01:16,2016-12-18 18:27:03
C12586,2016-07-03 18:06:14,2016-12-30 15:42:01
C00068,2016-07-03 18:07:43,2016-10-27 13:15:21
C11914,2016-07-03 18:07:51,2016-12-23 16:01:55
C06161,2016-07-03 18:08:36,2016-12-11 17:59:08
C11547,2016-07-03 18:09:44,2016-07-20 04:54:15
C00090,2016-07-03 18:11:59,2016-12-25 17:33:05
C03504,2016-07-03 18:12:12,2016-09-03 20:56:46
C01869,2016-07-03 18:12:57,2016-12-29 12:02:47
C00650,2016-07-03 18:13:16,2016-12-14 22:39:31
C04038,2016-07-03 18:14:07,2016-12-26 00:58:17
C06320,2016-07-03 18:15:00,2016-12-19 00:51:35
C04571,2016-07-03 18:16:22,2016-12-28 05:41:05
C07228,2016-07-03 18:18:52,2016-10-06 12:01:29
C12999,2016-07-03 18:20:42,2016-12-11 22:22:25
C00674,2016-07-03 18:21:08,2016-11-28 20:19:19
C05587,2016-07-03 18:22:02,2016-07-03 18:22:02
C00364,2016-07-03 18:23:23,2016-12-30 18:03:10
C08477,2016-07-03 18:23:34,2016-12-28 17:29:21
C08936,2016-07-03 18:24:01,2016-12-27 17:53:03
C07908,2016-07-03 18:24:52,2016-12-16 20:33:32
C12041,2016-07-03 18:26:27,2016-12-15 22:51:11
C04683,2016-07-03 18:26:28,2016-11-30 15:11:01
C00414,2016-07-03 18:30:27,2016-12-26 15:42:43
C09939,2016-07-03 18:33:23,2016-12-22 15:08:41
C08414,2016-07-03 18:33:36,2016-12-18 22:38:19
C13005,2016-07-03 18:34:23,2016-12-23 20:37:36
C11258,2016-07-03 18:35:15,2016-12-13 15:29:37
C08839,2016-07-03 18:36:57,2016-12-22 19:48:14
C07687,2016-07-03 18:37:33,2016-11-30 15:57:47
C02196,2016-07-03 18:38:03,2016-11-14 01:45:49
C06197,2016-07-03 18:38:37,2016-12-19 20:30:19
C10322,2016-07-03 18:40:39,2016-12-28 21:39:46
C07130,2016-07-03 18:40:56,2016-12-27 20:06:15
C00892,2016-07-03 18:42:46,2016-12-25 23:41:34
C05566,2016-07-03 18:45:10,2016-12-27 15:44:46
C01492,2016-07-03 18:45:42,2016-12-28 23:33:32
C01657,2016-07-03 18:46:01,2016-12-20 00:20:38
C02907,2016-07-03 18:51:47,2016-12-25 21:51:25
C11915,2016-07-03 18:53:18,2016-12-25 19:46:21
C07978,2016-07-03 18:53:27,2016-12-15 22:31:45
C08972,2016-07-03 18:54:55,2016-12-26 00:58:15
C12936,2016-07-03 18:56:04,2016-12-21 23:01:28
C12802,2016-07-03 18:56:23,2016-12-12 17:45:51
C11041,2016-07-03 18:57:42,2016-12-31 00:36:16
C12569,2016-07-03 18:58:10,2016-07-11 13:55:30
C00865,2016-07-03 18:59:10,2016-10-02 16:08:04
C11891,2016-07-03 19:00:17,2016-12-15 15:37:17
C06624,2016-07-03 19:00:44,2016-12-24 10:02:06
C01965,2016-07-03 19:01:32,2016-12-26 23:41:34
C02127,2016-07-03 19:07:38,2016-12-07 13:44:28
C04661,2016-07-03 19:08:21,2016-12-10 18:00:19
C05118,2016-07-03 19:10:36,2016-12-29 23:35:49
C13343,2016-07-03 19:12:22,2016-12-27 13:55:52
C02826,2016-07-03 19:12:30,2016-12-28 01:02:24
C05346,2016-07-03 19:16:56,2016-10-02 13:19:01
C06590,2016-07-03 19:23:41,2016-12-15 01:57:42
C03464,2016-07-03 19:24:54,2016-12-26 20:39:37
C06078,2016-07-03 19:25:06,2016-07-03 19:25:06
C10569,2016-07-03 19:26:46,2016-11-14 14:08:45
C13513,2016-07-03 19:27:14,2016-12-27 19:14:17
C02945,2016-07-03 19:30:11,2016-12-29 14:04:27
C08917,2016-07-03 19:30:51,2016-12-23 12:43:13
C01461,2016-07-03 19:32:43,2016-12-26 12:29:22
C01590,2016-07-03 19:33:05,2016-12-15 18:38:00
C10992,2016-07-03 19:33:06,2016-11-25 02:58:25
C08823,2016-07-03 19:34:30,2016-12-24 12:24:37
C12642,2016-07-03 19:40:29,2016-07-04 00:34:05
C05063,2016-07-03 19:41:55,2016-12-26 17:51:03
C00422,2016-07-03 19:44:22,2016-12-29 11:02:50
C13088,2016-07-03 19:46:21,2016-11-18 15:31:12
C00197,2016-07-03 19:47:04,2016-12-21 13:29:30
C12208,2016-07-03 19:47:24,2016-12-08 17:52:06
C03389,2016-07-03 19:50:51,2016-12-27 10:30:15
C01372,2016-07-03 19:51:19,2016-12-27 23:57:43
C13061,2016-07-03 19:52:18,2016-12-06 19:02:35
C10020,2016-07-03 19:55:16,2016-12-30 16:33:10
C01310,2016-07-03 19:57:05,2016-09-01 01:01:45
C05020,2016-07-03 19:57:19,2016-10-31 13:40:08
C12128,2016-07-03 19:58:59,2016-12-18 19:01:38
C07093,2016-07-03 20:00:31,2016-12-26 21:55:23
C12007,2016-07-03 20:03:40,2016-12-30 17:44:50
C02565,2016-07-03 20:03:47,2016-12-05 08:45:42
C11485,2016-07-03 20:03:51,2016-11-13 13:17:19
C11132,2016-07-03 20:03:53,2016-12-23 09:58:15
C07728,2016-07-03 20:05:23,2016-11-06 14:40:51
C04898,2016-07-03 20:05:54,2016-12-06 02:12:25
C06350,2016-07-03 20:06:07,2016-12-22 19:32:41
C02513,2016-07-03 20:08:35,2016-12-29 22:14:17
C02114,2016-07-03 20:10:16,2016-12-29 20:22:52
C00739,2016-07-03 20:13:36,2016-12-01 22:03:40
C04392,2016-07-03 20:16:11,2016-07-03 20:16:11
C08375,2016-07-03 20:16:51,2016-12-19 04:13:02
C11640,2016-07-03 20:17:51,2016-12-30 11:28:42
C10769,2016-07-03 20:19:29,2016-12-25 16:52:15
C03752,2016-07-03 20:21:12,2016-09-27 18:32:54
C13027,2016-07-03 20:22:06,2016-12-29 00:59:44
C11884,2016-07-03 20:22:16,2016-11-28 16:25:50
C03194,2016-07-03 20:24:24,2016-07-03 20:24:24
C01638,2016-07-03 20:25:22,2016-09-12 09:16:56
C12044,2016-07-03 20:26:22,2016-08-31 16:01:54
C13009,2016-07-03 20:31:59,2016-09-12 16:39:18
C02968,2016-07-03 20:33:06,2016-12-29 21:23:08
C02989,2016-07-03 20:36:13,2016-12-19 20:08:28
C04425,2016-07-03 20:38:11,2016-12-27 22:22:04
C02149,2016-07-03 20:40:02,2016-07-03 20:40:02
C11080,2016-07-03 20:40:10,2016-12-27 07:51:47
C09196,2016-07-03 20:40:55,2016-10-20 22:54:31
C06237,2016-07-03 20:43:28,2016-12-02 17:00:40
C11595,2016-07-03 20:45:08,2016-12-24 03:01:32
C05692,2016-07-03 20:46:24,2016-12-24 23:54:10
C09873,2016-07-03 20:48:11,2016-12-14 21:01:19
C02719,2016-07-03 20:48:11,2016-12-19 22:11:56
C11117,2016-07-03 20:49:10,2016-12-03 17:43:52
C11765,2016-07-03 20:50:23,2016-07-03 20:50:23
C05029,2016-07-03 20:52:26,2016-12-26 22:11:54
C04414,2016-07-03 20:53:32,2016-11-17 19:28:51
C06467,2016-07-03 20:54:57,2016-07-03 20:54:57
C11584,2016-07-03 20:55:32,2016-12-23 12:40:22
C10279,2016-07-03 20:55:33,2016-07-03 20:55:33
C09741,2016-07-03 20:56:00,2016-12-25 16:14:05
C00449,2016-07-03 20:58:37,2016-12-12 02:16:57
C12667,2016-07-03 21:00:11,2016-12-24 19:13:41
C00938,2016-07-03 21:00:33,2016-12-06 03:11:25
C12932,2016-07-03 21:03:26,2016-12-31 22:36:38
C11615,2016-07-03 21:04:25,2016-11-29 23:17:37
C02053,2016-07-03 21:06:58,2016-07-03 21:06:58
C10685,2016-07-03 21:09:35,2016-12-18 00:53:25
C05748,2016-07-03 21:11:49,2016-12-12 20:45:37
C00045,2016-07-03 21:13:34,2016-12-28 17:40:04
C11275,2016-07-03 21:15:49,2016-12-20 15:59:18
C01361,2016-07-03 21:16:16,2016-07-03 21:16:16
C08703,2016-07-03 21:17:34,2016-11-23 20:41:45
C09227,2016-07-03 21:20:53,2016-12-28 11:30:31
C09685,2016-07-03 21:21:26,2016-12-24 01:03:53
C05008,2016-07-03 21:24:16,2016-12-11 14:01:04
C12225,2016-07-03 21:26:47,2016-12-22 20:42:53
C01859,2016-07-03 21:27:20,2016-12-28 16:37:21
C02055,2016-07-03 21:28:08,2016-12-19 20:26:13
C13032,2016-07-03 21:28:57,2016-12-23 19:21:35
C12111,2016-07-03 21:29:45,2016-12-04 04:41:09
C08744,2016-07-03 21:31:31,2016-12-27 14:51:16
C09125,2016-07-03 21:35:54,2016-09-06 19:57:18
C02079,2016-07-03 21:40:12,2016-12-28 16:54:08
C08918,2016-07-03 21:40:18,2016-12-31 13:36:43
C10334,2016-07-03 21:44:13,2016-12-26 11:24:38
C04729,2016-07-03 21:44:33,2016-12-23 04:25:21
C12696,2016-07-03 21:45:43,2016-12-27 21:18:44
C03842,2016-07-03 21:46:04,2016-12-09 02:29:07
C02217,2016-07-03 21:48:29,2016-12-23 23:13:40
C08528,2016-07-03 21:49:46,2016-12-29 18:33:06
C06772,2016-07-03 21:51:09,2016-10-11 03:47:04
C11859,2016-07-03 21:51:43,2016-12-18 04:10:01
C08730,2016-07-03 21:51:54,2016-08-03 16:30:37
C06764,2016-07-03 21:52:50,2016-12-29 17:33:47
C10203,2016-07-03 21:56:04,2016-12-24 00:06:57
C10905,2016-07-03 21:57:18,2016-07-21 20:16:00
C09270,2016-07-03 22:01:31,2016-10-18 11:32:20
C05116,2016-07-03 22:02:00,2016-12-27 18:45:45
C00384,2016-07-03 22:03:05,2016-09-11 04:34:53
C07742,2016-07-03 22:04:01,2016-12-28 14:04:43
C11809,2016-07-03 22:04:54,2016-12-08 19:16:57
C09078,2016-07-03 22:05:55,2016-11-29 06:45:04
C10175,2016-07-03 22:06:30,2016-10-22 18:59:15
C05766,2016-07-03 22:08:25,2016-12-21 14:37:44
C04358,2016-07-03 22:12:05,2016-12-04 20:51:19
C13528,2016-07-03 22:14:43,2016-12-04 23:49:35
C02247,2016-07-03 22:17:06,2016-12-26 17:50:00
C11073,2016-07-03 22:17:28,2016-12-24 19:43:17
C10037,2016-07-03 22:17:48,2016-12-29 19:08:17
C04274,2016-07-03 22:19:08,2016-12-22 20:58:07
C06437,2016-07-03 22:19:30,2016-12-29 22:00:42
C12770,2016-07-03 22:23:56,2016-12-28 12:32:04
C00584,2016-07-03 22:25:29,2016-12-29 01:04:37
C13499,2016-07-03 22:26:45,2016-12-21 01:44:28
C09836,2016-07-03 22:27:07,2016-12-03 15:28:46
C04801,2016-07-03 22:29:26,2016-12-20 16:30:21
C13430,2016-07-03 22:29:46,2016-12-13 00:34:25
C03558,2016-07-03 22:30:16,2016-12-22 20:28:09
C12132,2016-07-03 22:32:43,2016-12-31 19:46:08
C12838,2016-07-03 22:33:20,2016-12-14 12:57:04
C12454,2016-07-03 22:35:12,2016-12-30 16:03:31
C00983,2016-07-03 22:35:50,2016-12-27 14:52:17
C03451,2016-07-03 22:37:11,2016-12-10 04:59:15
C03783,2016-07-03 22:39:13,2016-12-22 19:30:52
C03255,2016-07-03 22:40:34,2016-10-01 02:20:40
C11666,2016-07-03 22:41:22,2016-12-01 15:19:18
C03917,2016-07-03 22:41:52,2016-12-19 06:43:07
C12233,2016-07-03 22:43:54,2016-07-03 22:43:54
C11968,2016-07-03 22:46:46,2016-12-20 01:35:08
C03146,2016-07-03 22:48:57,2016-12-29 16:14:53
C01897,2016-07-03 22:49:16,2016-12-29 01:21:02
C00897,2016-07-03 22:49:36,2016-11-14 22:31:09
C00535,2016-07-03 22:53:58,2016-12-22 00:44:53
C00712,2016-07-03 22:54:09,2016-12-25 01:09:31
C02562,2016-07-03 22:54:40,2016-12-18 17:50:40
C06976,2016-07-03 23:01:05,2016-12-29 18:55:40
C00301,2016-07-03 23:05:17,2016-12-26 13:56:27
C07909,2016-07-03 23:09:45,2016-12-29 22:24:54
C07988,2016-07-03 23:12:44,2016-09-26 23:32:02
C11644,2016-07-03 23:13:03,2016-11-30 22:25:04
C01122,2016-07-03 23:13:10,2016-08-04 10:12:47
C07547,2016-07-03 23:13:44,2016-12-30 16:42:50
C00659,2016-07-03 23:16:51,2016-12-20 14:54:37
C02782,2016-07-03 23:20:25,2016-12-31 15:48:39
C06538,2016-07-03 23:27:00,2016-12-24 20:47:26
C10884,2016-07-03 23:27:06,2016-12-20 23:23:12
C12778,2016-07-03 23:29:26,2016-11-10 19:02:29
C08045,2016-07-03 23:29:33,2016-12-15 22:24:34
C04879,2016-07-03 23:30:24,2016-12-27 21:07:49
C08537,2016-07-03 23:33:20,2016-12-26 02:56:47
C10902,2016-07-03 23:35:06,2016-11-03 10:30:40
C06039,2016-07-03 23:35:14,2016-11-03 21:48:28
C10385,2016-07-03 23:35:56,2016-07-03 23:35:56
C06929,2016-07-03 23:36:38,2016-12-27 23:47:34
C12523,2016-07-03 23:36:58,2016-12-26 17:57:10
C12307,2016-07-03 23:37:20,2016-12-29 22:45:58
C04755,2016-07-03 23:37:57,2016-12-15 16:39:12
C12276,2016-07-03 23:38:51,2016-12-22 20:57:57
C10474,2016-07-03 23:39:49,2016-12-15 04:54:59
C09623,2016-07-03 23:44:28,2016-12-31 20:37:08
C10756,2016-07-03 23:48:02,2016-07-27 00:18:23
C12680,2016-07-03 23:49:31,2016-12-25 22:22:31
C09573,2016-07-03 23:49:46,2016-12-19 12:26:41
C02320,2016-07-03 23:51:09,2016-12-31 23:17:49
C07646,2016-07-03 23:51:48,2016-12-31 23:28:56
C07244,2016-07-03 23:58:05,2016-12-09 22:04:54
C11215,2016-07-03 23:59:50,2016-11-18 10:47:22
C04058,2016-07-04 00:01:18,2016-12-21 04:30:37
C03312,2016-07-04 00:03:35,2016-12-11 20:44:41
C06962,2016-07-04 00:04:40,2016-12-31 23:23:18
C12396,2016-07-04 00:06:14,2016-12-25 23:28:49
C10467,2016-07-04 00:06:59,2016-07-04 00:06:59
C10130,2016-07-04 00:09:15,2016-09-05 03:27:06
C12966,2016-07-04 00:09:17,2016-12-31 18:33:09
C11445,2016-07-04 00:09:20,2016-12-16 22:51:55
C09582,2016-07-04 00:12:50,2016-12-31 23:09:16
C00826,2016-07-04 00:13:29,2016-12-02 17:57:14
C03316,2016-07-04 00:14:04,2016-12-31 00:05:10
C09241,2016-07-04 00:14:45,2016-12-31 23:56:06
C11363,2016-07-04 00:15:25,2016-08-18 20:45:15
C01926,2016-07-04 00:16:31,2016-12-01 17:47:30
C01671,2016-07-04 00:16:40,2016-12-28 00:27:36
C06373,2016-07-04 00:20:09,2016-12-27 01:57:34
C05625,2016-07-04 00:25:22,2016-12-31 23:06:44
C02479,2016-07-04 00:25:26,2016-12-31 04:26:03
C03711,2016-07-04 00:26:30,2016-12-31 19:26:19
C02858,2016-07-04 00:29:48,2016-07-22 22:35:13
C12690,2016-07-04 00:29:55,2016-12-31 22:18:10
C01755,2016-07-04 00:31:22,2016-12-31 23:54:36
C12305,2016-07-04 00:34:05,2016-12-29 12:39:14
C09398,2016-07-04 00:35:24,2016-11-15 02:07:25
C11907,2016-07-04 00:37:14,2016-10-18 03:54:29
C02573,2016-07-04 00:39:26,2016-12-31 23:44:23
C04282,2016-07-04 00:39:52,2016-11-17 17:06:01
C01995,2016-07-04 00:43:34,2016-09-15 16:13:23
C11670,2016-07-04 00:44:49,2016-12-31 23:57:27
C07918,2016-07-04 00:45:31,2016-12-28 23:29:12
C06835,2016-07-04 00:45:34,2016-12-31 23:48:42
C10936,2016-07-04 00:46:59,2016-12-26 16:51:21
C11844,2016-07-04 00:48:13,2016-12-31 15:10:41
C13397,2016-07-04 00:48:14,2016-12-02 20:31:38
C03880,2016-07-04 00:48:44,2016-12-31 21:24:48
C10127,2016-07-04 00:54:24,2016-12-31 23:37:45
C00834,2016-07-04 00:54:45,2016-12-04 13:30:05
C10933,2016-07-04 00:59:44,2016-12-31 20:07:49
C10218,2016-07-04 01:00:03,2016-12-29 20:40:03
C08943,2016-07-04 01:01:10,2016-12-31 21:43:03
C02000,2016-07-04 01:02:50,2016-12-31 22:10:50
C10310,2016-07-04 01:03:19,2016-12-30 12:12:12
C11945,2016-07-04 01:03:32,2016-12-31 21:42:03
C10757,2016-07-04 01:04:02,2016-12-31 19:32:19
C09219,2016-07-04 01:06:32,2016-07-04 01:06:32
C12656,2016-07-04 01:07:31,2016-12-28 17:58:26
C00513,2016-07-04 01:09:20,2016-12-27 13:59:39
C02709,2016-07-04 01:10:50,2016-12-22 00:37:09
C03397,2016-07-04 01:12:47,2016-12-22 00:55:18
C01595,2016-07-04 01:13:23,2016-12-18 20:38:39
C00106,2016-07-04 01:13:44,2016-12-21 14:22:01
C12471,2016-07-04 01:13:47,2016-11-30 02:12:17
C08443,2016-07-04 01:15:01,2016-12-18 02:49:41
C00092,2016-07-04 01:17:39,2016-12-17 01:20:11
C09530,2016-07-04 01:17:47,2016-12-30 20:28:18
C00768,2016-07-04 01:18:44,2016-12-31 21:47:23
C03551,2016-07-04 01:18:58,2016-12-25 23:16:47
C03457,2016-07-04 01:26:57,2016-12-24 23:26:19
C03486,2016-07-04 01:28:50,2016-12-31 17:10:01
C05031,2016-07-04 01:29:48,2016-12-31 23:03:33
C11777,2016-07-04 01:30:04,2016-12-21 11:53:58
C06485,2016-07-04 01:32:56,2016-09-28 03:02:22
C09422,2016-07-04 01:34:10,2016-07-07 21:20:27
C07074,2016-07-04 01:34:58,2016-12-30 17:10:20
C12061,2016-07-04 01:36:44,2016-12-30 19:55:39
C02330,2016-07-04 01:46:17,2016-12-19 01:23:08
C02809,2016-07-04 01:47:11,2016-12-31 16:18:39
C11453,2016-07-04 01:50:21,2016-07-24 05:48:22
C00348,2016-07-04 01:51:08,2016-12-28 23:33:17
C01589,2016-07-04 01:56:09,2016-12-21 18:32:29
C07800,2016-07-04 02:00:13,2016-11-15 20:24:12
C11429,2016-07-04 02:00:37,2016-12-26 18:02:01
C01280,2016-07-04 02:01:39,2016-12-27 15:06:31
C12745,2016-07-04 02:03:43,2016-12-26 00:01:08
C06554,2016-07-04 02:04:19,2016-11-08 22:30:45
C10223,2016-07-04 02:04:39,2016-12-28 20:35:19
C06708,2016-07-04 02:08:45,2016-12-31 22:04:15
C11846,2016-07-04 02:09:42,2016-12-31 10:07:10
C08575,2016-07-04 02:09:59,2016-12-31 14:34:43
C13233,2016-07-04 02:10:02,2016-12-19 18:54:59
C02717,2016-07-04 02:10:48,2016-07-20 16:04:53
C00273,2016-07-04 02:10:57,2016-10-28 23:55:55
C05791,2016-07-04 02:13:36,2016-12-31 18:30:43
C08183,2016-07-04 02:14:20,2016-09-06 19:34:38
C11203,2016-07-04 02:15:03,2016-11-18 21:59:55
C09869,2016-07-04 02:15:47,2016-12-27 22:29:50
C05476,2016-07-04 02:17:12,2016-12-28 15:28:50
C02891,2016-07-04 02:18:44,2016-12-23 21:13:54
C08765,2016-07-04 02:19:41,2016-12-29 16:31:29
C04369,2016-07-04 02:30:39,2016-12-29 20:12:27
C11558,2016-07-04 02:32:57,2016-12-31 11:21:18
C11871,2016-07-04 02:38:27,2016-12-12 18:10:01
C08733,2016-07-04 02:41:54,2016-12-31 19:24:37
C02545,2016-07-04 02:53:39,2016-12-26 20:36:39
C09604,2016-07-04 02:56:13,2016-12-22 08:20:08
C01301,2016-07-04 02:57:02,2016-12-30 18:42:03
C02020,2016-07-04 02:57:41,2016-07-12 01:44:42
C08902,2016-07-04 03:01:38,2016-12-28 21:21:00
C11818,2016-07-04 03:02:06,2016-12-28 12:41:24
C05751,2016-07-04 03:03:23,2016-12-29 12:13:31
C12245,2016-07-04 03:05:23,2016-12-14 02:22:22
C08989,2016-07-04 03:09:54,2016-12-31 22:21:24
C08675,2016-07-04 03:10:07,2016-07-27 02:15:57
C07729,2016-07-04 03:10:55,2016-12-31 21:26:22
C04775,2016-07-04 03:13:09,2016-12-17 23:54:22
C04262,2016-07-04 03:14:06,2016-07-04 03:14:06
C00294,2016-07-04 03:15:50,2016-12-31 21:29:10
C08877,2016-07-04 03:17:45,2016-12-29 12:20:20
C07811,2016-07-04 03:23:15,2016-07-04 03:23:15
C03999,2016-07-04 03:23:34,2016-12-31 13:27:09
C08796,2016-07-04 03:24:01,2016-12-31 14:15:35
C08602,2016-07-04 03:25:05,2016-12-25 15:30:24
C13407,2016-07-04 03:26:37,2016-12-30 01:24:17
C06279,2016-07-04 03:31:44,2016-12-28 19:33:10
C06630,2016-07-04 03:32:24,2016-12-31 18:42:18
C07006,2016-07-04 03:32:30,2016-12-27 20:49:11
C08032,2016-07-04 03:36:57,2016-12-17 03:22:33
C05935,2016-07-04 03:37:46,2016-12-29 20:33:44
C11444,2016-07-04 03:37:59,2016-12-31 05:21:06
C13303,2016-07-04 03:38:02,2016-12-30 01:02:55
C06655,2016-07-04 03:38:26,2016-12-20 16:05:50
C01941,2016-07-04 03:38:50,2016-12-31 04:58:14
C04788,2016-07-04 03:44:58,2016-12-21 06:53:04
C05307,2016-07-04 03:46:50,2016-12-31 21:42:39
C03161,2016-07-04 03:46:53,2016-12-29 23:41:40
C00895,2016-07-04 03:51:05,2016-12-26 18:30:28
C12407,2016-07-04 03:53:14,2016-12-17 23:53:11
C01436,2016-07-04 03:56:14,2016-08-26 03:15:54
C07762,2016-07-04 03:59:35,2016-12-20 16:53:23
C10424,2016-07-04 04:00:43,2016-12-26 22:55:46
C08438,2016-07-04 04:02:53,2016-12-26 20:26:30
C01659,2016-07-04 04:07:50,2016-12-11 13:26:56
C08637,2016-07-04 04:09:14,2016-12-31 18:19:06
C05739,2016-07-04 04:09:45,2016-12-30 19:31:59
C03141,2016-07-04 04:10:59,2016-12-28 09:01:21
C00218,2016-07-04 04:17:02,2016-09-26 19:59:19
C05385,2016-07-04 04:20:08,2016-12-27 23:42:44
C07337,2016-07-04 04:20:36,2016-07-04 04:20:36
C00728,2016-07-04 04:23:33,2016-12-31 23:18:36
C02355,2016-07-04 04:24:56,2016-10-30 13:46:04
C12322,2016-07-04 04:28:07,2016-12-28 02:40:21
C01922,2016-07-04 04:30:04,2016-12-31 15:54:10
C10023,2016-07-04 04:31:25,2016-07-22 19:32:30
C03708,2016-07-04 04:33:52,2016-12-30 16:38:18
C09900,2016-07-04 04:37:14,2016-12-04 03:50:52
C12946,2016-07-04 04:43:46,2016-12-09 18:33:18
C09992,2016-07-04 05:04:01,2016-09-23 18:50:22
C07275,2016-07-04 05:04:19,2016-12-24 13:36:07
C04785,2016-07-04 05:05:40,2016-11-23 13:11:00
C07986,2016-07-04 05:08:50,2016-12-26 05:51:23
C00502,2016-07-04 05:09:13,2016-12-21 14:52:48
C12137,2016-07-04 05:25:39,2016-11-02 22:23:22
C13369,2016-07-04 05:37:28,2016-12-20 02:07:45
C08909,2016-07-04 05:51:35,2016-12-31 20:16:34
C08510,2016-07-04 05:52:45,2016-12-27 04:32:20
C02219,2016-07-04 05:53:49,2016-12-31 22:04:43
C04716,2016-07-04 05:58:32,2016-09-02 02:57:33
C05263,2016-07-04 06:01:20,2016-12-31 23:39:33
C08489,2016-07-04 06:04:19,2016-12-31 21:12:42
C13060,2016-07-04 06:06:12,2016-12-13 13:28:47
C05469,2016-07-04 06:12:06,2016-11-03 18:25:31
C09680,2016-07-04 06:14:04,2016-12-29 00:32:14
C06430,2016-07-04 06:24:29,2016-10-21 01:08:40
C08008,2016-07-04 06:28:53,2016-12-30 18:46:23
C11138,2016-07-04 06:48:56,2016-09-17 18:09:47
C06479,2016-07-04 07:20:12,2016-12-27 12:21:38
C10907,2016-07-04 07:24:39,2016-07-04 07:24:39
C00281,2016-07-04 07:39:28,2016-12-14 11:34:00
C10773,2016-07-04 07:39:36,2016-12-26 22:30:24
C03271,2016-07-04 07:46:29,2016-12-20 00:08:43
C11031,2016-07-04 08:36:02,2016-12-31 23:27:44
C08456,2016-07-04 09:24:24,2016-12-04 17:14:40
C13268,2016-07-04 09:31:24,2016-12-16 21:50:06
C03394,2016-07-04 09:35:20,2016-12-31 23:54:59
C09908,2016-07-04 10:16:17,2016-12-10 13:54:08
C03274,2016-07-04 10:38:25,2016-12-29 16:45:51
C05976,2016-07-04 10:43:02,2016-12-16 14:34:31
C01665,2016-07-04 10:49:34,2016-12-31 22:36:31
C10139,2016-07-04 11:02:03,2016-12-31 20:53:46
C12585,2016-07-04 11:03:49,2016-12-31 13:07:59
C04569,2016-07-04 11:05:45,2016-12-18 01:38:36
C01481,2016-07-04 11:13:37,2016-10-11 17:41:49
C07171,2016-07-04 11:28:12,2016-12-31 13:13:26
C00621,2016-07-04 11:41:10,2016-12-31 20:53:55
C11546,2016-07-04 11:50:16,2016-12-30 23:18:15
C00452,2016-07-04 11:51:37,2016-12-31 20:44:06
C12226,2016-07-04 12:04:01,2016-12-25 16:57:52
C01422,2016-07-04 12:06:27,2016-12-31 19:22:12
C10360,2016-07-04 12:13:52,2016-08-27 22:34:38
C11660,2016-07-04 12:18:32,2016-10-06 22:30:10
C00667,2016-07-04 12:19:48,2016-11-30 19:48:03
C02803,2016-07-04 12:22:46,2016-12-25 20:34:32
C00223,2016-07-04 12:30:14,2016-12-31 01:41:11
C06664,2016-07-04 12:36:46,2016-12-25 20:09:19
C12180,2016-07-04 12:40:23,2016-07-04 12:40:23
C01653,2016-07-04 12:42:13,2016-12-30 19:28:29
C03278,2016-07-04 12:50:44,2016-12-31 19:02:28
C01719,2016-07-04 12:54:39,2016-12-31 13:42:03
C02018,2016-07-04 12:56:12,2016-12-31 06:31:56
C09883,2016-07-04 12:57:56,2016-12-31 00:29:10
C02499,2016-07-04 13:05:09,2016-12-29 22:19:40
C07725,2016-07-04 13:06:18,2016-10-28 17:39:26
C04844,2016-07-04 13:06:53,2016-12-29 12:18:22
C12312,2016-07-04 13:10:16,2016-07-04 13:44:05
C02656,2016-07-04 13:13:20,2016-12-22 12:50:57
C02393,2016-07-04 13:14:55,2016-12-31 15:52:48
C12990,2016-07-04 13:17:31,2016-12-16 08:50:33
C02014,2016-07-04 13:17:44,2016-12-21 11:51:16
C09586,2016-07-04 13:26:21,2016-12-29 16:01:58
C08698,2016-07-04 13:28:14,2016-12-26 18:35:31
C05007,2016-07-04 13:29:52,2016-12-24 20:23:14
C08914,2016-07-04 13:30:52,2016-12-03 15:54:36
C03601,2016-07-04 13:44:59,2016-07-04 13:44:59
C08620,2016-07-04 13:47:47,2016-09-23 19:49:58
C03699,2016-07-04 13:51:11,2016-09-08 14:02:17
C07311,2016-07-04 13:51:40,2016-12-28 19:13:17
C10058,2016-07-04 13:56:54,2016-09-11 23:29:54
C07073,2016-07-04 13:59:08,2016-12-19 12:11:04
C08947,2016-07-04 14:02:25,2016-12-29 23:19:39
C12439,2016-07-04 14:03:34,2016-12-31 19:32:44
C08142,2016-07-04 14:04:22,2016-12-25 23:39:57
C05887,2016-07-04 14:05:27,2016-12-31 02:28:26
C08551,2016-07-04 14:07:22,2016-12-05 20:44:41
C04481,2016-07-04 14:10:09,2016-12-10 15:17:43
C03069,2016-07-04 14:15:42,2016-07-04 14:15:42
C06898,2016-07-04 14:19:23,2016-12-31 17:15:59
C13333,2016-07-04 14:21:56,2016-12-30 18:22:07
C07714,2016-07-04 14:22:23,2016-12-03 19:24:45
C03685,2016-07-04 14:25:03,2016-12-28 20:34:44
C10308,2016-07-04 14:28:54,2016-12-31 17:26:41
C12505,2016-07-04 14:30:42,2016-12-27 14:59:11
C13058,2016-07-04 14:31:20,2016-12-31 13:04:14
C07822,2016-07-04 14:32:15,2016-10-10 22:08:05
C01761,2016-07-04 14:33:07,2016-07-04 14:33:07
C06193,2016-07-04 14:34:16,2016-11-29 14:43:06
C12171,2016-07-04 14:36:14,2016-12-15 20:46:12
C06205,2016-07-04 14:36:36,2016-07-07 01:00:14
C04185,2016-07-04 14:43:05,2016-12-30 14:04:04
C06268,2016-07-04 14:43:14,2016-12-27 12:10:10
C02488,2016-07-04 14:43:28,2016-12-16 11:59:55
C08247,2016-07-04 14:44:03,2016-07-04 14:44:03
C01471,2016-07-04 14:45:26,2016-10-14 20:49:50
C03550,2016-07-04 14:46:48,2016-12-31 13:45:17
C05285,2016-07-04 14:50:57,2016-11-04 23:52:26
C08083,2016-07-04 14:52:33,2016-12-21 06:11:51
C10035,2016-07-04 14:53:57,2016-12-31 23:55:26
C10404,2016-07-04 14:54:04,2016-12-25 15:13:18
C01849,2016-07-04 14:54:28,2016-11-13 16:39:44
C02245,2016-07-04 14:55:43,2016-12-31 19:27:47
C08820,2016-07-04 14:56:17,2016-07-04 14:56:17
C08547,2016-07-04 14:56:45,2016-11-24 23:40:56
C11867,2016-07-04 14:57:13,2016-12-10 08:50:03
C00873,2016-07-04 14:57:39,2016-12-16 02:10:35
C11019,2016-07-04 14:59:36,2016-12-31 22:42:44
C06971,2016-07-04 14:59:49,2016-07-04 14:59:49
C00204,2016-07-04 15:00:01,2016-12-27 19:00:47
C07307,2016-07-04 15:03:22,2016-12-26 11:45:42
C13034,2016-07-04 15:08:58,2016-12-25 19:50:19
C09969,2016-07-04 15:10:58,2016-11-30 16:04:45
C03089,2016-07-04 15:11:07,2016-12-31 03:16:04
C10029,2016-07-04 15:11:21,2016-11-29 12:36:39
C09249,2016-07-04 15:13:00,2016-12-31 23:41:31
C00533,2016-07-04 15:13:37,2016-07-07 04:31:10
C09891,2016-07-04 15:14:29,2016-12-26 19:21:42
C02533,2016-07-04 15:14:42,2016-11-25 23:19:42
C11370,2016-07-04 15:17:08,2016-12-28 18:20:26
C03308,2016-07-04 15:18:00,2016-07-04 15:18:00
C07162,2016-07-04 15:19:00,2016-12-14 13:56:12
C08316,2016-07-04 15:21:28,2016-12-28 01:10:03
C09806,2016-07-04 15:23:38,2016-12-31 22:38:10
C12368,2016-07-04 15:24:44,2016-07-04 15:24:44
C00774,2016-07-04 15:25:24,2016-12-24 22:42:30
C11738,2016-07-04 15:26:00,2016-12-13 23:44:23
C03648,2016-07-04 15:31:02,2016-12-28 00:36:50
C06313,2016-07-04 15:32:12,2016-12-08 13:21:32
C07356,2016-07-04 15:33:34,2016-12-21 19:11:21
C12913,2016-07-04 15:35:04,2016-12-30 19:30:07
C03731,2016-07-04 15:36:09,2016-11-22 22:01:12
C05419,2016-07-04 15:38:25,2016-12-27 15:02:30
C04415,2016-07-04 15:38:42,2016-12-23 15:52:29
C00496,2016-07-04 15:41:16,2016-08-19 19:06:41
C08024,2016-07-04 15:44:19,2016-12-16 20:15:32
C03706,2016-07-04 15:44:31,2016-12-27 01:20:46
C10266,2016-07-04 15:45:37,2016-11-24 21:53:05
C03406,2016-07-04 15:48:01,2016-12-29 03:45:46
C04891,2016-07-04 15:48:29,2016-12-21 21:21:01
C09460,2016-07-04 15:54:17,2016-12-29 22:51:17
C00332,2016-07-04 15:58:24,2016-12-29 20:39:17
C03112,2016-07-04 15:59:33,2016-12-23 21:42:56
C04748,2016-07-04 15:59:59,2016-12-31 15:13:29
C03291,2016-07-04 16:02:08,2016-11-28 15:13:01
C05314,2016-07-04 16:03:12,2016-12-12 15:14:45
C06905,2016-07-04 16:04:11,2016-12-31 19:54:05
C00181,2016-07-04 16:04:52,2016-12-24 17:06:07
C07194,2016-07-04 16:05:47,2016-12-05 17:17:22
C07517,2016-07-04 16:06:05,2016-12-12 22:09:41
C10786,2016-07-04 16:07:53,2016-12-24 02:39:26
C02371,2016-07-04 16:12:46,2016-12-31 23:46:19
C04990,2016-07-04 16:12:48,2016-12-20 22:35:17
C01553,2016-07-04 16:13:29,2016-12-29 19:49:09
C04134,2016-07-04 16:13:30,2016-12-31 18:38:52
C08403,2016-07-04 16:13:59,2016-12-31 16:42:30
C07948,2016-07-04 16:15:32,2016-12-02 20:08:47
C00749,2016-07-04 16:17:13,2016-12-31 00:34:35
C10396,2016-07-04 16:19:58,2016-07-04 16:19:58
C04830,2016-07-04 16:20:55,2016-12-10 22:17:37
C03330,2016-07-04 16:28:02,2016-12-31 13:53:39
C05631,2016-07-04 16:29:42,2016-12-28 01:20:01
C13381,2016-07-04 16:30:25,2016-11-18 01:21:05
C12900,2016-07-04 16:31:48,2016-12-19 21:33:34
C07141,2016-07-04 16:32:05,2016-10-22 17:13:28
C12209,2016-07-04 16:33:01,2016-07-16 04:37:41
C02616,2016-07-04 16:33:27,2016-12-28 11:14:25
C08260,2016-07-04 16:35:28,2016-12-30 02:15:48
C08108,2016-07-04 16:37:16,2016-12-17 12:16:27
C10032,2016-07-04 16:42:28,2016-11-21 16:31:05
C04127,2016-07-04 16:45:29,2016-10-30 08:46:45
C09906,2016-07-04 16:46:50,2016-12-22 11:48:09
C10498,2016-07-04 16:52:12,2016-07-04 16:52:12
C01966,2016-07-04 16:52:57,2016-12-31 19:51:58
C07878,2016-07-04 16:53:37,2016-12-29 16:02:01
C10010,2016-07-04 16:54:02,2016-12-31 23:09:08
C08395,2016-07-04 16:54:11,2016-12-25 21:39:54
C09782,2016-07-04 16:56:15,2016-12-31 14:23:23
C02737,2016-07-04 16:57:57,2016-08-23 01:04:20
C08231,2016-07-04 17:00:03,2016-12-15 21:07:53
C08533,2016-07-04 17:00:43,2016-12-25 00:14:47
C05967,2016-07-04 17:02:58,2016-10-11 23:05:41
C01949,2016-07-04 17:03:22,2016-11-28 16:19:51
C02138,2016-07-04 17:04:56,2016-12-28 00:41:19
C09092,2016-07-04 17:06:30,2016-12-31 15:39:06
C10965,2016-07-04 17:08:29,2016-12-16 00:44:58
C05335,2016-07-04 17:09:03,2016-12-24 20:19:57
C04832,2016-07-04 17:09:32,2016-12-08 14:50:00
C03293,2016-07-04 17:14:52,2016-07-11 04:09:30
C06726,2016-07-04 17:15:36,2016-12-30 16:13:21
C00998,2016-07-04 17:22:41,2016-12-26 20:27:28
C02097,2016-07-04 17:23:05,2016-07-05 19:02:27
C11677,2016-07-04 17:26:12,2016-12-31 21:53:41
C12241,2016-07-04 17:26:59,2016-12-24 18:19:48
C10916,2016-07-04 17:27:43,2016-12-16 05:19:26
C11985,2016-07-04 17:30:08,2016-11-29 19:57:54
C05769,2016-07-04 17:30:19,2016-07-04 17:30:19
C11796,2016-07-04 17:31:27,2016-12-06 15:23:30
C11329,2016-07-04 17:34:44,2016-12-29 02:26:40
C01421,2016-07-04 17:35:26,2016-12-02 16:10:23
C03797,2016-07-04 17:36:53,2016-12-17 16:38:11
C13205,2016-07-04 17:39:14,2016-12-23 18:06:57
C08956,2016-07-04 17:40:29,2016-12-21 22:36:47
C12993,2016-07-04 17:40:29,2016-12-29 17:52:40
C09177,2016-07-04 17:41:47,2016-12-28 23:30:21
C04301,2016-07-04 17:43:24,2016-12-29 00:50:49
C00159,2016-07-04 17:49:18,2016-12-03 19:42:15
C08339,2016-07-04 17:54:00,2016-12-27 11:56:27
C04146,2016-07-04 17:56:23,2016-12-31 13:53:22
C08595,2016-07-04 17:59:02,2016-12-31 14:26:48
C11808,2016-07-04 17:59:56,2016-12-21 19:05:02
C05858,2016-07-04 18:00:05,2016-12-16 20:05:03
C08467,2016-07-04 18:01:11,2016-12-23 13:01:47
C09361,2016-07-04 18:01:22,2016-12-31 19:37:04
C12791,2016-07-04 18:01:55,2016-12-21 23:32:30
C12358,2016-07-04 18:01:57,2016-12-29 17:38:12
C06988,2016-07-04 18:06:37,2016-12-28 19:19:59
C04523,2016-07-04 18:07:04,2016-12-21 03:36:04
C03437,2016-07-04 18:08:13,2016-10-25 23:38:37
C03231,2016-07-04 18:08:24,2016-12-30 23:09:45
C12144,2016-07-04 18:09:35,2016-12-15 20:56:09
C03151,2016-07-04 18:11:05,2016-12-22 22:53:10
C07245,2016-07-04 18:12:05,2016-11-29 16:25:23
C11704,2016-07-04 18:13:07,2016-12-31 20:23:03
C08519,2016-07-04 18:16:17,2016-12-08 15:11:46
C00836,2016-07-04 18:18:13,2016-12-31 03:41:51
C11085,2016-07-04 18:19:01,2016-12-21 22:47:18
C00856,2016-07-04 18:19:20,2016-12-22 17:12:02
C00185,2016-07-04 18:19:24,2016-07-04 18:19:24
C07338,2016-07-04 18:20:24,2016-12-20 22:55:12
C04237,2016-07-04 18:20:55,2016-07-04 18:20:55
C08307,2016-07-04 18:21:40,2016-12-24 13:00:29
C12259,2016-07-04 18:21:46,2016-12-31 18:53:24
C10068,2016-07-04 18:30:21,2016-12-26 12:30:55
C00986,2016-07-04 18:38:14,2016-12-31 17:54:13
C12295,2016-07-04 18:38:57,2016-12-24 10:49:54
C10405,2016-07-04 18:40:42,2016-10-30 17:03:43
C13384,2016-07-04 18:45:03,2016-07-04 18:45:03
C05664,2016-07-04 18:45:03,2016-11-15 13:29:52
C11069,2016-07-04 18:52:25,2016-08-11 22:22:58
C12249,2016-07-04 18:53:52,2016-12-31 20:07:55
C09493,2016-07-04 18:54:16,2016-12-23 23:08:47
C09200,2016-07-04 18:54:50,2016-12-29 13:29:04
C03505,2016-07-04 18:55:28,2016-12-28 15:43:11
C07645,2016-07-04 18:55:49,2016-12-26 18:57:25
C10121,2016-07-04 18:56:37,2016-12-30 02:49:45
C07472,2016-07-04 18:59:27,2016-12-29 23:18:18
C06500,2016-07-04 19:02:00,2016-12-21 18:55:59
C08166,2016-07-04 19:04:40,2016-12-31 02:49:46
C11557,2016-07-04 19:06:47,2016-12-12 13:15:43
C09727,2016-07-04 19:09:10,2016-10-09 19:50:32
C10643,2016-07-04 19:09:14,2016-12-17 02:47:37
C05746,2016-07-04 19:11:28,2016-12-28 12:31:35
C02207,2016-07-04 19:11:39,2016-12-09 14:15:14
C08503,2016-07-04 19:12:18,2016-11-26 15:31:12
C01987,2016-07-04 19:13:17,2016-12-13 21:54:25
C00782,2016-07-04 19:14:18,2016-12-31 19:55:41
C13487,2016-07-04 19:14:19,2016-12-27 14:43:09
C07855,2016-07-04 19:14:34,2016-12-28 17:27:12
C11855,2016-07-04 19:16:10,2016-12-26 19:20:42
C02430,2016-07-04 19:16:42,2016-08-31 20:04:26
C04632,2016-07-04 19:17:36,2016-12-31 22:06:50
C13045,2016-07-04 19:23:46,2016-09-29 17:40:40
C07148,2016-07-04 19:25:12,2016-12-31 07:54:52
C06550,2016-07-04 19:26:36,2016-12-31 14:00:53
C08857,2016-07-04 19:26:44,2016-12-27 18:52:05
C09828,2016-07-04 19:30:36,2016-12-18 21:18:05
C07196,2016-07-04 19:30:39,2016-12-31 18:53:33
C11165,2016-07-04 19:31:13,2016-12-08 19:47:35
C01163,2016-07-04 19:31:46,2016-12-08 01:53:11
C05506,2016-07-04 19:32:00,2016-12-25 20:18:01
C10167,2016-07-04 19:33:14,2016-07-04 19:52:22
C13247,2016-07-04 19:35:17,2016-12-18 23:29:54
C09396,2016-07-04 19:38:28,2016-07-16 16:03:46
C01529,2016-07-04 19:38:44,2016-12-31 23:28:54
C08454,2016-07-04 19:41:48,2016-07-04 19:41:48
C10253,2016-07-04 19:44:40,2016-12-31 18:17:23
C10052,2016-07-04 19:46:24,2016-12-30 18:05:43
C12109,2016-07-04 19:47:08,2016-12-19 21:11:16
C06958,2016-07-04 19:47:26,2016-12-02 22:31:05
C02569,2016-07-04 19:48:12,2016-08-22 23:51:36
C08934,2016-07-04 19:48:15,2016-12-21 11:30:22
C05747,2016-07-04 19:49:00,2016-12-09 19:04:06
C08977,2016-07-04 19:49:21,2016-12-17 22:32:02
C07203,2016-07-04 19:50:30,2016-12-07 19:07:17
C04400,2016-07-04 19:57:12,2016-12-04 21:43:59
C05380,2016-07-04 19:58:03,2016-07-04 19:58:03
C00307,2016-07-04 19:58:56,2016-12-26 19:29:46
C12189,2016-07-04 20:07:28,2016-11-25 16:14:17
C08236,2016-07-04 20:08:00,2016-12-16 21:45:41
C01032,2016-07-04 20:08:35,2016-08-07 02:16:01
C09622,2016-07-04 20:09:40,2016-12-23 05:12:55
C07282,2016-07-04 20:14:25,2016-10-31 13:17:08
C08305,2016-07-04 20:15:54,2016-12-31 02:30:07
C07510,2016-07-04 20:16:59,2016-10-28 15:37:26
C12677,2016-07-04 20:17:48,2016-12-14 14:53:17
C13359,2016-07-04 20:18:31,2016-12-28 19:59:42
C03206,2016-07-04 20:21:39,2016-10-30 08:42:55
C06267,2016-07-04 20:22:06,2016-12-12 21:48:34
C08075,2016-07-04 20:24:05,2016-12-28 15:34:55
C00406,2016-07-04 20:26:05,2016-12-28 23:18:36
C04267,2016-07-04 20:29:12,2016-12-12 01:03:16
C09170,2016-07-04 20:29:42,2016-12-29 11:51:50
C08299,2016-07-04 20:30:37,2016-12-31 14:01:58
C07628,2016-07-04 20:35:09,2016-12-24 21:53:14
C12797,2016-07-04 20:35:42,2016-12-29 22:37:38
C00635,2016-07-04 20:36:28,2016-12-10 13:37:32
C06096,2016-07-04 20:36:29,2016-12-16 23:43:54
C04407,2016-07-04 20:36:42,2016-12-23 14:01:29
C04515,2016-07-04 20:40:56,2016-12-24 17:27:23
C05767,2016-07-04 20:45:34,2016-12-21 16:48:38
C12952,2016-07-04 20:46:34,2016-12-20 22:39:03
C03666,2016-07-04 20:47:14,2016-12-09 15:47:43
C10349,2016-07-04 20:49:33,2016-12-13 15:09:57
C02552,2016-07-04 20:49:40,2016-12-28 21:22:26
C04676,2016-07-04 20:50:27,2016-12-19 23:04:00
C01710,2016-07-04 20:52:18,2016-12-26 18:08:42
C10957,2016-07-04 20:52:40,2016-12-31 18:56:59
C01448,2016-07-04 20:56:22,2016-07-04 20:56:22
C08607,2016-07-04 20:56:30,2016-10-29 23:35:12
C13380,2016-07-04 20:57:07,2016-12-28 02:55:51
C02145,2016-07-04 20:59:36,2016-12-23 21:26:38
C12750,2016-07-04 21:02:28,2016-10-09 15:33:48
C04060,2016-07-04 21:03:27,2016-12-14 20:13:11
C01981,2016-07-04 21:04:46,2016-12-30 18:12:37
C09076,2016-07-04 21:05:14,2016-10-27 02:33:48
C01744,2016-07-04 21:05:17,2016-12-31 23:45:41
C04085,2016-07-04 21:05:48,2016-12-28 20:46:36
C10309,2016-07-04 21:08:54,2016-08-19 16:02:42
C13076,2016-07-04 21:09:13,2016-11-12 18:55:04
C01826,2016-07-04 21:18:08,2016-12-29 22:43:54
C07339,2016-07-04 21:19:40,2016-12-31 22:27:35
C05801,2016-07-04 21:26:20,2016-10-03 01:50:01
C03506,2016-07-04 21:30:17,2016-12-19 17:59:48
C07109,2016-07-04 21:36:37,2016-12-31 16:37:38
C03409,2016-07-04 21:37:23,2016-12-12 23:04:08
C03925,2016-07-04 21:40:51,2016-09-29 19:15:28
C00050,2016-07-04 21:42:28,2016-12-18 18:40:31
C01230,2016-07-04 21:42:44,2016-12-18 23:55:37
C07354,2016-07-04 21:42:46,2016-12-31 20:37:13
C04549,2016-07-04 21:44:22,2016-12-29 01:03:56
C06605,2016-07-04 21:51:29,2016-12-29 20:35:26
C08047,2016-07-04 21:55:19,2016-09-16 23:07:05
C01972,2016-07-04 21:57:48,2016-09-24 22:55:51
C07591,2016-07-04 21:58:37,2016-12-29 21:09:04
C13068,2016-07-04 21:58:40,2016-09-29 05:17:02
C11173,2016-07-04 22:00:22,2016-12-31 23:22:29
C07319,2016-07-04 22:00:58,2016-12-30 13:41:38
C09174,2016-07-04 22:02:32,2016-12-31 20:13:19
C06143,2016-07-04 22:03:25,2016-12-31 02:49:50
C03843,2016-07-04 22:04:42,2016-12-10 14:31:46
C01311,2016-07-04 22:06:59,2016-12-31 18:25:19
C11287,2016-07-04 22:07:06,2016-12-23 20:30:16
C05145,2016-07-04 22:08:36,2016-08-28 19:51:06
C11374,2016-07-04 22:17:55,2016-12-24 04:30:06
C03119,2016-07-04 22:19:37,2016-11-23 19:48:09
C08228,2016-07-04 22:20:01,2016-12-27 23:26:50
C09568,2016-07-04 22:24:21,2016-12-30 01:01:43
C00567,2016-07-04 22:24:56,2016-12-04 13:22:48
C07989,2016-07-04 22:25:15,2016-11-27 14:29:51
C13326,2016-07-04 22:28:49,2016-12-30 18:37:30
C11513,2016-07-04 22:34:08,2016-12-25 15:38:47
C00653,2016-07-04 22:35:25,2016-10-03 02:31:10
C06704,2016-07-04 22:38:54,2016-12-23 01:35:01
C01902,2016-07-04 22:40:18,2016-11-28 17:26:29
C02986,2016-07-04 22:40:29,2016-10-12 19:11:43
C05729,2016-07-04 22:44:10,2016-07-18 17:01:16
C09368,2016-07-04 22:47:19,2016-12-31 19:48:57
C08888,2016-07-04 22:48:13,2016-12-31 19:07:06
C06992,2016-07-04 22:48:39,2016-07-04 22:48:39
C09306,2016-07-04 22:49:16,2016-12-27 18:32:53
C02578,2016-07-04 22:54:05,2016-12-01 18:45:04
C08926,2016-07-04 22:55:06,2016-11-27 19:46:08
C09129,2016-07-04 22:55:07,2016-12-10 00:04:32
C02477,2016-07-04 22:58:21,2016-09-22 21:58:25
C05300,2016-07-04 22:58:26,2016-08-12 23:07:12
C09986,2016-07-04 23:06:54,2016-12-19 17:55:29
C09197,2016-07-04 23:08:19,2016-08-26 16:16:23
C05107,2016-07-04 23:10:21,2016-12-24 17:35:20
C11534,2016-07-04 23:14:09,2016-12-19 09:38:18
C01682,2016-07-04 23:14:32,2016-12-31 15:49:36
C09468,2016-07-04 23:17:21,2016-12-31 22:20:35
C07990,2016-07-04 23:29:15,2016-12-26 18:11:12
C07300,2016-07-04 23:29:38,2016-11-20 18:26:42
C11964,2016-07-04 23:29:57,2016-12-31 14:46:19
C07502,2016-07-04 23:30:42,2016-12-08 21:42:09
C10406,2016-07-04 23:31:58,2016-12-20 05:31:34
C09013,2016-07-04 23:34:00,2016-12-23 18:11:58
C02425,2016-07-04 23:34:14,2016-12-19 22:42:42
C12885,2016-07-04 23:35:14,2016-12-31 21:08:06
C07747,2016-07-04 23:39:25,2016-12-06 15:17:45
C04665,2016-07-04 23:39:55,2016-12-28 21:37:30
C07380,2016-07-04 23:40:25,2016-10-29 22:45:19
C13036,2016-07-04 23:40:29,2016-12-28 22:18:02
C03840,2016-07-04 23:42:08,2016-12-31 17:55:05
C11359,2016-07-04 23:43:18,2016-10-04 23:21:47
C00887,2016-07-04 23:44:13,2016-12-28 05:34:13
C06136,2016-07-04 23:47:34,2016-12-29 23:37:55
C09031,2016-07-04 23:50:45,2016-12-17 00:08:06
C01575,2016-07-04 23:50:47,2016-12-27 00:06:32
C05677,2016-07-04 23:53:00,2016-12-18 22:01:06
C06343,2016-07-04 23:53:45,2016-12-26 16:04:47
C07125,2016-07-04 23:57:21,2016-12-23 22:38:32
C05555,2016-07-05 00:00:26,2016-12-29 17:42:03
C00962,2016-07-05 00:00:32,2016-12-25 21:47:14
C02976,2016-07-05 00:00:46,2016-12-26 00:27:46
C03079,2016-07-05 00:01:07,2016-12-31 21:36:49
C12527,2016-07-05 00:01:52,2016-12-12 19:18:40
C09093,2016-07-05 00:03:34,2016-12-30 01:35:38
C07585,2016-07-05 00:04:28,2016-12-31 20:28:47
C04154,2016-07-05 00:06:00,2016-12-17 12:27:32
C05772,2016-07-05 00:06:44,2016-12-31 17:11:32
C10137,2016-07-05 00:07:45,2016-12-31 14:16:30
C10892,2016-07-05 00:10:36,2016-12-26 23:47:46
C11890,2016-07-05 00:13:01,2016-12-31 15:15:56
C12267,2016-07-05 00:13:05,2016-12-31 21:16:49
C05245,2016-07-05 00:13:15,2016-12-31 23:41:24
C12897,2016-07-05 00:14:26,2016-12-31 22:23:06
C10013,2016-07-05 00:15:01,2016-12-31 12:50:32
C12953,2016-07-05 00:15:07,2016-09-22 00:24:29
C00540,2016-07-05 00:16:02,2016-12-29 00:31:11
C13191,2016-07-05 00:16:11,2016-11-25 20:08:17
C03508,2016-07-05 00:19:13,2016-07-05 00:19:13
C10502,2016-07-05 00:20:19,2016-08-01 04:47:09
C00889,2016-07-05 00:21:16,2016-12-31 23:02:04
C01377,2016-07-05 00:22:37,2016-12-31 17:27:08
C06639,2016-07-05 00:22:40,2016-12-27 20:04:18
C05192,2016-07-05 00:23:41,2016-12-31 22:43:24
C04125,2016-07-05 00:24:58,2016-12-31 23:52:39
C10229,2016-07-05 00:27:40,2016-12-03 18:57:41
C04201,2016-07-05 00:28:05,2016-12-27 14:43:38
C11975,2016-07-05 00:30:42,2016-07-26 05:39:05
C10519,2016-07-05 00:30:43,2016-12-23 22:25:05
C01420,2016-07-05 00:33:46,2016-12-02 03:39:51
C10820,2016-07-05 00:37:55,2016-07-05 00:37:55
C04311,2016-07-05 00:38:07,2016-12-27 12:58:45
C07360,2016-07-05 00:39:34,2016-12-31 23:58:54
C07562,2016-07-05 00:39:55,2016-12-31 21:23:21
C07571,2016-07-05 00:40:03,2016-12-31 20:52:35
C01363,2016-07-05 00:40:11,2016-12-31 19:05:10
C07197,2016-07-05 00:42:18,2016-12-31 03:57:08
C09111,2016-07-05 00:42:51,2016-07-05 00:42:51
C01031,2016-07-05 00:44:24,2016-12-31 18:08:42
C01875,2016-07-05 00:44:59,2016-11-29 21:00:48
C04903,2016-07-05 00:47:54,2016-12-28 11:20:18
C03778,2016-07-05 00:48:27,2016-12-31 12:19:13
C05477,2016-07-05 00:51:42,2016-07-05 00:51:42
C02716,2016-07-05 00:52:58,2016-12-31 23:35:59
C04933,2016-07-05 00:54:18,2016-11-30 13:23:06
C04840,2016-07-05 00:56:23,2016-12-15 22:28:54
C08450,2016-07-05 00:57:23,2016-12-31 23:46:38
C00374,2016-07-05 00:57:33,2016-09-25 18:50:47
C11206,2016-07-05 00:58:13,2016-10-03 19:43:11
C09444,2016-07-05 00:59:39,2016-12-04 23:37:23
C06663,2016-07-05 01:00:24,2016-12-31 20:14:18
C13488,2016-07-05 01:01:14,2016-12-30 15:01:05
C00777,2016-07-05 01:01:25,2016-12-31 18:26:23
C11847,2016-07-05 01:03:16,2016-12-31 21:07:44
C10546,2016-07-05 01:03:25,2016-11-24 00:36:18
C01152,2016-07-05 01:06:14,2016-11-14 01:54:17
C01982,2016-07-05 01:07:32,2016-12-31 23:01:23
C00780,2016-07-05 01:08:27,2016-12-23 00:43:41
C11842,2016-07-05 01:11:23,2016-12-31 16:18:46
C07423,2016-07-05 01:14:02,2016-08-07 20:06:59
C01063,2016-07-05 01:16:03,2016-12-31 01:56:10
C01569,2016-07-05 01:17:20,2016-12-08 03:12:44
C00456,2016-07-05 01:17:36,2016-07-05 01:17:36
C02648,2016-07-05 01:19:10,2016-12-30 18:50:43
C13187,2016-07-05 01:19:21,2016-12-30 00:41:13
C03473,2016-07-05 01:19:44,2016-11-19 23:45:00
C11613,2016-07-05 01:23:36,2016-11-28 14:43:46
C11794,2016-07-05 01:23:38,2016-12-28 18:12:42
C04474,2016-07-05 01:25:08,2016-10-22 20:11:14
C03959,2016-07-05 01:25:30,2016-12-06 11:54:23
C06046,2016-07-05 01:26:14,2016-12-31 21:34:51
C03969,2016-07-05 01:27:53,2016-08-16 15:24:55
C06906,2016-07-05 01:29:13,2016-12-31 18:55:08
C12933,2016-07-05 01:31:40,2016-11-03 16:54:46
C07856,2016-07-05 01:34:37,2016-12-30 15:11:28
C13445,2016-07-05 01:36:06,2016-12-29 22:20:12
C05381,2016-07-05 01:40:42,2016-12-31 23:57:10
C11597,2016-07-05 01:41:17,2016-12-31 21:12:29
C07355,2016-07-05 01:41:20,2016-12-31 23:55:24
C07795,2016-07-05 01:43:46,2016-10-12 00:02:48
C09624,2016-07-05 01:44:45,2016-12-22 13:45:31
C11874,2016-07-05 01:47:17,2016-12-31 00:44:30
C12954,2016-07-05 01:51:34,2016-09-20 12:09:21
C05081,2016-07-05 01:52:40,2016-11-20 03:37:11
C10041,2016-07-05 01:54:36,2016-12-15 21:05:20
C09692,2016-07-05 01:54:50,2016-12-23 10:00:17
C00942,2016-07-05 01:58:58,2016-12-31 20:12:09
C03977,2016-07-05 01:59:07,2016-12-20 16:27:57
C06121,2016-07-05 01:59:30,2016-12-31 23:56:31
C00128,2016-07-05 02:00:27,2016-07-05 02:00:27
C08471,2016-07-05 02:02:37,2016-12-28 12:43:36
C13220,2016-07-05 02:04:16,2016-12-06 20:48:22
C08453,2016-07-05 02:07:00,2016-07-05 02:07:00
C06677,2016-07-05 02:10:09,2016-07-28 02:24:41
C11805,2016-07-05 02:14:19,2016-10-16 14:17:54
C12987,2016-07-05 02:16:28,2016-12-24 02:49:16
C03080,2016-07-05 02:18:22,2016-12-30 19:32:57
C09149,2016-07-05 02:24:56,2016-12-31 21:54:25
C12703,2016-07-05 02:25:31,2016-12-28 16:28:28
C12740,2016-07-05 02:30:41,2016-11-17 21:15:49
C10835,2016-07-05 02:41:07,2016-12-31 20:33:10
C12835,2016-07-05 02:43:40,2016-12-30 16:21:36
C01493,2016-07-05 02:44:33,2016-11-23 18:15:31
C00194,2016-07-05 02:45:58,2016-11-18 03:48:55
C04895,2016-07-05 02:46:39,2016-10-15 05:20:26
C11898,2016-07-05 02:48:43,2016-12-31 17:21:27
C06744,2016-07-05 02:50:38,2016-12-31 23:48:11
C04152,2016-07-05 02:56:17,2016-12-27 15:29:39
C05636,2016-07-05 02:58:30,2016-12-31 18:12:52
C11769,2016-07-05 02:58:40,2016-12-30 21:22:16
C11418,2016-07-05 02:58:47,2016-11-04 00:29:06
C00238,2016-07-05 03:01:29,2016-12-15 03:50:20
C03945,2016-07-05 03:06:27,2016-12-26 17:32:09
C00952,2016-07-05 03:09:38,2016-12-31 21:03:36
C00306,2016-07-05 03:10:20,2016-12-26 10:14:06
C00726,2016-07-05 03:12:16,2016-12-30 15:24:46
C06443,2016-07-05 03:13:16,2016-12-31 15:40:40
C00855,2016-07-05 03:16:49,2016-12-28 19:45:41
C05185,2016-07-05 03:19:03,2016-12-24 02:23:00
C06799,2016-07-05 03:30:14,2016-07-05 03:30:14
C02921,2016-07-05 03:38:25,2016-12-31 23:05:55
C10292,2016-07-05 03:41:38,2016-12-31 00:31:51
C12564,2016-07-05 03:43:23,2016-07-06 23:36:06
C08860,2016-07-05 03:48:22,2016-07-25 02:05:36
C12628,2016-07-05 03:52:01,2016-12-27 21:24:58
C01253,2016-07-05 03:53:32,2016-07-05 03:53:32
C06045,2016-07-05 03:59:43,2016-11-16 19:36:23
C05690,2016-07-05 04:00:59,2016-12-31 22:33:57
C01996,2016-07-05 04:04:57,2016-12-31 21:57:33
C02851,2016-07-05 04:15:07,2016-12-22 21:35:47
C05423,2016-07-05 04:15:26,2016-12-30 14:00:14
C04488,2016-07-05 04:32:30,2016-10-21 14:23:05
C11831,2016-07-05 04:34:13,2016-11-30 14:34:12
C07962,2016-07-05 04:35:56,2016-12-31 23:41:02
C13492,2016-07-05 04:38:37,2016-10-24 21:20:56
C12102,2016-07-05 04:40:50,2016-12-31 13:19:36
C11400,2016-07-05 04:41:33,2016-12-05 03:07:02
C05979,2016-07-05 04:41:57,2016-12-18 13:54:13
C02084,2016-07-05 04:42:58,2016-12-31 13:34:29
C00994,2016-07-05 04:55:10,2016-07-05 04:55:10
C11266,2016-07-05 05:02:40,2016-12-29 20:10:37
C02167,2016-07-05 05:07:21,2016-12-31 16:56:42
C00801,2016-07-05 05:19:22,2016-12-24 02:22:05
C03078,2016-07-05 05:50:40,2016-12-24 02:39:39
C06884,2016-07-05 06:30:49,2016-12-24 13:43:59
C03913,2016-07-05 06:34:07,2016-11-20 18:48:28
C01236,2016-07-05 06:50:22,2016-12-21 17:44:17
C00466,2016-07-05 07:20:07,2016-12-21 16:41:02
C10799,2016-07-05 07:41:57,2016-12-31 00:25:15
C12418,2016-07-05 07:48:55,2016-12-31 17:57:49
C06067,2016-07-05 07:54:25,2016-12-31 16:24:46
C00488,2016-07-05 08:10:37,2016-12-31 02:06:31
C06339,2016-07-05 08:26:48,2016-12-21 19:56:20
C07925,2016-07-05 08:44:30,2016-12-31 16:08:31
C05504,2016-07-05 09:16:01,2016-12-31 21:47:22
C11913,2016-07-05 10:46:37,2016-07-05 10:46:37
C09792,2016-07-05 10:56:13,2016-09-07 13:04:48
C09553,2016-07-05 10:57:06,2016-07-20 00:59:08
C05257,2016-07-05 11:21:26,2016-11-29 17:44:35
C07622,2016-07-05 11:33:16,2016-12-27 13:02:20
C00820,2016-07-05 11:42:29,2016-12-31 22:50:19
C07023,2016-07-05 11:49:57,2016-12-16 11:34:44
C05725,2016-07-05 11:54:09,2016-12-24 00:54:04
C11355,2016-07-05 11:55:14,2016-12-31 22:49:00
C07185,2016-07-05 11:59:46,2016-12-31 20:20:29
C10953,2016-07-05 11:59:53,2016-12-30 21:08:07
C02657,2016-07-05 12:01:52,2016-08-07 14:10:50
C10016,2016-07-05 12:06:23,2016-12-31 21:30:00
C11143,2016-07-05 12:09:22,2016-12-31 19:06:07
C11092,2016-07-05 12:23:28,2016-12-31 22:34:37
C13433,2016-07-05 12:30:28,2016-12-23 20:51:53
C12496,2016-07-05 12:44:40,2016-12-05 14:02:08
C02119,2016-07-05 12:50:18,2016-07-05 12:50:18
C03733,2016-07-05 13:06:43,2016-12-29 18:39:38
C03477,2016-07-05 13:09:28,2016-12-28 14:02:17
C07667,2016-07-05 13:17:18,2016-12-30 16:38:57
C09471,2016-07-05 13:21:56,2016-12-31 23:08:15
C12039,2016-07-05 13:22:20,2016-12-29 18:25:16
C01011,2016-07-05 13:22:24,2016-09-26 17:55:51
C04995,2016-07-05 13:23:11,2016-10-17 12:41:50
C09400,2016-07-05 13:27:06,2016-12-30 11:32:20
C08876,2016-07-05 13:31:39,2016-07-28 15:20:32
C02214,2016-07-05 13:34:13,2016-12-31 21:36:07
C03640,2016-07-05 13:34:50,2016-12-16 04:40:28
C03730,2016-07-05 13:43:57,2016-12-03 23:57:13
C12520,2016-07-05 13:44:05,2016-12-15 16:45:01
C01182,2016-07-05 13:46:48,2016-12-31 21:18:49
C00483,2016-07-05 13:49:50,2016-12-27 19:46:33
C12405,2016-07-05 13:51:27,2016-12-14 13:23:53
C12098,2016-07-05 14:00:47,2016-12-15 19:16:41
C10390,2016-07-05 14:14:41,2016-12-30 16:59:23
C12068,2016-07-05 14:15:39,2016-08-31 02:44:58
C02189,2016-07-05 14:16:22,2016-12-29 17:34:36
C04044,2016-07-05 14:16:33,2016-12-07 05:47:12
C12727,2016-07-05 14:16:42,2016-12-31 02:28:39
C07007,2016-07-05 14:18:41,2016-10-20 23:01:28
C01740,2016-07-05 14:20:47,2016-12-16 16:15:52
C01188,2016-07-05 14:21:46,2016-12-31 16:09:37
C08222,2016-07-05 14:22:07,2016-12-31 12:23:53
C10046,2016-07-05 14:25:10,2016-12-19 13:09:40
C05547,2016-07-05 14:26:27,2016-11-22 10:31:02
C01143,2016-07-05 14:26:28,2016-12-16 17:49:57
C08557,2016-07-05 14:26:30,2016-12-06 13:25:42
C02662,2016-07-05 14:26:54,2016-12-29 18:39:40
C06821,2016-07-05 14:28:44,2016-12-29 23:40:02
C08541,2016-07-05 14:32:39,2016-11-20 17:34:28
C13038,2016-07-05 14:35:45,2016-10-29 19:33:56
C00450,2016-07-05 14:35:51,2016-12-30 23:36:45
C00577,2016-07-05 14:41:34,2016-12-04 20:27:22
C01634,2016-07-05 14:46:45,2016-10-05 12:56:20
C08563,2016-07-05 14:52:01,2016-12-31 12:43:07
C05199,2016-07-05 14:53:16,2016-12-31 08:56:06
C03019,2016-07-05 14:55:33,2016-12-31 16:25:06
C10554,2016-07-05 14:58:22,2016-07-05 14:58:22
C00835,2016-07-05 15:00:09,2016-12-07 13:54:35
C05058,2016-07-05 15:01:53,2016-10-29 01:42:48
C09195,2016-07-05 15:03:26,2016-12-26 20:19:45
C04921,2016-07-05 15:06:20,2016-12-25 20:59:48
C02828,2016-07-05 15:09:09,2016-12-30 14:31:25
C06642,2016-07-05 15:13:50,2016-12-15 17:16:18
C00683,2016-07-05 15:16:58,2016-12-27 22:21:36
C06768,2016-07-05 15:19:59,2016-12-31 19:27:24
C07957,2016-07-05 15:23:29,2016-12-30 13:59:37
C01635,2016-07-05 15:38:10,2016-12-30 23:45:21
C11047,2016-07-05 15:39:38,2016-12-17 14:58:46
C07583,2016-07-05 15:42:53,2016-12-20 18:52:36
C05231,2016-07-05 15:46:27,2016-12-23 17:59:31
C06299,2016-07-05 15:46:39,2016-12-30 02:10:12
C03470,2016-07-05 15:49:22,2016-12-30 08:22:17
C13287,2016-07-05 15:49:39,2016-12-19 16:02:10
C06963,2016-07-05 15:50:04,2016-12-31 16:58:07
C12923,2016-07-05 15:50:38,2016-10-11 04:32:03
C06740,2016-07-05 15:52:23,2016-12-23 02:17:24
C04717,2016-07-05 16:04:12,2016-11-29 22:42:06
C07522,2016-07-05 16:04:33,2016-12-30 22:08:11
C07223,2016-07-05 16:05:13,2016-12-19 20:26:30
C04660,2016-07-05 16:06:29,2016-10-30 15:02:27
C11673,2016-07-05 16:08:47,2016-10-03 21:15:37
C06084,2016-07-05 16:08:49,2016-12-31 21:40:00
C07733,2016-07-05 16:08:59,2016-12-31 17:33:45
C07037,2016-07-05 16:09:47,2016-11-06 21:56:04
C07103,2016-07-05 16:11:51,2016-11-21 13:07:22
C05714,2016-07-05 16:12:27,2016-12-28 17:26:09
C10476,2016-07-05 16:15:28,2016-12-16 02:24:50
C02476,2016-07-05 16:16:07,2016-12-23 15:52:39
C02481,2016-07-05 16:16:12,2016-12-28 13:34:25
C07297,2016-07-05 16:16:59,2016-12-31 13:14:13
C04089,2016-07-05 16:17:34,2016-12-21 17:54:00
C10316,2016-07-05 16:18:10,2016-12-28 15:56:41
C09417,2016-07-05 16:18:25,2016-12-21 00:35:11
C07781,2016-07-05 16:22:00,2016-12-31 18:18:43
C06536,2016-07-05 16:22:41,2016-12-30 19:42:00
C10541,2016-07-05 16:23:10,2016-10-18 04:23:07
C02190,2016-07-05 16:24:11,2016-12-23 15:07:23
C06221,2016-07-05 16:26:25,2016-12-12 12:16:54
C01599,2016-07-05 16:32:51,2016-12-26 15:21:13
C08949,2016-07-05 16:33:48,2016-12-03 13:52:13
C00990,2016-07-05 16:36:05,2016-07-18 20:13:08
C02249,2016-07-05 16:36:26,2016-12-25 13:22:26
C10827,2016-07-05 16:36:42,2016-10-08 19:29:57
C09026,2016-07-05 16:37:51,2016-12-31 17:14:59
C01984,2016-07-05 16:40:03,2016-07-05 16:40:03
C07831,2016-07-05 16:42:09,2016-11-28 18:19:19
C05062,2016-07-05 16:48:01,2016-12-30 18:30:48
C03487,2016-07-05 16:55:04,2016-12-23 11:43:05
C12984,2016-07-05 16:56:30,2016-12-27 13:38:23
C02775,2016-07-05 17:01:58,2016-12-19 13:30:12
C09687,2016-07-05 17:02:01,2016-12-31 14:12:38
C00727,2016-07-05 17:04:22,2016-12-23 20:30:05
C00546,2016-07-05 17:07:54,2016-12-31 13:08:03
C06006,2016-07-05 17:09:27,2016-12-02 21:29:58
C00175,2016-07-05 17:15:33,2016-10-24 19:22:41
C02824,2016-07-05 17:18:48,2016-12-28 20:04:13
C00571,2016-07-05 17:22:13,2016-12-31 23:53:54
C04264,2016-07-05 17:22:13,2016-12-30 20:39:14
C08831,2016-07-05 17:22:22,2016-12-30 15:51:09
C13126,2016-07-05 17:24:50,2016-07-05 17:24:50
C11882,2016-07-05 17:31:26,2016-07-05 17:31:26
C02676,2016-07-05 17:32:15,2016-12-31 18:47:48
C07216,2016-07-05 17:35:16,2016-12-30 12:50:54
C08483,2016-07-05 17:36:13,2016-12-31 15:04:36
C12763,2016-07-05 17:36:30,2016-12-27 02:41:42
C06009,2016-07-05 17:38:59,2016-12-25 21:19:23
C07761,2016-07-05 17:39:20,2016-12-22 15:00:12
C02705,2016-07-05 17:39:50,2016-12-23 15:25:44
C11651,2016-07-05 17:42:29,2016-12-31 23:13:36
C00599,2016-07-05 17:42:46,2016-12-13 18:19:25
C12887,2016-07-05 17:43:03,2016-12-31 00:51:49
C01654,2016-07-05 17:48:58,2016-12-27 18:46:05
C09029,2016-07-05 17:50:56,2016-12-29 17:54:08
C12103,2016-07-05 17:51:07,2016-12-31 19:08:30
C01026,2016-07-05 17:51:42,2016-12-19 13:20:30
C03814,2016-07-05 17:56:16,2016-12-25 19:56:59
C12753,2016-07-05 17:57:22,2016-12-31 23:23:19
C04526,2016-07-05 17:57:38,2016-11-27 13:40:53
C02170,2016-07-05 17:58:25,2016-12-31 03:05:05
C11951,2016-07-05 18:00:48,2016-12-22 19:58:23
C04249,2016-07-05 18:01:31,2016-12-17 17:36:45
C06514,2016-07-05 18:03:29,2016-12-31 17:16:29
C05053,2016-07-05 18:04:56,2016-12-29 23:09:11
C10772,2016-07-05 18:07:02,2016-07-05 18:07:02
C08570,2016-07-05 18:07:07,2016-12-31 18:52:37
C01304,2016-07-05 18:09:05,2016-12-29 21:01:25
C02512,2016-07-05 18:10:53,2016-07-14 15:45:43
C07480,2016-07-05 18:14:23,2016-12-16 00:40:26
C05238,2016-07-05 18:14:35,2016-12-22 22:20:24
C02583,2016-07-05 18:16:46,2016-12-25 01:31:47
C12547,2016-07-05 18:17:43,2016-12-27 15:34:38
C00701,2016-07-05 18:21:08,2016-12-10 22:56:35
C04211,2016-07-05 18:23:51,2016-11-01 12:34:11
C04263,2016-07-05 18:29:36,2016-12-21 12:12:30
C00369,2016-07-05 18:31:31,2016-11-23 21:59:06
C05004,2016-07-05 18:33:26,2016-12-06 14:16:40
C12857,2016-07-05 18:34:57,2016-12-28 00:22:49
C12395,2016-07-05 18:36:42,2016-12-24 05:38:58
C05818,2016-07-05 18:37:20,2016-12-01 13:11:08
C02038,2016-07-05 18:39:50,2016-08-17 10:51:05
C09298,2016-07-05 18:42:05,2016-07-05 18:42:05
C03579,2016-07-05 18:44:23,2016-07-05 18:44:23
C00752,2016-07-05 18:44:31,2016-12-17 22:57:35
C12865,2016-07-05 18:45:01,2016-12-26 15:11:58
C08179,2016-07-05 18:45:15,2016-07-19 01:14:24
C07689,2016-07-05 18:53:23,2016-09-28 00:43:27
C12992,2016-07-05 18:58:42,2016-11-25 02:00:50
C04413,2016-07-05 18:59:44,2016-11-01 18:38:07
C03315,2016-07-05 19:00:35,2016-12-23 00:43:20
C11425,2016-07-05 19:00:53,2016-09-08 23:46:36
C04283,2016-07-05 19:05:29,2016-12-29 19:27:30
C06968,2016-07-05 19:05:32,2016-12-30 14:12:47
C07004,2016-07-05 19:05:41,2016-12-30 23:02:28
C04316,2016-07-05 19:06:36,2016-12-18 15:46:05
C06170,2016-07-05 19:06:46,2016-07-05 19:06:46
C01047,2016-07-05 19:10:16,2016-12-01 04:38:55
C01332,2016-07-05 19:12:01,2016-12-30 03:02:53
C11620,2016-07-05 19:12:52,2016-12-17 22:43:06
C02439,2016-07-05 19:13:54,2016-12-19 03:07:42
C08095,2016-07-05 19:16:47,2016-09-26 00:48:35
C08825,2016-07-05 19:18:02,2016-10-03 19:32:02
C11560,2016-07-05 19:18:25,2016-10-31 03:59:00
C10382,2016-07-05 19:23:18,2016-10-04 21:21:27
C12370,2016-07-05 19:23:32,2016-07-05 19:23:32
C07854,2016-07-05 19:23:42,2016-07-05 20:24:56
C13111,2016-07-05 19:24:16,2016-11-16 19:37:27
C08173,2016-07-05 19:25:31,2016-12-31 10:39:12
C08520,2016-07-05 19:26:46,2016-07-05 21:11:13
C05705,2016-07-05 19:27:08,2016-12-30 01:05:21
C11771,2016-07-05 19:28:53,2016-12-05 18:22:45
C08707,2016-07-05 19:29:21,2016-12-29 22:13:21
C06311,2016-07-05 19:29:26,2016-12-28 00:11:05
C00276,2016-07-05 19:31:34,2016-12-27 20:17:43
C04574,2016-07-05 19:32:29,2016-12-06 20:15:34
C07345,2016-07-05 19:33:03,2016-12-28 14:42:45
C11233,2016-07-05 19:33:39,2016-12-13 15:14:11
C10295,2016-07-05 19:33:40,2016-12-30 20:00:34
C03561,2016-07-05 19:34:02,2016-12-27 12:40:58
C02949,2016-07-05 19:34:44,2016-12-31 20:52:28
C04255,2016-07-05 19:34:45,2016-12-25 21:12:02
C03715,2016-07-05 19:37:31,2016-12-31 17:10:15
C02881,2016-07-05 19:38:34,2016-12-30 02:33:22
C03701,2016-07-05 19:42:33,2016-12-26 15:18:57
C05003,2016-07-05 19:42:41,2016-12-26 00:33:01
C07327,2016-07-05 19:46:33,2016-12-18 18:49:52
C08102,2016-07-05 19:47:04,2016-11-15 17:32:44
C04261,2016-07-05 19:49:41,2016-12-27 21:06:14
C10356,2016-07-05 19:49:52,2016-12-17 01:20:26
C02037,2016-07-05 19:52:06,2016-10-02 23:58:58
C00040,2016-07-05 19:58:33,2016-08-03 20:10:27
C12232,2016-07-05 19:58:35,2016-11-20 14:46:20
C10008,2016-07-05 20:05:31,2016-11-04 23:24:34
C08808,2016-07-05 20:06:31,2016-12-20 21:07:54
C11032,2016-07-05 20:09:23,2016-12-31 20:32:10
C03620,2016-07-05 20:11:24,2016-12-31 21:02:27
C04222,2016-07-05 20:13:58,2016-12-30 11:28:20
C02182,2016-07-05 20:14:23,2016-12-28 22:13:08
C06064,2016-07-05 20:16:22,2016-12-21 18:10:52
C06858,2016-07-05 20:16:58,2016-12-31 21:29:56
C10568,2016-07-05 20:23:14,2016-12-31 23:40:37
C08169,2016-07-05 20:24:14,2016-12-22 17:38:22
C08865,2016-07-05 20:27:08,2016-11-07 17:32:45
C07802,2016-07-05 20:28:33,2016-12-03 14:52:49
C10886,2016-07-05 20:38:46,2016-12-26 15:29:32
C12592,2016-07-05 20:41:09,2016-12-16 17:39:43
C03213,2016-07-05 20:42:02,2016-12-23 20:13:59
C04196,2016-07-05 20:45:17,2016-12-31 20:57:13
C11239,2016-07-05 20:46:32,2016-08-12 07:17:34
C08209,2016-07-05 20:46:39,2016-12-23 23:58:25
C11760,2016-07-05 20:47:51,2016-11-19 04:06:52
C05683,2016-07-05 20:48:22,2016-12-31 14:44:31
C02226,2016-07-05 20:48:36,2016-12-27 20:14:24
C09490,2016-07-05 20:48:42,2016-12-29 22:25:17
C09521,2016-07-05 20:50:15,2016-12-31 16:13:23
C06903,2016-07-05 20:51:11,2016-12-31 20:01:42
C08951,2016-07-05 20:53:08,2016-12-23 02:29:22
C03972,2016-07-05 20:53:39,2016-12-28 21:47:19
C07817,2016-07-05 20:54:13,2016-11-22 15:53:28
C03302,2016-07-05 20:57:02,2016-12-30 00:46:36
C07264,2016-07-05 20:57:05,2016-12-01 10:12:32
C00005,2016-07-05 20:58:59,2016-12-17 22:52:42
C01678,2016-07-05 21:03:39,2016-12-31 09:36:32
C10303,2016-07-05 21:04:31,2016-10-08 17:03:25
C07901,2016-07-05 21:05:07,2016-12-24 22:14:38
C05548,2016-07-05 21:08:42,2016-12-24 11:53:28
C10457,2016-07-05 21:09:33,2016-12-28 11:46:28
C10324,2016-07-05 21:12:22,2016-12-28 03:46:13
C08671,2016-07-05 21:13:43,2016-12-02 13:47:33
C08317,2016-07-05 21:14:34,2016-12-26 00:07:06
C02695,2016-07-05 21:14:38,2016-12-22 21:14:52
C05509,2016-07-05 21:15:34,2016-12-31 19:26:27
C09097,2016-07-05 21:15:58,2016-12-04 22:07:09
C09612,2016-07-05 21:23:58,2016-12-08 23:43:41
C11797,2016-07-05 21:26:34,2016-07-26 17:14:19
C04651,2016-07-05 21:28:17,2016-12-24 18:46:19
C01480,2016-07-05 21:29:21,2016-12-26 15:36:07
C10518,2016-07-05 21:31:09,2016-12-31 13:18:01
C03153,2016-07-05 21:31:40,2016-09-23 22:40:43
C08474,2016-07-05 21:34:39,2016-10-18 18:41:07
C11843,2016-07-05 21:34:42,2016-08-29 23:18:07
C04193,2016-07-05 21:37:31,2016-12-03 16:46:01
C02609,2016-07-05 21:38:31,2016-12-31 23:50:52
C07038,2016-07-05 21:40:03,2016-12-20 13:41:49
C04084,2016-07-05 21:40:44,2016-12-16 18:06:30
C11107,2016-07-05 21:42:22,2016-12-22 18:02:09
C06542,2016-07-05 21:48:13,2016-12-09 19:33:47
C13479,2016-07-05 21:49:22,2016-07-05 21:49:22
C06964,2016-07-05 21:50:12,2016-12-31 14:59:17
C08684,2016-07-05 21:51:02,2016-12-30 15:29:57
C02849,2016-07-05 21:52:55,2016-12-19 17:39:34
C02877,2016-07-05 21:54:50,2016-11-05 17:31:02
C12292,2016-07-05 21:57:03,2016-07-05 21:57:03
C13018,2016-07-05 21:57:10,2016-11-26 21:07:18
C00454,2016-07-05 21:57:21,2016-11-18 12:36:42
C08017,2016-07-05 21:59:35,2016-09-22 15:49:08
C09816,2016-07-05 22:01:34,2016-12-29 16:27:31
C12561,2016-07-05 22:05:15,2016-12-27 12:20:56
C10007,2016-07-05 22:07:15,2016-12-28 13:51:18
C09655,2016-07-05 22:07:31,2016-07-05 22:07:31
C02841,2016-07-05 22:10:27,2016-10-09 18:55:18
C10930,2016-07-05 22:11:25,2016-12-25 22:15:01
C00788,2016-07-05 22:16:29,2016-12-07 19:02:30
C06927,2016-07-05 22:16:54,2016-12-31 18:43:28
C10654,2016-07-05 22:18:37,2016-12-31 21:52:04
C04501,2016-07-05 22:18:41,2016-12-17 17:57:27
C10993,2016-07-05 22:20:21,2016-12-24 21:01:45
C06342,2016-07-05 22:25:12,2016-12-25 22:39:48
C08449,2016-07-05 22:31:17,2016-10-28 11:46:09
C08569,2016-07-05 22:31:31,2016-12-31 23:14:42
C03295,2016-07-05 22:32:14,2016-12-31 03:32:12
C06851,2016-07-05 22:34:01,2016-12-22 17:13:40
C05760,2016-07-05 22:36:29,2016-12-25 16:54:40
C09615,2016-07-05 22:36:37,2016-09-11 15:42:57
C09377,2016-07-05 22:38:18,2016-12-05 17:26:04
C11952,2016-07-05 22:40:33,2016-12-26 02:15:33
C12959,2016-07-05 22:41:54,2016-10-08 21:45:16
C05235,2016-07-05 22:43:00,2016-12-30 14:47:09
C12045,2016-07-05 22:43:06,2016-12-30 01:30:50
C06134,2016-07-05 22:44:15,2016-12-26 17:27:53
C10299,2016-07-05 22:44:48,2016-12-28 20:24:45
C00192,2016-07-05 22:47:47,2016-12-18 15:56:34
C13403,2016-07-05 22:50:29,2016-12-31 18:44:07
C02537,2016-07-05 22:53:01,2016-08-12 19:45:59
C11339,2016-07-05 22:55:09,2016-12-31 20:48:52
C08180,2016-07-05 22:58:14,2016-08-14 17:24:29
C02559,2016-07-05 23:01:14,2016-11-27 21:31:53
C04499,2016-07-05 23:03:31,2016-12-27 21:46:16
C04294,2016-07-05 23:05:29,2016-12-31 17:45:12
C05733,2016-07-05 23:08:09,2016-12-23 14:56:59
C09380,2016-07-05 23:11:56,2016-12-18 16:34:22
C13535,2016-07-05 23:12:43,2016-07-31 02:13:12
C06376,2016-07-05 23:12:54,2016-11-05 17:38:13
C06140,2016-07-05 23:16:14,2016-12-29 13:17:54
C03334,2016-07-05 23:24:42,2016-11-10 17:35:09
C07295,2016-07-05 23:27:31,2016-12-20 02:59:55
C11958,2016-07-05 23:29:25,2016-11-05 15:14:31
C09245,2016-07-05 23:31:23,2016-12-18 17:10:56
C02784,2016-07-05 23:36:27,2016-12-29 10:59:28
C04391,2016-07-05 23:37:56,2016-12-11 00:04:21
C10264,2016-07-05 23:38:38,2016-12-26 21:42:33
C04518,2016-07-05 23:38:55,2016-08-05 21:26:35
C04965,2016-07-05 23:49:16,2016-12-31 22:38:20
C11655,2016-07-05 23:50:51,2016-12-15 03:01:44
C02958,2016-07-05 23:51:40,2016-12-17 22:16:22
C04320,2016-07-05 23:52:38,2016-08-15 18:13:40
C13291,2016-07-05 23:53:08,2016-12-29 19:16:37
C12425,2016-07-05 23:53:26,2016-12-10 00:30:37
C11049,2016-07-05 23:58:31,2016-07-05 23:58:31
C01656,2016-07-05 23:59:45,2016-12-31 04:20:22
C11889,2016-07-06 00:06:04,2016-12-31 23:33:27
C09691,2016-07-06 00:06:24,2016-12-28 19:08:17
C02756,2016-07-06 00:07:19,2016-12-27 23:15:42
C02883,2016-07-06 00:09:18,2016-12-31 23:54:14
C03853,2016-07-06 00:10:28,2016-12-31 19:43:24
C08665,2016-07-06 00:12:27,2016-07-06 00:12:27
C12301,2016-07-06 00:14:41,2016-12-25 14:44:31
C00057,2016-07-06 00:15:00,2016-12-28 16:20:43
C10859,2016-07-06 00:15:38,2016-12-02 22:21:17
C01507,2016-07-06 00:16:01,2016-12-20 17:40:27
C05594,2016-07-06 00:16:24,2016-12-31 14:42:25
C03136,2016-07-06 00:16:34,2016-12-31 16:29:18
C00473,2016-07-06 00:17:53,2016-12-31 20:20:30
C00660,2016-07-06 00:18:03,2016-12-28 20:31:44
C07841,2016-07-06 00:20:08,2016-12-31 23:22:05
C05530,2016-07-06 00:23:41,2016-12-31 23:57:47
C03323,2016-07-06 00:24:04,2016-11-10 22:06:42
C04684,2016-07-06 00:26:26,2016-11-26 16:16:12
C03273,2016-07-06 00:26:53,2016-12-31 22:05:37
C05841,2016-07-06 00:28:45,2016-07-06 00:28:45
C06823,2016-07-06 00:31:37,2016-12-31 22:16:37
C01040,2016-07-06 00:32:38,2016-12-31 23:15:45
C01856,2016-07-06 00:32:47,2016-11-21 20:23:11
C00956,2016-07-06 00:33:40,2016-12-31 19:02:58
C10126,2016-07-06 00:35:30,2016-09-13 22:40:52
C01938,2016-07-06 00:36:44,2016-11-12 20:10:52
C12614,2016-07-06 00:37:04,2016-12-26 01:19:23
C07518,2016-07-06 00:37:08,2016-12-31 23:12:43
C05097,2016-07-06 00:40:29,2016-12-31 23:28:23
C01990,2016-07-06 00:40:30,2016-12-31 17:48:51
C06883,2016-07-06 00:42:33,2016-12-04 22:25:21
C06758,2016-07-06 00:43:49,2016-07-06 00:43:49
C03040,2016-07-06 00:45:00,2016-12-31 23:29:26
C05845,2016-07-06 00:47:55,2016-12-20 22:00:48
C08256,2016-07-06 00:48:47,2016-12-31 22:21:04
C06657,2016-07-06 00:48:51,2016-12-30 23:21:11
C02420,2016-07-06 00:49:39,2016-07-06 00:49:39
C08962,2016-07-06 00:53:20,2016-12-31 23:45:44
C13147,2016-07-06 00:53:32,2016-12-26 20:25:01
C12672,2016-07-06 00:55:22,2016-12-30 14:11:06
C07432,2016-07-06 00:56:43,2016-12-22 16:04:10
C07699,2016-07-06 00:57:04,2016-12-31 00:01:14
C02193,2016-07-06 00:57:18,2016-12-31 22:38:59
C03087,2016-07-06 00:57:54,2016-12-10 21:11:06
C02181,2016-07-06 01:00:20,2016-12-31 20:54:01
C12980,2016-07-06 01:01:21,2016-11-18 11:22:41
C02147,2016-07-06 01:01:41,2016-12-31 23:21:57
C09601,2016-07-06 01:03:43,2016-12-29 14:40:32
C07686,2016-07-06 01:04:47,2016-12-25 15:22:53
C12028,2016-07-06 01:05:00,2016-12-31 21:11:31
C04776,2016-07-06 01:05:52,2016-12-30 14:08:07
C03065,2016-07-06 01:07:05,2016-07-06 01:07:05
C05153,2016-07-06 01:07:49,2016-12-28 16:22:04
C08433,2016-07-06 01:08:21,2016-12-29 17:34:55
C02360,2016-07-06 01:10:45,2016-11-25 16:42:10
C03719,2016-07-06 01:12:20,2016-12-27 03:04:07
C09800,2016-07-06 01:13:08,2016-12-31 23:06:01
C05191,2016-07-06 01:13:52,2016-12-29 16:15:08
C09211,2016-07-06 01:14:19,2016-11-10 13:12:07
C13014,2016-07-06 01:14:24,2016-12-20 00:55:17
C00329,2016-07-06 01:14:54,2016-12-31 22:21:46
C01104,2016-07-06 01:15:38,2016-12-31 19:05:22
C04794,2016-07-06 01:15:51,2016-12-17 03:33:17
C01155,2016-07-06 01:19:18,2016-12-31 23:25:01
C02174,2016-07-06 01:20:04,2016-11-24 19:37:51
C10344,2016-07-06 01:20:49,2016-12-31 19:01:43
C09575,2016-07-06 01:22:09,2016-12-14 01:35:22
C08285,2016-07-06 01:25:00,2016-12-12 13:09:24
C11936,2016-07-06 01:27:05,2016-12-05 14:07:54
C01701,2016-07-06 01:31:05,2016-10-21 20:17:27
C10869,2016-07-06 01:32:50,2016-10-05 17:29:48
C01871,2016-07-06 01:35:36,2016-12-30 01:43:58
C08722,2016-07-06 01:39:35,2016-09-09 22:41:47
C10923,2016-07-06 01:42:51,2016-10-18 23:24:16
C03444,2016-07-06 01:43:04,2016-12-31 19:00:59
C04530,2016-07-06 01:43:08,2016-10-31 15:39:40
C09265,2016-07-06 01:43:29,2016-12-29 21:12:43
C02197,2016-07-06 01:44:41,2016-12-13 19:31:39
C12785,2016-07-06 01:45:54,2016-12-31 21:01:57
C01487,2016-07-06 01:47:41,2016-12-22 23:12:31
C09437,2016-07-06 01:50:14,2016-07-06 01:50:14
C04241,2016-07-06 01:51:53,2016-12-31 23:32:47
C00235,2016-07-06 01:52:09,2016-12-31 23:16:18
C10459,2016-07-06 01:52:17,2016-12-22 13:42:58
C10019,2016-07-06 01:52:59,2016-12-31 02:11:16
C12815,2016-07-06 01:53:58,2016-09-05 19:43:32
C03598,2016-07-06 01:55:10,2016-12-31 22:15:32
C13493,2016-07-06 01:57:52,2016-12-17 23:51:01
C07396,2016-07-06 01:58:59,2016-07-06 01:58:59
C12207,2016-07-06 02:00:26,2016-07-24 17:49:51
C08013,2016-07-06 02:01:58,2016-12-28 11:22:41
C08863,2016-07-06 02:02:16,2016-12-12 17:39:24
C02653,2016-07-06 02:06:13,2016-12-16 00:56:03
C03785,2016-07-06 02:07:06,2016-12-26 23:44:33
C10812,2016-07-06 02:09:42,2016-12-26 22:58:36
C04984,2016-07-06 02:10:09,2016-12-31 20:12:17
C04670,2016-07-06 02:11:13,2016-12-30 23:36:55
C01721,2016-07-06 02:12:37,2016-12-31 22:44:25
C10717,2016-07-06 02:15:39,2016-09-30 16:46:29
C10014,2016-07-06 02:16:30,2016-07-06 23:46:57
C08565,2016-07-06 02:17:08,2016-12-16 13:06:06
C01773,2016-07-06 02:20:01,2016-12-27 23:31:51
C05345,2016-07-06 02:21:07,2016-12-30 11:23:54
C03580,2016-07-06 02:21:07,2016-12-29 23:19:16
C04095,2016-07-06 02:21:51,2016-12-26 22:24:54
C10440,2016-07-06 02:24:31,2016-12-30 14:38:26
C01050,2016-07-06 02:26:00,2016-12-15 21:06:22
C10361,2016-07-06 02:36:38,2016-12-30 20:14:22
C10380,2016-07-06 02:40:09,2016-12-28 13:56:12
C01772,2016-07-06 02:41:11,2016-12-29 15:20:41
C09394,2016-07-06 02:52:32,2016-10-16 21:02:30
C04306,2016-07-06 02:55:37,2016-12-31 18:04:46
C13402,2016-07-06 02:55:40,2016-12-31 12:51:50
C00545,2016-07-06 02:57:00,2016-12-30 01:06:34
C03264,2016-07-06 02:59:35,2016-12-25 18:27:52
C06276,2016-07-06 03:01:40,2016-12-24 02:23:31
C04150,2016-07-06 03:02:13,2016-12-16 21:15:38
C05470,2016-07-06 03:02:39,2016-12-28 20:35:08
C06360,2016-07-06 03:03:00,2016-12-17 18:03:26
C11378,2016-07-06 03:13:38,2016-11-13 19:08:00
C01983,2016-07-06 03:13:56,2016-12-31 16:26:01
C08834,2016-07-06 03:14:55,2016-12-30 05:45:18
C07612,2016-07-06 03:15:42,2016-12-31 16:05:03
C07743,2016-07-06 03:22:20,2016-12-31 16:12:01
C12265,2016-07-06 03:27:13,2016-12-31 23:04:26
C11091,2016-07-06 03:29:24,2016-10-31 21:53:40
C01533,2016-07-06 03:30:48,2016-10-17 00:44:15
C08995,2016-07-06 03:31:17,2016-12-15 02:16:23
C12372,2016-07-06 03:32:12,2016-12-21 18:08:45
C11807,2016-07-06 03:33:39,2016-12-30 20:42:43
C10601,2016-07-06 03:37:04,2016-12-30 21:58:14
C06464,2016-07-06 03:42:11,2016-12-31 19:11:27
C11062,2016-07-06 03:45:20,2016-12-24 21:19:40
C01323,2016-07-06 03:47:14,2016-12-19 17:09:30
C11638,2016-07-06 03:52:06,2016-12-20 03:45:33
C11916,2016-07-06 03:55:34,2016-09-23 02:59:46
C06874,2016-07-06 03:59:32,2016-12-21 18:01:43
C12975,2016-07-06 04:00:19,2016-12-31 17:58:10
C06026,2016-07-06 04:00:48,2016-12-31 18:39:34
C03318,2016-07-06 04:07:25,2016-12-31 21:54:44
C11095,2016-07-06 04:09:43,2016-12-31 16:41:41
C01407,2016-07-06 04:10:37,2016-10-17 19:21:04
C07558,2016-07-06 04:13:54,2016-12-30 23:33:03
C01058,2016-07-06 04:17:19,2016-07-06 04:17:19
C11823,2016-07-06 04:25:17,2016-12-07 20:51:58
C00973,2016-07-06 04:27:50,2016-07-07 18:43:10
C09467,2016-07-06 04:28:14,2016-12-06 02:18:11
C05718,2016-07-06 04:30:34,2016-12-20 22:45:31
C12040,2016-07-06 04:30:34,2016-12-29 21:37:55
C09916,2016-07-06 04:34:28,2016-11-19 14:23:31
C03955,2016-07-06 04:34:36,2016-07-06 05:23:32
C10577,2016-07-06 04:37:53,2016-10-18 15:02:51
C09387,2016-07-06 04:40:56,2016-07-06 04:40:56
C05735,2016-07-06 04:42:18,2016-10-20 23:34:28
C08895,2016-07-06 04:45:49,2016-12-19 13:53:08
C04770,2016-07-06 04:55:42,2016-12-26 14:41:38
C00547,2016-07-06 05:04:21,2016-12-07 00:21:18
C02008,2016-07-06 05:17:40,2016-12-16 21:09:29
C11164,2016-07-06 05:22:43,2016-11-07 19:01:47
C10826,2016-07-06 05:42:49,2016-12-22 02:12:26
C00601,2016-07-06 05:47:34,2016-07-06 05:47:34
C09061,2016-07-06 05:55:31,2016-12-25 20:04:00
C05215,2016-07-06 05:57:30,2016-12-29 22:05:01
C10899,2016-07-06 06:06:02,2016-12-29 23:21:18
C00542,2016-07-06 06:11:56,2016-12-06 17:20:18
C10837,2016-07-06 06:30:58,2016-12-31 16:00:34
C03634,2016-07-06 06:34:07,2016-12-29 23:35:57
C07766,2016-07-06 06:50:20,2016-12-23 18:17:47
C01673,2016-07-06 07:00:24,2016-12-17 13:23:34
C08507,2016-07-06 07:08:34,2016-10-24 16:11:00
C11853,2016-07-06 07:25:14,2016-12-30 12:46:52
C11674,2016-07-06 07:46:19,2016-11-19 00:59:13
C03676,2016-07-06 07:48:11,2016-12-31 12:40:11
C12622,2016-07-06 08:13:46,2016-12-28 22:34:06
C07981,2016-07-06 08:20:00,2016-12-29 22:36:48
C02982,2016-07-06 08:28:43,2016-12-22 18:26:29
C10559,2016-07-06 09:26:54,2016-12-31 10:39:48
C11516,2016-07-06 09:40:10,2016-12-23 19:03:50
C03611,2016-07-06 09:58:08,2016-12-29 14:20:17
C03594,2016-07-06 09:58:46,2016-12-25 21:21:07
C03595,2016-07-06 10:13:30,2016-12-31 21:26:26
C06650,2016-07-06 10:48:03,2016-12-31 23:44:44
C02887,2016-07-06 11:05:40,2016-10-08 14:13:36
C00510,2016-07-06 11:06:05,2016-12-26 17:24:16
C08445,2016-07-06 11:40:26,2016-10-25 12:54:43
C00925,2016-07-06 11:56:51,2016-08-08 17:46:56
C01116,2016-07-06 12:00:30,2016-12-31 22:25:17
C08741,2016-07-06 12:13:16,2016-12-30 17:04:25
C00037,2016-07-06 12:23:21,2016-12-22 17:01:33
C08866,2016-07-06 12:30:27,2016-07-06 12:30:27
C06604,2016-07-06 12:31:22,2016-07-08 14:05:14
C01615,2016-07-06 12:31:49,2016-12-13 15:15:32
C05108,2016-07-06 12:36:02,2016-12-28 18:37:36
C10350,2016-07-06 12:37:15,2016-12-31 15:40:28
C07437,2016-07-06 12:39:27,2016-12-31 02:03:38
C09549,2016-07-06 12:45:31,2016-10-12 15:10:00
C04244,2016-07-06 12:48:47,2016-12-31 22:41:10
C09458,2016-07-06 12:49:05,2016-08-02 14:39:53
C02050,2016-07-06 12:51:00,2016-12-19 10:52:52
C11186,2016-07-06 13:01:29,2016-12-20 21:27:58
C09049,2016-07-06 13:02:44,2016-12-29 15:52:48
C07614,2016-07-06 13:04:43,2016-12-31 21:35:46
C01326,2016-07-06 13:07:33,2016-12-25 02:01:35
C12011,2016-07-06 13:08:26,2016-12-30 19:39:59
C10327,2016-07-06 13:08:36,2016-11-25 14:27:30
C08012,2016-07-06 13:11:11,2016-12-18 08:02:03
C06024,2016-07-06 13:15:52,2016-12-31 14:58:47
C02903,2016-07-06 13:22:08,2016-07-06 13:22:08
C10932,2016-07-06 13:30:40,2016-12-19 11:20:40
C00556,2016-07-06 13:38:18,2016-12-25 20:12:50
C07745,2016-07-06 13:43:07,2016-12-13 15:08:16
C02753,2016-07-06 13:50:53,2016-12-31 22:21:43
C08807,2016-07-06 13:53:34,2016-12-31 19:35:36
C11238,2016-07-06 13:53:46,2016-12-28 15:16:07
C04705,2016-07-06 13:54:27,2016-07-30 16:14:59
C10044,2016-07-06 13:56:46,2016-10-10 22:24:31
C13044,2016-07-06 13:57:57,2016-12-26 17:32:06
C11944,2016-07-06 13:58:32,2016-10-31 14:15:34
C06068,2016-07-06 13:59:33,2016-12-27 16:35:53
C02006,2016-07-06 14:03:56,2016-12-31 22:12:21
C11265,2016-07-06 14:06:40,2016-11-17 21:49:12
C06358,2016-07-06 14:07:02,2016-12-28 19:55:09
C06995,2016-07-06 14:07:33,2016-10-19 22:31:07
C04046,2016-07-06 14:10:29,2016-12-31 21:23:20
C10737,2016-07-06 14:12:19,2016-07-06 14:12:19
C00961,2016-07-06 14:12:42,2016-12-25 20:01:29
C00967,2016-07-06 14:12:59,2016-10-14 21:38:27
C01840,2016-07-06 14:19:35,2016-07-06 14:19:35
C00810,2016-07-06 14:20:02,2016-12-20 02:07:40
C02458,2016-07-06 14:24:54,2016-12-30 20:49:26
C04671,2016-07-06 14:28:12,2016-12-20 16:30:31
C07969,2016-07-06 14:29:55,2016-12-13 14:44:19
C11730,2016-07-06 14:30:10,2016-12-28 03:49:17
C08623,2016-07-06 14:31:05,2016-12-31 20:11:09
C00806,2016-07-06 14:32:49,2016-07-06 14:32:49
C12513,2016-07-06 14:38:07,2016-09-16 15:22:25
C05553,2016-07-06 14:40:03,2016-09-27 20:14:15
C11759,2016-07-06 14:41:32,2016-08-05 19:46:49
C03331,2016-07-06 14:44:20,2016-12-18 19:59:59
C05833,2016-07-06 14:45:09,2016-12-30 13:19:47
C12382,2016-07-06 14:47:52,2016-12-31 19:14:37
C12910,2016-07-06 14:50:48,2016-07-22 01:58:59
C05435,2016-07-06 14:51:47,2016-11-25 17:21:23
C04928,2016-07-06 14:51:55,2016-12-30 14:43:38
C06429,2016-07-06 14:54:34,2016-07-18 19:21:36
C11247,2016-07-06 15:00:10,2016-12-31 05:42:55
C04732,2016-07-06 15:02:43,2016-12-30 23:10:23
C11536,2016-07-06 15:05:04,2016-12-30 19:01:41
C12403,2016-07-06 15:05:44,2016-12-31 23:24:30
C12408,2016-07-06 15:06:46,2016-12-31 22:36:50
C03893,2016-07-06 15:07:20,2016-12-31 00:23:47
C13269,2016-07-06 15:07:22,2016-12-31 16:54:17
C01145,2016-07-06 15:11:32,2016-12-21 21:28:46
C11714,2016-07-06 15:14:39,2016-12-20 23:46:34
C00241,2016-07-06 15:16:15,2016-11-01 18:52:35
C01571,2016-07-06 15:17:44,2016-11-01 14:50:30
C10986,2016-07-06 15:22:54,2016-12-31 15:34:31
C12641,2016-07-06 15:25:22,2016-12-28 21:06:07
C05905,2016-07-06 15:28:13,2016-12-22 15:27:14
C03531,2016-07-06 15:31:20,2016-12-11 15:30:27
C02842,2016-07-06 15:35:24,2016-11-27 02:48:32
C03005,2016-07-06 15:40:01,2016-12-31 13:26:11
C03324,2016-07-06 15:40:27,2016-12-29 18:54:23
C01846,2016-07-06 15:44:25,2016-12-19 23:07:55
C13332,2016-07-06 15:47:00,2016-12-30 15:13:42
C05378,2016-07-06 15:47:03,2016-12-31 18:22:58
C07086,2016-07-06 15:48:38,2016-12-29 01:50:42
C00909,2016-07-06 15:51:43,2016-11-28 14:26:45
C08746,2016-07-06 15:53:40,2016-12-28 17:16:08
C10399,2016-07-06 15:56:07,2016-12-23 00:41:03
C00871,2016-07-06 16:08:39,2016-11-23 13:10:34
C03283,2016-07-06 16:09:25,2016-12-31 12:21:53
C08476,2016-07-06 16:10:18,2016-12-18 22:26:38
C07864,2016-07-06 16:10:31,2016-12-31 14:10:26
C07278,2016-07-06 16:11:11,2016-07-06 16:11:11
C02830,2016-07-06 16:11:29,2016-12-29 18:26:17
C01056,2016-07-06 16:13:03,2016-10-24 16:38:22
C08333,2016-07-06 16:13:12,2016-12-27 13:45:54
C01370,2016-07-06 16:13:14,2016-12-31 14:48:00
C09965,2016-07-06 16:15:11,2016-11-25 19:13:42
C06919,2016-07-06 16:15:19,2016-11-04 15:19:08
C08587,2016-07-06 16:18:55,2016-12-09 16:03:43
C02848,2016-07-06 16:19:22,2016-12-10 15:49:00
C09975,2016-07-06 16:19:31,2016-12-25 13:48:19
C07160,2016-07-06 16:20:33,2016-07-06 16:20:33
C06303,2016-07-06 16:21:33,2016-12-31 18:49:55
C09084,2016-07-06 16:26:53,2016-11-12 14:18:22
C02388,2016-07-06 16:28:19,2016-12-29 18:17:50
C09676,2016-07-06 16:30:25,2016-12-31 20:54:17
C06409,2016-07-06 16:31:09,2016-12-29 20:52:43
C08451,2016-07-06 16:33:39,2016-12-29 02:13:48
C10162,2016-07-06 16:35:15,2016-12-24 21:40:32
C05949,2016-07-06 16:36:13,2016-07-06 16:36:13
C00162,2016-07-06 16:36:53,2016-12-13 20:11:45
C12748,2016-07-06 16:38:44,2016-12-30 22:47:39
C01467,2016-07-06 16:40:58,2016-07-06 16:40:58
C03285,2016-07-06 16:42:07,2016-12-30 03:02:31
C04604,2016-07-06 16:43:34,2016-08-13 21:31:10
C03992,2016-07-06 16:44:30,2016-12-29 18:33:11
C12192,2016-07-06 16:44:32,2016-12-30 20:37:17
C03498,2016-07-06 16:45:44,2016-12-26 17:32:37
C09329,2016-07-06 16:47:11,2016-07-06 16:47:11
C06088,2016-07-06 16:47:58,2016-12-04 03:36:12
C11172,2016-07-06 16:51:52,2016-12-12 17:40:09
C06139,2016-07-06 16:51:58,2016-12-31 12:18:47
C10962,2016-07-06 16:54:13,2016-12-30 20:56:21
C01258,2016-07-06 16:56:38,2016-12-04 19:31:40
C06274,2016-07-06 17:00:13,2016-12-10 05:58:57
C12349,2016-07-06 17:02:57,2016-12-15 21:03:14
C10422,2016-07-06 17:02:58,2016-12-29 18:28:47
C13103,2016-07-06 17:05:08,2016-12-30 16:40:29
C10626,2016-07-06 17:05:44,2016-07-06 17:05:44
C08223,2016-07-06 17:08:30,2016-07-06 17:08:30
C10611,2016-07-06 17:10:20,2016-12-30 14:51:45
C07062,2016-07-06 17:14:14,2016-12-31 22:33:32
C04205,2016-07-06 17:14:52,2016-12-13 17:04:24
C08984,2016-07-06 17:14:55,2016-11-04 01:30:47
C03902,2016-07-06 17:17:12,2016-12-24 14:27:23
C11691,2016-07-06 17:17:18,2016-12-31 19:31:24
C02483,2016-07-06 17:18:17,2016-12-29 00:11:35
C08712,2016-07-06 17:18:53,2016-12-11 15:32:31
C01627,2016-07-06 17:21:37,2016-12-14 18:44:10
C03639,2016-07-06 17:25:08,2016-12-28 19:34:10
C00361,2016-07-06 17:25:17,2016-08-20 16:39:57
C03095,2016-07-06 17:25:22,2016-12-26 22:41:16
C11029,2016-07-06 17:25:31,2016-12-17 17:12:42
C04117,2016-07-06 17:25:49,2016-12-31 20:39:58
C04068,2016-07-06 17:27:02,2016-12-31 20:24:57
C01053,2016-07-06 17:27:08,2016-12-22 22:43:38
C07416,2016-07-06 17:29:18,2016-12-31 11:14:24
C07424,2016-07-06 17:31:52,2016-07-06 17:31:52
C05986,2016-07-06 17:34:47,2016-12-31 15:21:24
C08197,2016-07-06 17:35:29,2016-12-06 18:23:06
C09344,2016-07-06 17:42:33,2016-12-31 23:36:47
C02910,2016-07-06 17:45:30,2016-12-30 23:22:41
C03305,2016-07-06 17:47:29,2016-11-19 17:29:14
C02352,2016-07-06 17:47:47,2016-12-29 15:23:23
C00173,2016-07-06 17:54:07,2016-08-06 20:28:11
C09839,2016-07-06 17:54:42,2016-11-16 17:26:32
C01789,2016-07-06 17:55:18,2016-12-27 07:16:19
C05309,2016-07-06 17:55:25,2016-12-23 21:55:40
C05415,2016-07-06 17:55:30,2016-12-10 12:59:22
C01340,2016-07-06 17:56:13,2016-12-29 00:06:29
C03362,2016-07-06 17:57:09,2016-07-27 19:52:26
C07445,2016-07-06 17:59:23,2016-12-27 14:33:34
C10843,2016-07-06 17:59:56,2016-12-25 23:27:32
C00995,2016-07-06 18:00:28,2016-12-28 01:06:33
C12167,2016-07-06 18:01:03,2016-12-25 20:15:58
C01259,2016-07-06 18:03:07,2016-11-27 20:58:39
C08540,2016-07-06 18:04:31,2016-12-26 16:36:56
C05096,2016-07-06 18:05:11,2016-10-18 05:46:21
C05629,2016-07-06 18:08:06,2016-10-15 23:59:11
C09717,2016-07-06 18:08:54,2016-12-28 16:29:23
C07232,2016-07-06 18:12:20,2016-12-04 20:35:50
C06499,2016-07-06 18:12:41,2016-07-06 18:12:41
C05634,2016-07-06 18:13:34,2016-12-30 23:46:22
C09120,2016-07-06 18:14:03,2016-12-22 02:51:40
C05292,2016-07-06 18:18:08,2016-12-28 20:21:31
C05402,2016-07-06 18:18:23,2016-12-31 17:38:26
C09296,2016-07-06 18:19:30,2016-10-19 16:52:00
C12356,2016-07-06 18:21:04,2016-12-30 16:52:52
C06340,2016-07-06 18:21:32,2016-11-27 23:47:02
C11413,2016-07-06 18:27:54,2016-12-30 23:16:20
C09000,2016-07-06 18:28:42,2016-12-07 13:36:21
C05079,2016-07-06 18:29:46,2016-12-31 15:14:47
C10529,2016-07-06 18:30:46,2016-12-17 15:38:01
C05981,2016-07-06 18:32:54,2016-11-16 17:49:48
C11504,2016-07-06 18:35:17,2016-12-11 20:54:35
C08922,2016-07-06 18:37:26,2016-11-09 16:37:55
C11931,2016-07-06 18:38:30,2016-07-06 18:38:30
C04024,2016-07-06 18:40:16,2016-12-31 14:59:21
C00754,2016-07-06 18:40:18,2016-12-29 22:46:47
C11035,2016-07-06 18:43:04,2016-12-20 18:04:38
C07872,2016-07-06 18:43:05,2016-12-31 23:03:29
C03344,2016-07-06 18:44:09,2016-12-12 16:52:56
C08347,2016-07-06 18:46:01,2016-07-26 21:49:02
C10157,2016-07-06 18:49:53,2016-09-06 04:06:16
C02487,2016-07-06 18:51:47,2016-12-30 16:50:19
C04473,2016-07-06 18:54:16,2016-12-21 02:36:53
C11194,2016-07-06 18:54:37,2016-12-31 17:13:20
C02336,2016-07-06 18:57:21,2016-12-31 18:02:54
C04932,2016-07-06 18:57:54,2016-12-09 15:17:54
C03589,2016-07-06 18:57:55,2016-12-27 14:09:14
C09988,2016-07-06 19:02:49,2016-12-24 19:28:38
C04348,2016-07-06 19:03:53,2016-12-31 00:37:15
C07586,2016-07-06 19:08:38,2016-12-29 18:15:56
C09954,2016-07-06 19:08:48,2016-12-22 21:25:22
C09810,2016-07-06 19:10:33,2016-10-01 21:12:21
C07172,2016-07-06 19:11:17,2016-12-28 13:46:34
C06908,2016-07-06 19:11:32,2016-12-22 00:41:59
C13206,2016-07-06 19:11:48,2016-09-17 15:55:30
C05498,2016-07-06 19:14:34,2016-12-20 18:41:52
C00573,2016-07-06 19:16:40,2016-10-14 17:21:17
C02742,2016-07-06 19:20:23,2016-12-12 14:28:48
C12577,2016-07-06 19:20:33,2016-08-10 16:44:21
C08070,2016-07-06 19:24:26,2016-12-14 21:47:24
C12654,2016-07-06 19:25:01,2016-09-25 18:18:59
C08376,2016-07-06 19:28:01,2016-11-29 05:35:14
C00202,2016-07-06 19:32:49,2016-12-14 01:01:28
C00152,2016-07-06 19:33:04,2016-11-22 05:38:40
C10665,2016-07-06 19:33:38,2016-07-06 19:33:38
C10451,2016-07-06 19:35:31,2016-07-06 19:35:31
C08359,2016-07-06 19:35:36,2016-12-28 02:11:31
C00107,2016-07-06 19:35:51,2016-12-31 00:06:55
C09771,2016-07-06 19:37:54,2016-07-06 19:37:54
C04905,2016-07-06 19:38:20,2016-12-31 07:16:21
C04164,2016-07-06 19:39:15,2016-12-08 16:36:53
C03856,2016-07-06 19:41:21,2016-12-31 14:31:15
C09870,2016-07-06 19:41:37,2016-12-13 00:34:54
C10098,2016-07-06 19:48:02,2016-12-31 23:25:28
C06044,2016-07-06 19:50:15,2016-12-09 14:29:47
C00210,2016-07-06 19:51:55,2016-12-12 16:29:34
C04551,2016-07-06 19:52:19,2016-12-31 10:46:44
C06694,2016-07-06 19:52:55,2016-12-28 20:06:47
C04438,2016-07-06 20:00:05,2016-12-15 01:46:07
C13541,2016-07-06 20:00:48,2016-12-06 03:59:30
C10504,2016-07-06 20:02:01,2016-12-30 19:54:56
C01562,2016-07-06 20:06:10,2016-12-26 22:12:30
C08337,2016-07-06 20:08:55,2016-09-03 18:43:42
C02407,2016-07-06 20:09:20,2016-07-06 20:46:52
C06264,2016-07-06 20:09:24,2016-08-16 19:46:06
C11003,2016-07-06 20:09:36,2016-12-31 16:18:10
C09995,2016-07-06 20:09:48,2016-12-31 19:32:30
C06780,2016-07-06 20:12:50,2016-11-14 21:04:17
C03725,2016-07-06 20:14:16,2016-12-27 11:18:34
C12989,2016-07-06 20:14:19,2016-12-31 21:20:20
C03240,2016-07-06 20:16:59,2016-11-30 22:22:04
C03321,2016-07-06 20:18:58,2016-11-27 03:16:22
C08363,2016-07-06 20:20:08,2016-12-21 18:31:21
C02917,2016-07-06 20:25:08,2016-12-26 20:10:38
C01812,2016-07-06 20:26:04,2016-12-30 16:50:30
C09218,2016-07-06 20:28:01,2016-10-25 23:10:45
C07928,2016-07-06 20:28:21,2016-07-06 20:28:21
C03238,2016-07-06 20:28:35,2016-08-16 23:07:09
C12525,2016-07-06 20:30:27,2016-12-30 23:23:57
C09696,2016-07-06 20:34:11,2016-12-11 01:13:03
C08616,2016-07-06 20:38:48,2016-12-29 21:32:27
C11523,2016-07-06 20:41:26,2016-10-11 16:11:44
C07022,2016-07-06 20:41:48,2016-11-29 22:57:42
C06113,2016-07-06 20:44:05,2016-12-27 14:17:24
C06671,2016-07-06 20:44:20,2016-11-29 12:59:08
C12063,2016-07-06 20:45:19,2016-12-31 16:42:12
C13092,2016-07-06 20:46:53,2016-12-20 03:35:27
C06934,2016-07-06 20:47:05,2016-07-06 20:47:05
C11127,2016-07-06 20:47:48,2016-07-06 20:47:48
C08314,2016-07-06 20:49:01,2016-12-31 18:40:44
C03688,2016-07-06 20:50:29,2016-12-31 15:15:33
C03103,2016-07-06 20:50:44,2016-07-06 20:50:44
C08190,2016-07-06 20:52:16,2016-12-31 03:43:39
C12604,2016-07-06 20:54:44,2016-12-21 17:18:25
C10925,2016-07-06 20:55:23,2016-11-17 21:34:32
C05002,2016-07-06 20:57:51,2016-12-31 23:44:16
C03193,2016-07-06 20:58:30,2016-12-09 01:53:16
C03740,2016-07-06 21:01:22,2016-12-20 23:17:43
C04507,2016-07-06 21:02:26,2016-12-29 00:23:07
C11353,2016-07-06 21:03:49,2016-12-20 04:37:54
C04828,2016-07-06 21:06:12,2016-12-31 23:10:01
C05896,2016-07-06 21:07:41,2016-10-25 16:11:29
C05244,2016-07-06 21:11:15,2016-11-23 19:48:23
C09358,2016-07-06 21:12:22,2016-12-27 19:12:31
C12786,2016-07-06 21:12:24,2016-11-22 03:55:42
C00147,2016-07-06 21:12:55,2016-12-22 17:33:44
C08578,2016-07-06 21:14:19,2016-12-28 19:57:01
C07834,2016-07-06 21:15:14,2016-12-02 02:29:36
C10062,2016-07-06 21:17:31,2016-07-06 21:17:31
C12629,2016-07-06 21:19:17,2016-12-28 18:46:32
C09719,2016-07-06 21:20:19,2016-12-14 19:54:42
C03693,2016-07-06 21:23:32,2016-11-17 19:41:58
C05659,2016-07-06 21:25:19,2016-09-15 19:43:42
C05214,2016-07-06 21:26:07,2016-11-20 14:42:59
C01209,2016-07-06 21:28:01,2016-08-05 20:33:11
C13266,2016-07-06 21:29:31,2016-10-31 13:51:06
C09285,2016-07-06 21:35:17,2016-12-30 14:44:24
C05127,2016-07-06 21:39:03,2016-12-19 22:59:31
C07039,2016-07-06 21:41:50,2016-12-01 16:31:44
C00501,2016-07-06 21:42:22,2016-12-31 15:57:05
C04529,2016-07-06 21:42:45,2016-07-09 16:53:50
C02345,2016-07-06 21:43:18,2016-07-06 21:43:18
C10414,2016-07-06 21:51:37,2016-11-18 16:46:00
C11653,2016-07-06 21:52:10,2016-11-16 00:31:30
C10075,2016-07-06 21:53:47,2016-10-05 15:15:06
C05970,2016-07-06 21:55:20,2016-11-14 21:31:58
C08205,2016-07-06 21:55:46,2016-11-29 02:39:30
C04573,2016-07-06 21:58:59,2016-11-30 23:14:52
C08111,2016-07-06 21:59:05,2016-12-28 18:22:43
C07002,2016-07-06 21:59:09,2016-12-22 22:12:27
C03121,2016-07-06 21:59:19,2016-11-03 19:25:16
C11959,2016-07-06 22:01:58,2016-12-23 18:49:27
C06105,2016-07-06 22:07:27,2016-12-29 02:46:07
C01014,2016-07-06 22:08:07,2016-12-12 22:54:53
C11866,2016-07-06 22:08:23,2016-12-05 20:55:53
C03358,2016-07-06 22:08:59,2016-12-15 17:31:17
C00631,2016-07-06 22:11:36,2016-11-09 14:42:03
C04145,2016-07-06 22:12:22,2016-10-19 18:14:21
C06089,2016-07-06 22:20:40,2016-10-16 00:48:23
C05347,2016-07-06 22:21:36,2016-12-28 15:37:36
C01343,2016-07-06 22:25:05,2016-10-31 21:18:57
C05851,2016-07-06 22:30:07,2016-12-26 16:55:27
C10941,2016-07-06 22:30:19,2016-07-06 22:30:19
C09027,2016-07-06 22:33:32,2016-12-31 21:34:41
C10354,2016-07-06 22:36:33,2016-12-16 17:39:49
C01016,2016-07-06 22:38:41,2016-12-31 03:02:55
C03657,2016-07-06 22:39:03,2016-12-30 21:14:19
C11313,2016-07-06 22:40:22,2016-12-09 21:29:54
C10783,2016-07-06 22:40:31,2016-12-19 00:54:00
C05444,2016-07-06 22:41:20,2016-11-13 00:18:07
C06314,2016-07-06 22:48:09,2016-12-31 11:25:48
C09465,2016-07-06 22:53:42,2016-12-11 21:03:19
C01504,2016-07-06 22:55:54,2016-12-11 17:56:45
C08382,2016-07-06 23:03:38,2016-09-21 16:09:37
C00564,2016-07-06 23:04:36,2016-12-09 18:30:10
C03002,2016-07-06 23:09:47,2016-12-30 22:18:52
C00989,2016-07-06 23:12:36,2016-11-28 17:45:19
C06002,2016-07-06 23:16:10,2016-12-26 13:31:46
C12742,2016-07-06 23:16:51,2016-12-30 01:11:58
C01488,2016-07-06 23:20:19,2016-12-24 16:32:56
C07838,2016-07-06 23:22:43,2016-12-20 09:26:00
C05050,2016-07-06 23:24:36,2016-07-07 17:22:35
C10314,2016-07-06 23:24:36,2016-12-19 19:59:08
C05661,2016-07-06 23:28:22,2016-12-30 16:28:56
C08293,2016-07-06 23:29:07,2016-12-31 23:53:53
C06178,2016-07-06 23:29:12,2016-07-06 23:29:12
C10981,2016-07-06 23:30:44,2016-12-12 12:56:19
C10206,2016-07-06 23:36:39,2016-12-19 15:03:04
C08185,2016-07-06 23:38:41,2016-12-26 23:34:49
C12973,2016-07-06 23:38:55,2016-12-31 19:57:38
C09854,2016-07-06 23:39:05,2016-12-30 22:46:48
C04184,2016-07-06 23:39:57,2016-10-30 18:13:07
C12726,2016-07-06 23:39:57,2016-07-23 17:36:48
C06539,2016-07-06 23:44:42,2016-07-06 23:44:42
C08106,2016-07-06 23:51:38,2016-12-30 23:24:57
C12162,2016-07-06 23:53:28,2016-12-06 22:53:36
C09148,2016-07-06 23:53:41,2016-12-30 22:14:10
C10434,2016-07-06 23:54:46,2016-12-26 20:09:00
C08143,2016-07-06 23:55:01,2016-10-28 18:50:40
C05249,2016-07-06 23:55:03,2016-07-06 23:55:03
C07201,2016-07-06 23:55:12,2016-07-23 21:32:09
C07816,2016-07-06 23:56:31,2016-12-22 20:57:48
C08410,2016-07-06 23:57:09,2016-12-30 11:32:57
C11927,2016-07-06 23:58:03,2016-12-11 18:11:37
C07107,2016-07-07 00:00:16,2016-11-26 21:18:32
C12620,2016-07-07 00:00:43,2016-10-12 14:51:37
C08856,2016-07-07 00:00:58,2016-07-16 20:24:15
C08999,2016-07-07 00:01:27,2016-12-31 16:02:08
C08463,2016-07-07 00:02:24,2016-10-03 01:56:20
C10893,2016-07-07 00:03:24,2016-12-17 03:44:40
C07794,2016-07-07 00:07:12,2016-12-31 12:01:41
C01255,2016-07-07 00:08:53,2016-12-11 21:50:31
C11722,2016-07-07 00:11:26,2016-12-31 14:00:50
C09257,2016-07-07 00:11:41,2016-12-23 21:41:36
C09080,2016-07-07 00:12:24,2016-11-07 21:32:58
C02433,2016-07-07 00:13:42,2016-12-08 02:14:14
C00534,2016-07-07 00:17:15,2016-12-30 17:36:24
C04386,2016-07-07 00:17:47,2016-12-31 21:19:30
C08759,2016-07-07 00:18:29,2016-09-02 05:03:42
C08496,2016-07-07 00:19:23,2016-12-30 17:57:13
C06756,2016-07-07 00:20:15,2016-12-31 14:29:34
C08691,2016-07-07 00:24:27,2016-12-22 02:10:45
C08845,2016-07-07 00:25:31,2016-12-31 17:45:33
C03645,2016-07-07 00:27:16,2016-12-27 12:32:14
C08380,2016-07-07 00:28:27,2016-12-26 02:49:53
C07965,2016-07-07 00:31:15,2016-12-11 21:00:58
C02312,2016-07-07 00:33:24,2016-07-07 00:54:34
C11596,2016-07-07 00:36:28,2016-12-30 22:39:10
C06036,2016-07-07 00:40:13,2016-12-30 05:06:58
C09141,2016-07-07 00:44:56,2016-12-31 21:14:35
C02714,2016-07-07 00:47:06,2016-12-21 00:00:15
C08527,2016-07-07 00:47:25,2016-12-27 20:23:06
C05814,2016-07-07 00:56:28,2016-12-31 03:13:29
C12165,2016-07-07 00:56:47,2016-12-11 02:01:27
C09390,2016-07-07 00:58:33,2016-07-28 18:33:26
C08491,2016-07-07 00:58:48,2016-09-27 21:33:59
C02541,2016-07-07 00:59:15,2016-12-30 13:28:58
C11926,2016-07-07 01:02:06,2016-12-31 01:27:49
C10720,2016-07-07 01:07:28,2016-12-28 11:18:03
C04514,2016-07-07 01:08:15,2016-11-04 13:11:13
C08174,2016-07-07 01:08:19,2016-12-30 12:58:14
C06008,2016-07-07 01:17:31,2016-12-29 21:40:56
C04626,2016-07-07 01:19:07,2016-09-16 21:33:29
C05449,2016-07-07 01:19:17,2016-12-14 11:13:32
C07237,2016-07-07 01:19:38,2016-12-31 19:19:11
C07828,2016-07-07 01:23:01,2016-12-28 16:32:41
C08509,2016-07-07 01:24:03,2016-09-06 02:14:47
C00864,2016-07-07 01:25:26,2016-12-19 11:41:41
C13447,2016-07-07 01:28:10,2016-12-31 23:42:06
C11791,2016-07-07 01:41:51,2016-08-28 00:07:18
C01469,2016-07-07 01:48:50,2016-12-26 21:49:21
C10751,2016-07-07 01:53:27,2016-12-17 21:38:39
C04562,2016-07-07 01:54:29,2016-12-18 11:49:02
C03390,2016-07-07 02:00:16,2016-08-02 23:51:54
C10429,2016-07-07 02:14:48,2016-07-16 00:12:11
C04357,2016-07-07 02:18:18,2016-12-09 14:11:45
C11102,2016-07-07 02:18:30,2016-12-29 00:45:51
C00536,2016-07-07 02:22:37,2016-07-25 21:24:34
C07102,2016-07-07 02:27:56,2016-12-30 15:32:59
C00651,2016-07-07 02:34:31,2016-07-07 02:34:31
C11857,2016-07-07 02:38:07,2016-11-27 01:19:17
C08199,2016-07-07 02:38:35,2016-08-17 22:44:54
C12420,2016-07-07 02:44:25,2016-12-29 01:25:42
C09193,2016-07-07 02:45:11,2016-12-18 15:18:55
C05175,2016-07-07 02:52:13,2016-12-10 01:57:13
C06020,2016-07-07 03:00:23,2016-12-11 15:57:32
C05855,2016-07-07 03:00:39,2016-10-29 01:23:02
C13195,2016-07-07 03:06:21,2016-12-30 22:12:24
C09483,2016-07-07 03:09:32,2016-11-07 23:11:15
C10470,2016-07-07 03:14:31,2016-10-19 16:10:07
C06629,2016-07-07 03:14:41,2016-09-20 18:51:18
C05077,2016-07-07 03:14:49,2016-12-20 16:31:27
C04773,2016-07-07 03:15:08,2016-12-28 13:47:02
C03802,2016-07-07 03:21:04,2016-12-31 18:13:06
C11601,2016-07-07 03:23:01,2016-12-25 18:14:33
C02584,2016-07-07 03:26:20,2016-11-13 00:21:43
C08366,2016-07-07 03:31:07,2016-12-31 22:25:48
C11323,2016-07-07 03:32:20,2016-09-01 04:28:56
C01439,2016-07-07 03:43:40,2016-12-31 05:06:24
C07368,2016-07-07 03:46:35,2016-12-30 18:23:11
C02870,2016-07-07 03:54:35,2016-12-27 20:28:38
C03694,2016-07-07 03:56:59,2016-10-30 17:12:15
C01410,2016-07-07 03:59:29,2016-10-18 23:43:15
C08465,2016-07-07 04:01:52,2016-12-23 22:01:19
C12888,2016-07-07 04:03:40,2016-07-07 04:03:40
C09704,2016-07-07 04:16:52,2016-11-27 22:55:27
C00815,2016-07-07 04:28:57,2016-12-18 18:16:25
C01501,2016-07-07 04:30:45,2016-07-07 04:30:45
C03067,2016-07-07 04:34:38,2016-12-31 21:19:26
C03789,2016-07-07 04:55:46,2016-12-19 20:27:15
C11159,2016-07-07 05:06:35,2016-12-30 15:24:54
C06326,2016-07-07 05:19:30,2016-12-19 13:59:05
C01242,2016-07-07 05:27:16,2016-12-21 00:19:09
C00583,2016-07-07 05:28:41,2016-12-31 21:54:39
C04811,2016-07-07 05:40:03,2016-07-19 00:35:09
C09917,2016-07-07 05:41:05,2016-12-31 23:34:32
C10395,2016-07-07 05:41:46,2016-12-31 14:20:26
C07347,2016-07-07 05:44:16,2016-12-27 16:54:30
C09187,2016-07-07 05:50:30,2016-12-14 03:50:18
C11787,2016-07-07 05:56:19,2016-12-31 22:51:17
C05049,2016-07-07 06:00:06,2016-12-28 00:04:42
C10040,2016-07-07 06:00:11,2016-09-23 23:31:58
C08023,2016-07-07 06:16:09,2016-12-29 22:26:18
C11628,2016-07-07 06:22:50,2016-12-24 18:53:28
C08564,2016-07-07 06:25:24,2016-11-07 22:58:55
C05404,2016-07-07 06:41:08,2016-12-31 11:12:43
C10520,2016-07-07 06:54:12,2016-12-19 13:57:13
C03436,2016-07-07 10:08:30,2016-12-29 23:55:57
C06427,2016-07-07 10:44:41,2016-12-26 16:06:32
C13448,2016-07-07 11:03:28,2016-12-02 17:41:21
C08405,2016-07-07 11:08:42,2016-11-01 16:44:33
C10224,2016-07-07 11:26:40,2016-12-28 16:59:19
C00144,2016-07-07 11:27:09,2016-11-03 22:35:31
C10988,2016-07-07 11:37:07,2016-12-07 18:25:02
C11015,2016-07-07 11:48:20,2016-07-07 11:48:20
C11668,2016-07-07 11:50:45,2016-10-16 15:46:40
C11856,2016-07-07 12:10:09,2016-10-30 17:02:10
C08484,2016-07-07 12:11:43,2016-12-06 23:49:48
C01923,2016-07-07 12:14:15,2016-07-25 23:35:11
C04930,2016-07-07 12:17:43,2016-07-07 12:17:43
C13399,2016-07-07 12:21:15,2016-12-30 16:27:04
C09903,2016-07-07 12:22:35,2016-12-17 02:45:12
C01620,2016-07-07 12:29:52,2016-12-29 03:08:15
C09403,2016-07-07 12:32:27,2016-07-23 23:40:07
C09433,2016-07-07 12:33:52,2016-12-12 18:23:55
C06763,2016-07-07 12:37:38,2016-11-26 11:56:39
C11160,2016-07-07 12:45:11,2016-07-07 12:45:11
C03301,2016-07-07 12:49:02,2016-12-23 02:14:05
C02952,2016-07-07 12:58:30,2016-12-24 01:59:36
C06398,2016-07-07 12:59:58,2016-11-23 19:23:28
C01726,2016-07-07 13:18:45,2016-12-27 17:05:10
C11894,2016-07-07 13:18:52,2016-12-15 21:52:18
C03965,2016-07-07 13:19:26,2016-07-07 13:19:26
C05879,2016-07-07 13:19:47,2016-12-01 03:17:30
C12177,2016-07-07 13:20:45,2016-12-24 21:25:18
C05090,2016-07-07 13:21:19,2016-12-27 10:34:55
C06168,2016-07-07 13:25:22,2016-12-27 22:17:04
C10675,2016-07-07 13:28:00,2016-12-26 18:41:01
C05654,2016-07-07 13:30:22,2016-12-29 17:37:45
C07403,2016-07-07 13:30:30,2016-12-09 23:49:39
C07784,2016-07-07 13:31:04,2016-10-17 18:19:05
C07026,2016-07-07 13:33:16,2016-12-06 19:20:55
C10935,2016-07-07 13:34:32,2016-12-28 19:55:46
C09962,2016-07-07 13:38:43,2016-12-21 16:17:44
C04656,2016-07-07 13:39:08,2016-12-28 01:09:33
C10284,2016-07-07 13:40:41,2016-11-03 18:23:51
C11171,2016-07-07 13:41:40,2016-12-24 19:03:44
C02924,2016-07-07 13:45:30,2016-12-08 23:11:17
C05213,2016-07-07 13:50:54,2016-10-13 00:41:12
C04355,2016-07-07 13:52:22,2016-12-14 21:30:10
C03101,2016-07-07 13:57:15,2016-12-24 20:20:30
C09716,2016-07-07 13:58:50,2016-12-30 17:27:44
C07723,2016-07-07 14:00:33,2016-09-27 18:53:29
C06401,2016-07-07 14:09:28,2016-12-24 15:33:51
C07030,2016-07-07 14:11:59,2016-12-16 23:49:54
C04461,2016-07-07 14:11:59,2016-11-06 18:02:06
C02265,2016-07-07 14:13:14,2016-12-30 11:20:06
C06397,2016-07-07 14:17:58,2016-08-23 21:55:30
C12469,2016-07-07 14:18:16,2016-11-12 20:42:47
C12029,2016-07-07 14:23:25,2016-07-07 14:23:25
C00338,2016-07-07 14:24:04,2016-12-24 17:34:58
C08991,2016-07-07 14:30:08,2016-09-14 19:48:39
C09840,2016-07-07 14:32:26,2016-08-25 19:52:26
C08517,2016-07-07 14:33:14,2016-11-13 14:40:34
C07296,2016-07-07 14:33:24,2016-12-28 15:57:21
C03513,2016-07-07 14:34:42,2016-12-31 19:57:11
C02598,2016-07-07 14:39:07,2016-11-13 15:12:08
C10138,2016-07-07 14:43:01,2016-10-05 15:49:18
C00741,2016-07-07 14:43:48,2016-12-28 21:24:52
C09527,2016-07-07 14:44:16,2016-12-18 23:18:08
C00877,2016-07-07 14:47:22,2016-12-10 14:19:38
C10621,2016-07-07 14:48:38,2016-10-31 05:02:59
C10999,2016-07-07 14:53:39,2016-12-05 19:55:23
C10372,2016-07-07 14:57:14,2016-12-10 19:01:52
C13155,2016-07-07 14:57:41,2016-07-25 18:57:30
C00438,2016-07-07 14:58:54,2016-08-08 14:57:36
C04272,2016-07-07 14:59:01,2016-12-29 11:23:55
C10759,2016-07-07 14:59:07,2016-12-23 12:35:16
C13429,2016-07-07 15:02:46,2016-11-27 21:49:08
C07938,2016-07-07 15:06:12,2016-12-31 15:40:03
C12955,2016-07-07 15:07:13,2016-12-31 20:23:13
C06212,2016-07-07 15:08:33,2016-12-31 20:52:36
C03070,2016-07-07 15:15:22,2016-12-21 21:27:22
C10633,2016-07-07 15:19:58,2016-11-19 23:07:38
C02291,2016-07-07 15:24:30,2016-07-07 15:24:30
C11360,2016-07-07 15:28:27,2016-12-22 02:05:53
C02363,2016-07-07 15:35:00,2016-12-26 19:09:55
C00840,2016-07-07 15:35:46,2016-07-07 15:35:46
C08306,2016-07-07 15:44:35,2016-12-18 19:33:55
C10389,2016-07-07 15:44:36,2016-07-07 15:44:36
C08016,2016-07-07 15:44:39,2016-11-23 23:34:50
C04533,2016-07-07 15:46:38,2016-12-30 22:08:54
C06028,2016-07-07 15:47:45,2016-12-23 21:16:03
C02916,2016-07-07 15:51:20,2016-12-15 01:43:40
C08163,2016-07-07 15:52:17,2016-10-30 15:28:12
C00245,2016-07-07 15:55:03,2016-12-21 17:19:08
C02177,2016-07-07 15:56:09,2016-12-28 00:08:08
C00034,2016-07-07 16:01:54,2016-12-30 18:24:07
C04719,2016-07-07 16:02:22,2016-07-08 14:27:30
C03303,2016-07-07 16:02:24,2016-08-06 01:28:51
C05589,2016-07-07 16:03:57,2016-07-07 16:03:57
C04142,2016-07-07 16:05:18,2016-12-29 17:13:33
C09663,2016-07-07 16:05:30,2016-12-31 20:20:54
C01006,2016-07-07 16:07:02,2016-12-16 19:48:51
C04260,2016-07-07 16:08:28,2016-09-09 14:24:28
C09628,2016-07-07 16:09:35,2016-12-31 03:31:24
C04516,2016-07-07 16:11:50,2016-12-29 17:18:29
C06986,2016-07-07 16:14:05,2016-12-31 16:20:32
C09440,2016-07-07 16:15:49,2016-11-07 03:16:26
C11340,2016-07-07 16:17:06,2016-12-27 19:54:52
C10610,2016-07-07 16:17:26,2016-07-07 16:17:26
C09401,2016-07-07 16:18:24,2016-12-31 21:36:54
C10880,2016-07-07 16:23:24,2016-08-20 14:11:10
C10004,2016-07-07 16:26:46,2016-12-29 18:20:03
C00342,2016-07-07 16:26:49,2016-11-25 05:05:37
C03025,2016-07-07 16:27:28,2016-10-16 21:09:08
C06746,2016-07-07 16:30:14,2016-08-22 20:28:07
C04528,2016-07-07 16:36:07,2016-12-31 23:14:42
C03986,2016-07-07 16:39:25,2016-12-13 00:26:17
C07848,2016-07-07 16:40:17,2016-12-23 04:48:59
C07051,2016-07-07 16:40:32,2016-12-21 01:52:10
C12777,2016-07-07 16:40:55,2016-12-08 15:25:03
C07840,2016-07-07 16:43:34,2016-12-31 21:17:52
C08011,2016-07-07 16:46:16,2016-09-15 20:18:53
C01931,2016-07-07 16:46:56,2016-07-07 16:46:56
C09990,2016-07-07 16:47:00,2016-07-07 16:52:57
C03191,2016-07-07 16:50:04,2016-08-21 19:53:28
C07993,2016-07-07 16:52:25,2016-07-10 23:02:41
C06288,2016-07-07 16:52:54,2016-07-18 23:36:35
C00580,2016-07-07 16:53:24,2016-10-24 12:24:29
C07277,2016-07-07 16:55:14,2016-12-27 22:27:38
C08871,2016-07-07 16:56:12,2016-12-06 16:07:44
C03357,2016-07-07 16:56:20,2016-07-30 00:49:20
C01803,2016-07-07 16:59:10,2016-12-27 12:50:06
C10814,2016-07-07 17:01:22,2016-12-29 14:42:16
C08850,2016-07-07 17:02:52,2016-12-13 16:24:55
C01269,2016-07-07 17:05:15,2016-12-28 20:18:39
C12114,2016-07-07 17:09:28,2016-09-12 03:09:02
C03517,2016-07-07 17:12:32,2016-12-31 15:50:49
C11486,2016-07-07 17:13:47,2016-09-15 23:01:42
C03282,2016-07-07 17:21:17,2016-07-07 17:21:17
C01302,2016-07-07 17:21:34,2016-07-09 05:00:28
C11716,2016-07-07 17:22:05,2016-12-29 18:58:41
C06487,2016-07-07 17:23:03,2016-07-12 05:25:37
C09701,2016-07-07 17:27:53,2016-12-20 23:27:36
C12921,2016-07-07 17:28:17,2016-12-21 16:17:20
C01409,2016-07-07 17:28:46,2016-12-12 01:22:36
C12583,2016-07-07 17:31:44,2016-12-30 18:48:28
C09312,2016-07-07 17:32:15,2016-12-21 01:18:35
C12391,2016-07-07 17:33:51,2016-12-28 19:49:38
C11577,2016-07-07 17:36:23,2016-12-30 18:59:06
C12364,2016-07-07 17:37:01,2016-12-10 16:34:05
C09131,2016-07-07 17:38:06,2016-12-28 16:29:41
C11530,2016-07-07 17:39:33,2016-12-25 15:31:12
C02311,2016-07-07 17:42:22,2016-12-28 14:51:15
C03712,2016-07-07 17:42:33,2016-08-25 14:08:43
C05613,2016-07-07 17:43:21,2016-12-22 15:43:13
C10894,2016-07-07 17:44:27,2016-12-13 01:13:52
C01546,2016-07-07 17:44:36,2016-07-18 18:42:53
C05770,2016-07-07 17:44:42,2016-12-24 03:29:51
C06875,2016-07-07 17:44:45,2016-12-24 20:49:13
C12057,2016-07-07 17:45:43,2016-12-17 18:30:34
C09397,2016-07-07 17:51:17,2016-12-18 18:34:14
C03166,2016-07-07 17:57:13,2016-11-21 13:05:09
C07008,2016-07-07 17:58:56,2016-12-31 22:53:55
C13139,2016-07-07 18:00:53,2016-12-13 22:17:41
C05810,2016-07-07 18:03:22,2016-09-21 19:18:25
C12964,2016-07-07 18:05:33,2016-09-20 23:06:30
C10753,2016-07-07 18:08:41,2016-10-05 21:08:36
C02905,2016-07-07 18:09:03,2016-12-29 14:26:02
C09429,2016-07-07 18:09:56,2016-11-30 19:31:05
C13110,2016-07-07 18:12:50,2016-12-27 18:26:28
C00813,2016-07-07 18:14:19,2016-12-29 16:38:27
C07192,2016-07-07 18:16:32,2016-07-22 16:25:54
C06076,2016-07-07 18:17:28,2016-12-04 00:48:09
C01543,2016-07-07 18:19:59,2016-08-28 20:04:04
C09744,2016-07-07 18:22:20,2016-12-31 14:04:54
C09160,2016-07-07 18:23:25,2016-12-19 23:06:31
C12110,2016-07-07 18:25:55,2016-12-20 00:39:48
C08957,2016-07-07 18:27:21,2016-12-25 23:45:00
C05849,2016-07-07 18:27:40,2016-09-06 00:28:31
C07152,2016-07-07 18:28:26,2016-12-13 15:49:43
C05831,2016-07-07 18:31:04,2016-12-20 03:51:25
C07944,2016-07-07 18:32:59,2016-12-27 12:35:49
C08978,2016-07-07 18:33:27,2016-07-07 18:33:27
C08752,2016-07-07 18:33:46,2016-12-29 23:29:12
C13319,2016-07-07 18:34:59,2016-12-31 17:30:35
C01925,2016-07-07 18:39:40,2016-11-23 19:24:39
C08140,2016-07-07 18:39:46,2016-11-30 20:38:35
C12230,2016-07-07 18:40:14,2016-12-12 03:35:39
C12020,2016-07-07 18:47:22,2016-08-15 23:25:10
C10624,2016-07-07 18:47:30,2016-10-20 17:33:52
C11962,2016-07-07 18:52:42,2016-12-29 12:53:45
C03043,2016-07-07 18:52:43,2016-12-31 12:17:57
C00368,2016-07-07 18:54:43,2016-12-30 01:48:47
C04655,2016-07-07 18:56:59,2016-12-18 23:27:06
C13451,2016-07-07 18:57:08,2016-10-18 22:46:08
C04269,2016-07-07 18:59:01,2016-12-07 15:59:40
C00231,2016-07-07 18:59:50,2016-12-28 18:07:53
C05088,2016-07-07 19:06:30,2016-12-28 22:30:07
C06265,2016-07-07 19:06:39,2016-12-05 04:35:35
C01594,2016-07-07 19:08:28,2016-12-19 12:58:40
C10205,2016-07-07 19:11:02,2016-12-23 08:14:43
C01391,2016-07-07 19:11:56,2016-12-26 22:03:23
C09851,2016-07-07 19:14:27,2016-10-09 03:05:13
C01201,2016-07-07 19:16:51,2016-07-10 00:48:52
C04726,2016-07-07 19:17:40,2016-12-08 20:52:41
C06114,2016-07-07 19:22:53,2016-07-07 19:22:53
C12842,2016-07-07 19:25:31,2016-12-19 17:15:09
C10667,2016-07-07 19:27:17,2016-12-19 20:51:35
C08381,2016-07-07 19:27:20,2016-11-08 13:59:11
C03205,2016-07-07 19:29:42,2016-11-04 16:36:26
C01041,2016-07-07 19:30:49,2016-12-31 01:11:32
C10740,2016-07-07 19:31:36,2016-07-24 02:47:22
C09171,2016-07-07 19:33:04,2016-11-29 01:52:15
C08632,2016-07-07 19:36:55,2016-08-16 22:34:27
C07180,2016-07-07 19:36:59,2016-12-31 00:50:38
C06021,2016-07-07 19:37:03,2016-12-21 02:15:55
C12733,2016-07-07 19:40:06,2016-07-07 19:40:06
C03382,2016-07-07 19:44:03,2016-12-27 02:38:47
C05698,2016-07-07 19:45:11,2016-12-31 19:30:38
C02266,2016-07-07 19:49:27,2016-12-16 19:49:41
C05655,2016-07-07 19:51:20,2016-12-31 02:31:00
C03762,2016-07-07 19:51:30,2016-11-23 17:48:06
C01245,2016-07-07 19:52:10,2016-07-07 19:52:10
C00313,2016-07-07 19:52:32,2016-12-11 20:13:00
C13210,2016-07-07 19:57:59,2016-11-29 17:49:58
C10683,2016-07-07 19:59:31,2016-12-30 19:00:08
C02019,2016-07-07 20:00:10,2016-12-30 17:34:46
C12104,2016-07-07 20:00:48,2016-12-31 17:58:23
C08039,2016-07-07 20:01:57,2016-12-19 23:46:47
C07768,2016-07-07 20:03:53,2016-12-20 16:23:31
C09267,2016-07-07 20:04:08,2016-12-25 20:24:09
C02305,2016-07-07 20:05:51,2016-12-20 02:53:24
C00060,2016-07-07 20:10:22,2016-12-23 21:50:18
C08107,2016-07-07 20:11:36,2016-11-26 03:05:05
C11734,2016-07-07 20:11:58,2016-12-04 20:40:41
C04290,2016-07-07 20:13:39,2016-07-07 20:13:39
C02152,2016-07-07 20:19:28,2016-12-29 22:58:50
C12449,2016-07-07 20:22:40,2016-11-09 23:15:22
C11183,2016-07-07 20:24:54,2016-12-09 23:33:09
C01757,2016-07-07 20:24:55,2016-12-30 11:13:20
C04697,2016-07-07 20:29:32,2016-12-10 20:39:21
C11918,2016-07-07 20:32:37,2016-12-31 20:45:15
C00416,2016-07-07 20:37:54,2016-12-27 03:53:29
C06295,2016-07-07 20:38:42,2016-12-25 21:19:45
C02069,2016-07-07 20:38:45,2016-12-31 21:59:23
C08133,2016-07-07 20:40:34,2016-12-06 00:17:44
C12689,2016-07-07 20:43:02,2016-10-28 18:38:20
C04317,2016-07-07 20:47:57,2016-12-31 17:52:09
C07106,2016-07-07 20:51:48,2016-12-19 20:00:51
C01816,2016-07-07 20:53:24,2016-12-24 16:46:12
C05860,2016-07-07 20:57:47,2016-12-29 00:20:15
C03168,2016-07-07 20:58:21,2016-07-07 20:58:21
C09375,2016-07-07 21:00:13,2016-07-07 21:00:13
C00611,2016-07-07 21:00:33,2016-09-08 01:32:03
C04568,2016-07-07 21:01:54,2016-12-31 18:21:46
C11953,2016-07-07 21:01:54,2016-07-20 02:33:56
C09952,2016-07-07 21:03:48,2016-10-31 14:18:41
C07257,2016-07-07 21:04:29,2016-12-15 02:25:42
C07422,2016-07-07 21:05:30,2016-10-17 21:35:12
C05224,2016-07-07 21:14:15,2016-07-07 21:14:15
C05670,2016-07-07 21:14:54,2016-12-31 21:37:55
C07011,2016-07-07 21:14:57,2016-12-31 19:49:27
C11292,2016-07-07 21:15:02,2016-07-07 21:15:02
C12302,2016-07-07 21:16:39,2016-11-20 02:26:49
C04162,2016-07-07 21:23:49,2016-09-06 21:18:12
C10596,2016-07-07 21:24:06,2016-12-07 19:50:48
C09079,2016-07-07 21:25:33,2016-12-25 12:29:50
C06238,2016-07-07 21:28:13,2016-10-10 23:00:39
C06424,2016-07-07 21:28:46,2016-12-30 23:47:32
C10919,2016-07-07 21:29:19,2016-12-30 13:42:09
C11574,2016-07-07 21:32:08,2016-12-31 23:35:18
C09669,2016-07-07 21:32:51,2016-12-27 11:17:11
C11537,2016-07-07 21:34:25,2016-12-08 13:05:47
C01400,2016-07-07 21:35:21,2016-12-25 18:02:47
C08748,2016-07-07 21:41:28,2016-12-31 01:06:54
C04614,2016-07-07 21:41:31,2016-12-27 16:20:47
C03234,2016-07-07 21:45:20,2016-12-28 16:17:44
C05761,2016-07-07 21:47:10,2016-10-17 16:15:29
C09863,2016-07-07 21:49:06,2016-12-24 12:13:36
C13284,2016-07-07 21:50:15,2016-12-29 15:47:08
C12884,2016-07-07 21:50:37,2016-11-10 23:45:49
C07164,2016-07-07 21:53:06,2016-12-25 03:16:30
C10411,2016-07-07 21:53:41,2016-12-13 13:33:08
C08504,2016-07-07 21:54:34,2016-11-28 22:04:40
C13540,2016-07-07 21:56:17,2016-07-07 21:56:17
C13521,2016-07-07 21:56:35,2016-12-31 21:21:55
C12261,2016-07-07 21:56:45,2016-07-22 20:45:37
C04424,2016-07-07 21:57:41,2016-12-11 13:48:37
C01099,2016-07-07 21:58:52,2016-12-21 17:38:03
C05713,2016-07-07 21:59:30,2016-12-29 11:40:21
C02783,2016-07-07 21:59:54,2016-12-29 13:24:00
C10369,2016-07-07 22:00:33,2016-12-25 18:16:53
C04440,2016-07-07 22:01:10,2016-12-30 17:31:38
C09356,2016-07-07 22:06:09,2016-09-16 16:33:02
C00429,2016-07-07 22:08:27,2016-12-15 18:40:59
C00658,2016-07-07 22:09:59,2016-07-07 22:09:59
C12310,2016-07-07 22:13:19,2016-12-02 19:48:47
C04397,2016-07-07 22:16:11,2016-12-16 17:40:38
C07735,2016-07-07 22:18:04,2016-12-10 18:51:37
C02040,2016-07-07 22:18:12,2016-12-31 18:19:46
C11008,2016-07-07 22:18:19,2016-12-31 20:35:48
C05124,2016-07-07 22:21:49,2016-12-23 21:24:16
C07474,2016-07-07 22:24:13,2016-12-07 23:03:17
C04029,2016-07-07 22:28:14,2016-12-21 15:10:30
C06097,2016-07-07 22:33:28,2016-12-25 03:09:40
C01166,2016-07-07 22:35:15,2016-12-18 13:52:37
C04963,2016-07-07 22:38:12,2016-12-21 22:16:36
C09464,2016-07-07 22:42:09,2016-12-16 20:20:46
C01758,2016-07-07 22:44:47,2016-11-17 21:21:27
C01225,2016-07-07 22:46:30,2016-12-24 22:03:31
C10091,2016-07-07 22:48:45,2016-12-30 17:52:45
C03523,2016-07-07 22:55:24,2016-10-07 16:40:58
C06302,2016-07-07 22:59:26,2016-12-17 15:49:07
C01105,2016-07-07 23:05:00,2016-12-31 21:13:16
C05106,2016-07-07 23:05:10,2016-11-28 01:06:41
C07916,2016-07-07 23:09:25,2016-12-02 20:15:33
C13039,2016-07-07 23:14:49,2016-12-20 18:00:08
C09631,2016-07-07 23:16:02,2016-12-23 21:42:51
C03418,2016-07-07 23:16:16,2016-12-31 16:21:15
C12699,2016-07-07 23:20:18,2016-11-02 02:15:51
C02338,2016-07-07 23:20:35,2016-10-17 17:43:18
C03179,2016-07-07 23:20:37,2016-12-05 03:27:15
C13192,2016-07-07 23:21:51,2016-07-09 02:45:01
C08737,2016-07-07 23:28:25,2016-12-31 15:09:24
C10794,2016-07-07 23:37:12,2016-08-21 19:51:55
C08336,2016-07-07 23:38:27,2016-12-27 17:30:05
C04889,2016-07-07 23:41:23,2016-12-28 22:29:23
C00458,2016-07-07 23:43:10,2016-11-29 03:35:46
C00842,2016-07-07 23:43:42,2016-12-31 22:25:33
C06329,2016-07-07 23:44:02,2016-08-30 15:29:02
C12949,2016-07-07 23:44:09,2016-12-09 23:56:51
C02003,2016-07-07 23:51:57,2016-12-26 22:33:06
C02626,2016-07-07 23:52:15,2016-11-30 21:52:49
C12494,2016-07-07 23:52:40,2016-10-23 03:10:58
C03533,2016-07-07 23:55:15,2016-12-31 20:56:27
C08739,2016-07-07 23:56:28,2016-11-11 13:04:00
C00180,2016-07-07 23:59:22,2016-11-25 18:38:01
C03317,2016-07-08 00:02:20,2016-12-29 00:42:49
C05497,2016-07-08 00:03:36,2016-11-17 01:21:38
C04242,2016-07-08 00:07:27,2016-12-23 19:28:19
C10220,2016-07-08 00:10:48,2016-10-26 02:05:31
C09786,2016-07-08 00:14:05,2016-12-27 22:08:04
C13293,2016-07-08 00:17:53,2016-07-22 18:10:58
C12388,2016-07-08 00:18:13,2016-09-26 16:54:24
C10375,2016-07-08 00:20:33,2016-07-08 00:20:33
C06930,2016-07-08 00:21:53,2016-07-08 00:21:53
C10821,2016-07-08 00:23:32,2016-12-25 17:50:49
C04576,2016-07-08 00:24:45,2016-12-17 19:44:44
C13026,2016-07-08 00:27:14,2016-12-17 16:08:02
C01545,2016-07-08 00:27:49,2016-12-28 23:44:12
C04948,2016-07-08 00:29:24,2016-12-23 19:41:40
C07821,2016-07-08 00:29:37,2016-12-23 14:54:34
C03181,2016-07-08 00:31:12,2016-12-31 02:04:55
C04847,2016-07-08 00:32:42,2016-12-16 19:08:07
C07078,2016-07-08 00:33:08,2016-12-30 17:43:01
C01887,2016-07-08 00:35:19,2016-10-08 17:04:13
C12509,2016-07-08 00:35:34,2016-12-31 16:38:16
C06296,2016-07-08 00:37:31,2016-12-27 04:09:14
C06984,2016-07-08 00:40:00,2016-07-08 00:40:00
C13081,2016-07-08 00:40:25,2016-12-22 03:16:43
C13364,2016-07-08 00:40:28,2016-12-28 16:51:13
C12115,2016-07-08 00:45:25,2016-12-25 13:38:03
C07204,2016-07-08 00:49:20,2016-12-28 18:20:33
C03946,2016-07-08 00:49:39,2016-12-10 15:23:57
C02959,2016-07-08 00:51:32,2016-11-24 15:11:31
C05268,2016-07-08 00:51:55,2016-12-29 12:44:17
C07429,2016-07-08 00:52:29,2016-12-25 22:31:31
C03306,2016-07-08 01:02:25,2016-12-14 15:58:28
C04394,2016-07-08 01:09:44,2016-07-08 01:31:53
C01402,2016-07-08 01:12:06,2016-09-30 01:57:46
C10181,2016-07-08 01:15:02,2016-12-25 00:32:35
C03571,2016-07-08 01:16:16,2016-12-22 12:51:59
C08699,2016-07-08 01:18:01,2016-12-27 00:34:09
C11715,2016-07-08 01:22:17,2016-11-29 15:28:57
C07751,2016-07-08 01:25:02,2016-11-07 17:22:19
C04423,2016-07-08 01:25:15,2016-12-31 21:59:31
C05824,2016-07-08 01:33:11,2016-12-14 18:20:26
C04055,2016-07-08 01:33:13,2016-12-20 17:09:24
C07431,2016-07-08 01:33:15,2016-07-17 01:39:53
C01495,2016-07-08 01:34:20,2016-12-31 23:54:43
C03605,2016-07-08 01:36:32,2016-12-23 02:57:34
C09905,2016-07-08 01:40:42,2016-12-29 23:13:10
C05240,2016-07-08 01:43:51,2016-12-28 23:22:34
C08652,2016-07-08 01:44:28,2016-12-26 21:35:24
C02391,2016-07-08 01:46:33,2016-07-08 01:46:33
C09146,2016-07-08 01:55:12,2016-12-19 23:52:36
C08887,2016-07-08 02:01:49,2016-07-08 02:01:49
C13306,2016-07-08 02:04:44,2016-12-22 19:56:01
C00637,2016-07-08 02:07:23,2016-11-25 14:42:52
C05253,2016-07-08 02:12:01,2016-12-04 18:28:34
C04124,2016-07-08 02:21:52,2016-12-31 19:27:19
C09207,2016-07-08 02:30:42,2016-12-31 21:52:06
C01459,2016-07-08 02:30:59,2016-11-25 13:40:11
C02879,2016-07-08 02:31:37,2016-12-20 19:18:25
C10547,2016-07-08 02:45:25,2016-10-03 11:27:32
C05103,2016-07-08 02:48:16,2016-07-08 02:48:16
C01718,2016-07-08 02:50:15,2016-07-27 23:09:22
C03346,2016-07-08 02:54:55,2016-11-29 02:49:50
C01549,2016-07-08 03:00:11,2016-12-12 01:29:39
C11419,2016-07-08 03:02:22,2016-12-26 18:57:10
C07552,2016-07-08 03:06:46,2016-12-31 18:43:10
C09104,2016-07-08 03:10:51,2016-09-26 13:58:32
C13249,2016-07-08 03:13:01,2016-12-14 17:18:10
C01317,2016-07-08 03:15:49,2016-12-29 19:07:03
C01604,2016-07-08 03:22:21,2016-12-28 20:22:54
C09292,2016-07-08 03:25:04,2016-12-13 23:10:55
C07560,2016-07-08 03:29:13,2016-12-30 19:33:34
C04446,2016-07-08 03:31:13,2016-12-30 20:46:54
C08300,2016-07-08 03:39:15,2016-07-08 03:39:15
C05650,2016-07-08 03:46:54,2016-12-22 00:00:15
C01544,2016-07-08 03:50:29,2016-12-30 17:29:53
C13152,2016-07-08 03:52:44,2016-12-29 16:37:00
C09116,2016-07-08 04:01:11,2016-12-30 23:12:49
C11443,2016-07-08 04:15:08,2016-12-16 20:55:57
C05152,2016-07-08 04:22:50,2016-07-08 04:22:50
C03198,2016-07-08 04:52:01,2016-09-06 15:49:38
C04172,2016-07-08 05:12:25,2016-12-31 22:41:16
C03593,2016-07-08 05:18:08,2016-12-15 04:01:23
C08448,2016-07-08 05:38:57,2016-12-22 02:15:48
C03908,2016-07-08 05:55:49,2016-12-31 20:58:07
C13401,2016-07-08 06:13:45,2016-11-16 17:39:20
C08334,2016-07-08 06:43:46,2016-12-28 14:18:37
C12258,2016-07-08 06:45:41,2016-12-25 15:00:16
C02667,2016-07-08 07:17:41,2016-12-27 21:10:17
C02889,2016-07-08 07:40:15,2016-12-05 23:06:07
C12840,2016-07-08 08:23:03,2016-12-27 22:45:14
C12762,2016-07-08 08:29:48,2016-12-17 20:56:21
C05219,2016-07-08 09:35:21,2016-07-29 03:33:52
C12006,2016-07-08 09:41:59,2016-09-24 20:54:42
C03326,2016-07-08 09:57:35,2016-11-09 03:42:34
C09713,2016-07-08 10:52:39,2016-11-01 14:24:12
C09494,2016-07-08 10:57:03,2016-12-11 12:23:44
C13041,2016-07-08 10:57:54,2016-12-31 23:20:42
C09391,2016-07-08 11:43:43,2016-07-08 11:43:43
C11861,2016-07-08 11:50:12,2016-12-02 03:43:02
C09056,2016-07-08 11:51:45,2016-08-14 15:58:43
C07650,2016-07-08 12:26:42,2016-07-31 23:18:08
C05893,2016-07-08 12:41:40,2016-07-19 21:00:17
C06990,2016-07-08 12:45:05,2016-11-24 22:41:19
C05712,2016-07-08 12:47:49,2016-12-27 12:11:45
C12491,2016-07-08 13:12:47,2016-10-08 22:21:55
C08566,2016-07-08 13:16:13,2016-12-31 03:11:43
C05474,2016-07-08 13:25:03,2016-12-30 12:23:39
C11346,2016-07-08 13:29:08,2016-12-23 20:22:35
C12579,2016-07-08 13:29:27,2016-11-11 22:33:14
C13065,2016-07-08 13:31:20,2016-11-26 16:40:18
C06886,2016-07-08 13:31:39,2016-12-31 20:18:36
C03709,2016-07-08 13:33:48,2016-11-14 01:51:07
C06579,2016-07-08 13:35:42,2016-09-26 23:15:46
C11384,2016-07-08 13:40:48,2016-12-17 06:03:54
C05563,2016-07-08 13:43:38,2016-12-13 13:58:45
C13031,2016-07-08 13:51:10,2016-12-16 21:59:50
C10947,2016-07-08 14:05:42,2016-12-21 15:05:29
C02191,2016-07-08 14:07:06,2016-11-04 01:25:48
C09181,2016-07-08 14:07:39,2016-12-27 20:25:29
C12012,2016-07-08 14:10:43,2016-12-23 16:09:02
C06135,2016-07-08 14:20:09,2016-12-23 23:25:48
C10845,2016-07-08 14:28:13,2016-07-08 14:45:35
C11600,2016-07-08 14:29:10,2016-12-17 19:07:20
C07694,2016-07-08 14:32:25,2016-12-31 11:43:34
C04593,2016-07-08 14:34:55,2016-07-08 14:34:55
C13302,2016-07-08 14:35:54,2016-12-27 16:20:05
C09500,2016-07-08 14:42:23,2016-12-31 14:38:56
C07017,2016-07-08 14:45:47,2016-12-30 20:51:40
C02444,2016-07-08 14:46:20,2016-12-14 16:59:49
C13524,2016-07-08 14:47:10,2016-12-31 18:21:37
C11076,2016-07-08 14:50:41,2016-12-28 21:12:45
C07341,2016-07-08 14:53:44,2016-12-27 16:14:26
C08413,2016-07-08 14:55:19,2016-07-08 14:55:19
C11657,2016-07-08 14:56:21,2016-12-22 19:31:22
C05455,2016-07-08 14:57:41,2016-10-15 23:26:18
C01018,2016-07-08 14:58:20,2016-12-24 21:45:49
C06707,2016-07-08 15:00:37,2016-07-08 15:10:20
C02187,2016-07-08 15:03:36,2016-12-24 16:49:59
C09684,2016-07-08 15:04:13,2016-12-28 01:26:16
C00216,2016-07-08 15:08:10,2016-07-08 15:08:10
C00357,2016-07-08 15:08:25,2016-12-15 22:58:38
C09964,2016-07-08 15:11:55,2016-12-20 21:17:09
C10990,2016-07-08 15:14:48,2016-12-31 22:17:34
C00929,2016-07-08 15:17:55,2016-11-05 14:21:44
C07439,2016-07-08 15:18:44,2016-12-30 14:10:03
C04207,2016-07-08 15:24:46,2016-11-24 20:03:14
C13388,2016-07-08 15:25:22,2016-07-27 13:29:58
C10352,2016-07-08 15:30:37,2016-12-29 22:43:37
C13500,2016-07-08 15:33:09,2016-12-10 06:15:24
C03251,2016-07-08 15:36:45,2016-12-13 19:12:09
C06131,2016-07-08 15:41:28,2016-12-31 20:15:55
C03443,2016-07-08 15:44:48,2016-12-30 01:28:32
C03510,2016-07-08 15:45:26,2016-07-08 15:45:26
C05802,2016-07-08 15:47:46,2016-12-21 23:47:13
C09949,2016-07-08 15:47:55,2016-12-31 14:33:37
C07481,2016-07-08 15:50:17,2016-12-18 01:09:08
C08852,2016-07-08 15:52:22,2016-09-16 16:01:05
C02795,2016-07-08 15:53:39,2016-09-06 21:37:04
C03890,2016-07-08 15:54:19,2016-09-23 16:25:03
C03695,2016-07-08 15:58:52,2016-12-19 16:01:13
C13190,2016-07-08 15:59:07,2016-12-21 13:56:58
C12686,2016-07-08 15:59:31,2016-11-19 22:28:39
C07173,2016-07-08 16:03:22,2016-12-25 14:29:31
C11599,2016-07-08 16:03:45,2016-12-06 00:39:14
C04339,2016-07-08 16:04:00,2016-12-24 21:57:11
C01646,2016-07-08 16:09:27,2016-12-15 22:33:46
C00263,2016-07-08 16:12:57,2016-10-26 17:17:43
C12515,2016-07-08 16:13:23,2016-12-30 00:48:21
C03432,2016-07-08 16:14:53,2016-12-31 20:39:57
C11446,2016-07-08 16:15:16,2016-12-23 18:06:15
C03479,2016-07-08 16:20:18,2016-11-28 04:40:44
C09461,2016-07-08 16:22:29,2016-11-25 13:42:21
C00532,2016-07-08 16:24:17,2016-07-29 22:56:17
C01175,2016-07-08 16:24:42,2016-07-08 16:24:42
C10374,2016-07-08 16:25:43,2016-12-15 00:58:03
C10238,2016-07-08 16:25:58,2016-12-23 22:49:05
C08627,2016-07-08 16:27:25,2016-12-12 15:22:37
C03158,2016-07-08 16:31:58,2016-12-25 23:26:38
C11428,2016-07-08 16:32:16,2016-12-18 18:27:58
C10552,2016-07-08 16:34:27,2016-12-26 05:02:55
C10259,2016-07-08 16:36:41,2016-10-30 19:00:30
C09163,2016-07-08 16:41:01,2016-12-24 17:52:27
C09430,2016-07-08 16:42:47,2016-12-31 19:53:23
C08720,2016-07-08 16:44:40,2016-12-08 17:07:03
C09330,2016-07-08 16:46:20,2016-12-09 20:36:33
C02023,2016-07-08 16:47:41,2016-12-31 21:21:30
C03519,2016-07-08 16:47:41,2016-12-05 16:47:18
C12416,2016-07-08 16:59:11,2016-10-03 01:10:53
C12146,2016-07-08 16:59:14,2016-12-31 16:49:53
C01285,2016-07-08 16:59:25,2016-12-20 14:17:55
C12009,2016-07-08 16:59:39,2016-11-03 22:17:19
C01135,2016-07-08 17:05:46,2016-12-23 15:03:39
C11101,2016-07-08 17:07:29,2016-11-22 17:01:58
C02154,2016-07-08 17:08:57,2016-12-23 22:27:33
C13503,2016-07-08 17:09:48,2016-10-04 16:08:31
C05343,2016-07-08 17:10:26,2016-11-23 13:35:11
C13011,2016-07-08 17:15:59,2016-09-13 18:08:48
C00906,2016-07-08 17:18:11,2016-12-05 20:31:18
C13052,2016-07-08 17:19:26,2016-12-06 04:30:09
C09966,2016-07-08 17:24:47,2016-12-17 17:00:16
C01458,2016-07-08 17:26:11,2016-12-04 22:05:16
C09022,2016-07-08 17:29:08,2016-12-20 03:56:15
C08010,2016-07-08 17:30:28,2016-12-31 23:50:48
C06784,2016-07-08 17:37:55,2016-12-31 04:37:25
C08854,2016-07-08 17:38:12,2016-10-11 22:01:24
C12776,2016-07-08 17:40:17,2016-07-08 17:40:17
C07082,2016-07-08 17:40:38,2016-07-27 01:28:46
C02394,2016-07-08 17:44:07,2016-09-12 22:43:57
C04077,2016-07-08 17:50:53,2016-12-15 01:51:25
C13230,2016-07-08 17:53:34,2016-12-18 23:09:19
C11663,2016-07-08 17:54:32,2016-12-31 17:07:00
C07727,2016-07-08 17:54:39,2016-12-24 15:27:04
C03381,2016-07-08 17:55:27,2016-12-19 17:24:13
C00767,2016-07-08 17:56:22,2016-10-13 14:34:46
C00622,2016-07-08 18:01:50,2016-07-08 18:01:50
C13070,2016-07-08 18:07:51,2016-12-28 22:05:25
C07346,2016-07-08 18:08:39,2016-11-05 16:45:45
C09600,2016-07-08 18:11:38,2016-12-26 21:03:03
C03675,2016-07-08 18:12:01,2016-12-26 16:54:08
C07473,2016-07-08 18:13:14,2016-12-28 21:39:19
C06200,2016-07-08 18:15:28,2016-12-28 01:07:28
C01820,2016-07-08 18:17:13,2016-07-16 20:06:42
C03448,2016-07-08 18:19:10,2016-08-03 16:22:35
C00756,2016-07-08 18:19:24,2016-12-20 15:18:09
C02387,2016-07-08 18:23:52,2016-12-31 20:48:36
C05161,2016-07-08 18:24:14,2016-07-15 16:46:03
C08885,2016-07-08 18:26:19,2016-12-21 19:22:49
C02045,2016-07-08 18:26:50,2016-12-10 14:22:24
C09442,2016-07-08 18:28:06,2016-12-28 23:06:58
C04170,2016-07-08 18:28:16,2016-12-02 18:25:51
C11129,2016-07-08 18:35:09,2016-12-23 02:13:21
C09769,2016-07-08 18:38:19,2016-07-08 18:38:19
C05284,2016-07-08 18:41:57,2016-12-24 17:33:43
C11459,2016-07-08 18:42:34,2016-12-31 15:16:58
C00649,2016-07-08 18:43:36,2016-11-03 14:28:01
C00214,2016-07-08 18:47:01,2016-12-22 02:02:44
C11562,2016-07-08 18:48:15,2016-09-01 20:16:48
C00845,2016-07-08 18:51:39,2016-09-24 16:18:46
C12141,2016-07-08 18:55:23,2016-11-09 00:52:46
C01005,2016-07-08 19:00:22,2016-12-15 23:30:15
C09929,2016-07-08 19:05:02,2016-12-23 00:43:54
C09431,2016-07-08 19:09:26,2016-12-31 19:09:26
C01936,2016-07-08 19:12:58,2016-12-27 12:45:59
C00898,2016-07-08 19:13:27,2016-10-14 18:33:59
C11633,2016-07-08 19:17:43,2016-12-30 21:18:46
C08689,2016-07-08 19:19:30,2016-08-15 20:08:58
C07444,2016-07-08 19:19:48,2016-12-17 00:08:13
C01147,2016-07-08 19:21:15,2016-12-30 02:32:36
C09435,2016-07-08 19:24:32,2016-07-08 20:02:32
C11996,2016-07-08 19:26:39,2016-12-31 20:19:37
C00280,2016-07-08 19:26:44,2016-12-30 15:20:33
C05367,2016-07-08 19:28:01,2016-12-29 18:00:11
C02987,2016-07-08 19:32:06,2016-12-10 01:20:44
C11792,2016-07-08 19:33:57,2016-12-28 12:07:02
C09679,2016-07-08 19:36:33,2016-12-16 11:19:47
C01169,2016-07-08 19:39:26,2016-12-30 14:28:20
C06372,2016-07-08 19:40:01,2016-12-30 14:31:11
C01035,2016-07-08 19:40:52,2016-12-13 20:48:21
C02863,2016-07-08 19:43:36,2016-12-16 20:45:03
C03943,2016-07-08 19:45:32,2016-12-23 18:03:23
C06635,2016-07-08 19:49:04,2016-12-26 16:08:01
C00733,2016-07-08 19:52:10,2016-10-23 19:04:15
C11168,2016-07-08 19:56:09,2016-12-16 17:56:26
C01426,2016-07-08 19:57:48,2016-11-18 16:42:09
C02239,2016-07-08 20:05:35,2016-12-27 17:45:23
C11802,2016-07-08 20:06:53,2016-07-08 20:06:53
C09829,2016-07-08 20:09:56,2016-12-14 19:24:22
C04787,2016-07-08 20:14:23,2016-12-08 04:05:52
C05605,2016-07-08 20:20:41,2016-12-15 15:04:22
C11717,2016-07-08 20:20:47,2016-12-25 21:01:40
C09607,2016-07-08 20:22:05,2016-12-31 02:03:32
C03796,2016-07-08 20:25:27,2016-08-21 01:17:49
C12867,2016-07-08 20:25:27,2016-12-30 19:45:14
C04166,2016-07-08 20:32:39,2016-12-24 14:46:06
C00233,2016-07-08 20:33:50,2016-09-02 09:40:17
C09337,2016-07-08 20:35:25,2016-12-26 14:40:42
C01153,2016-07-08 20:37:00,2016-08-18 01:34:41
C05147,2016-07-08 20:38:00,2016-12-18 03:34:37
C02075,2016-07-08 20:40:28,2016-08-28 01:52:07
C00073,2016-07-08 20:42:24,2016-12-31 02:24:59
C10573,2016-07-08 20:46:24,2016-07-08 21:27:34
C12578,2016-07-08 20:46:52,2016-12-30 20:03:05
C10085,2016-07-08 20:47:57,2016-12-08 00:26:17
C06623,2016-07-08 20:48:21,2016-12-23 12:48:03
C00589,2016-07-08 20:56:32,2016-08-28 00:13:42
C02033,2016-07-08 20:58:20,2016-12-30 20:44:17
C09919,2016-07-08 20:58:22,2016-12-23 16:25:17
C11632,2016-07-08 20:59:18,2016-12-07 22:20:42
C12198,2016-07-08 21:00:01,2016-07-27 16:46:04
C11528,2016-07-08 21:03:20,2016-12-26 21:15:28
C12545,2016-07-08 21:06:38,2016-07-08 21:06:38
C02474,2016-07-08 21:12:02,2016-12-21 16:39:38
C10738,2016-07-08 21:16:27,2016-10-31 17:30:42
C00940,2016-07-08 21:17:13,2016-10-05 22:18:40
C05416,2016-07-08 21:21:09,2016-12-22 01:53:53
C06185,2016-07-08 21:21:56,2016-10-31 23:24:08
C03375,2016-07-08 21:26:17,2016-07-08 21:26:17
C12983,2016-07-08 21:26:18,2016-12-31 22:30:44
C13253,2016-07-08 21:27:01,2016-12-28 23:45:16
C13037,2016-07-08 21:28:42,2016-12-18 15:37:47
C00464,2016-07-08 21:33:00,2016-07-20 05:01:39
C01482,2016-07-08 21:33:42,2016-12-30 17:33:01
C05943,2016-07-08 21:33:48,2016-12-07 20:35:19
C01863,2016-07-08 21:36:46,2016-12-07 18:26:06
C01605,2016-07-08 21:39:24,2016-12-31 14:30:25
C10889,2016-07-08 21:39:26,2016-12-27 17:37:18
C09880,2016-07-08 21:39:27,2016-09-18 18:30:59
C00479,2016-07-08 21:40:19,2016-11-03 16:48:21
C02793,2016-07-08 21:40:52,2016-12-31 20:13:12
C01394,2016-07-08 21:43:03,2016-12-27 22:42:44
C07511,2016-07-08 21:43:19,2016-12-01 16:41:39
C06665,2016-07-08 21:43:20,2016-12-21 20:24:33
C09688,2016-07-08 21:44:32,2016-07-08 21:44:32
C06407,2016-07-08 21:44:41,2016-12-02 10:31:18
C03990,2016-07-08 21:49:04,2016-12-29 13:43:56
C10401,2016-07-08 21:51:36,2016-12-30 23:00:11
C02590,2016-07-08 21:53:18,2016-12-16 21:10:58
C08304,2016-07-08 21:53:56,2016-10-31 19:16:52
C03459,2016-07-08 21:55:01,2016-10-27 20:50:13
C01034,2016-07-08 22:00:53,2016-10-15 15:09:00
C00198,2016-07-08 22:02:36,2016-12-26 20:34:53
C06354,2016-07-08 22:04:44,2016-12-28 04:59:13
C08383,2016-07-08 22:08:04,2016-07-27 17:09:43
C02738,2016-07-08 22:13:20,2016-12-09 16:38:35
C08303,2016-07-08 22:13:43,2016-12-31 22:57:11
C09502,2016-07-08 22:17:34,2016-12-19 19:11:28
C07757,2016-07-08 22:18:07,2016-12-21 23:43:36
C11103,2016-07-08 22:22:14,2016-07-08 22:22:14
C07961,2016-07-08 22:24:43,2016-12-27 17:47:16
C02472,2016-07-08 22:31:11,2016-12-12 14:48:47
C07513,2016-07-08 22:39:55,2016-12-29 22:32:36
C10465,2016-07-08 22:43:30,2016-12-22 14:49:28
C04356,2016-07-08 22:43:41,2016-12-12 23:06:04
C09007,2016-07-08 22:44:21,2016-12-29 16:16:32
C00797,2016-07-08 22:44:35,2016-12-20 20:26:25
C09299,2016-07-08 22:47:04,2016-12-31 19:21:11
C12877,2016-07-08 22:50:24,2016-12-04 00:24:50
C05797,2016-07-08 22:51:03,2016-12-20 17:43:16
C02087,2016-07-08 22:52:30,2016-12-28 22:31:37
C01898,2016-07-08 22:54:12,2016-12-29 14:40:22
C05948,2016-07-08 22:54:50,2016-12-14 12:11:50
C02460,2016-07-08 22:55:27,2016-12-25 22:54:08
C07348,2016-07-08 22:56:16,2016-12-26 20:54:11
C11610,2016-07-08 23:02:48,2016-12-19 00:22:59
C04066,2016-07-08 23:04:27,2016-09-03 03:07:58
C05552,2016-07-08 23:06:43,2016-12-22 03:06:41
C13137,2016-07-08 23:09:25,2016-12-19 17:37:13
C04322,2016-07-08 23:10:08,2016-07-31 19:11:40
C09315,2016-07-08 23:13:15,2016-09-18 20:54:24
C04422,2016-07-08 23:18:20,2016-12-12 20:17:41
C00477,2016-07-08 23:19:57,2016-12-29 21:47:13
C00731,2016-07-08 23:20:48,2016-12-30 16:48:20
C02131,2016-07-08 23:25:01,2016-12-15 02:31:55
C01581,2016-07-08 23:25:50,2016-07-08 23:45:20
C02628,2016-07-08 23:29:34,2016-12-22 15:48:13
C11307,2016-07-08 23:39:14,2016-12-30 01:04:25
C12022,2016-07-08 23:40:07,2016-07-08 23:40:07
C02222,2016-07-08 23:40:50,2016-12-25 18:16:19
C09290,2016-07-08 23:45:00,2016-12-18 21:20:55
C06275,2016-07-08 23:48:07,2016-11-07 21:30:50
C12772,2016-07-08 23:50:45,2016-12-23 02:21:26
C05297,2016-07-08 23:52:45,2016-08-30 20:12:02
C08455,2016-07-08 23:53:57,2016-12-27 01:00:38
C04366,2016-07-08 23:57:06,2016-12-13 22:31:30
C01733,2016-07-08 23:59:05,2016-11-26 13:38:21
C00904,2016-07-09 00:00:43,2016-11-16 10:25:34
C13140,2016-07-09 00:02:49,2016-12-20 03:52:34
C13021,2016-07-09 00:04:37,2016-10-01 13:09:03
C02811,2016-07-09 00:07:14,2016-12-26 23:19:34
C03804,2016-07-09 00:11:11,2016-10-18 00:56:17
C12994,2016-07-09 00:18:31,2016-07-09 00:18:31
C01300,2016-07-09 00:20:21,2016-12-11 02:34:54
C11388,2016-07-09 00:22:05,2016-12-10 12:30:34
C06797,2016-07-09 00:26:44,2016-12-26 19:55:29
C02899,2016-07-09 00:28:37,2016-12-10 16:40:58
C07224,2016-07-09 00:29:11,2016-10-09 20:27:03
C03304,2016-07-09 00:34:58,2016-07-09 00:34:58
C10723,2016-07-09 00:36:05,2016-09-02 14:12:10
C00393,2016-07-09 00:36:52,2016-11-22 20:32:47
C10615,2016-07-09 00:37:36,2016-11-21 16:26:01
C10617,2016-07-09 00:38:25,2016-12-20 07:34:15
C01609,2016-07-09 00:44:30,2016-12-25 13:05:20
C12195,2016-07-09 00:49:35,2016-12-09 13:24:52
C07882,2016-07-09 00:52:25,2016-07-09 00:52:25
C04581,2016-07-09 00:53:33,2016-07-09 00:53:33
C06362,2016-07-09 00:53:34,2016-12-23 22:19:37
C07607,2016-07-09 00:54:38,2016-12-21 17:46:32
C01060,2016-07-09 00:54:56,2016-07-09 00:54:56
C13170,2016-07-09 00:55:16,2016-12-23 14:30:40
C01994,2016-07-09 01:03:32,2016-12-24 16:25:41
C05957,2016-07-09 01:09:50,2016-12-30 08:26:55
C09235,2016-07-09 01:11:04,2016-12-29 21:14:35
C01986,2016-07-09 01:14:25,2016-12-25 22:34:33
C01727,2016-07-09 01:16:51,2016-12-31 22:19:19
C05490,2016-07-09 01:17:12,2016-10-11 03:59:13
C10809,2016-07-09 01:18:07,2016-12-28 23:19:51
C06286,2016-07-09 01:25:42,2016-12-20 18:33:50
C08167,2016-07-09 01:30:32,2016-12-05 21:52:18
C01434,2016-07-09 01:35:12,2016-12-18 00:13:21
C06778,2016-07-09 01:35:36,2016-12-11 17:11:08
C02812,2016-07-09 01:43:04,2016-12-31 00:21:49
C00905,2016-07-09 01:43:40,2016-12-20 23:42:50
C03871,2016-07-09 01:44:22,2016-12-22 17:29:43
C09695,2016-07-09 01:45:01,2016-10-28 17:44:47
C11462,2016-07-09 01:46:34,2016-11-04 01:31:29
C10153,2016-07-09 01:49:12,2016-09-09 20:44:07
C11471,2016-07-09 01:50:49,2016-07-26 13:38:03
C12902,2016-07-09 01:51:04,2016-12-26 18:00:17
C04098,2016-07-09 01:51:19,2016-12-27 00:13:49
C08367,2016-07-09 01:51:52,2016-12-31 02:42:21
C09942,2016-07-09 01:52:41,2016-08-12 20:07:24
C10875,2016-07-09 01:57:31,2016-12-03 15:41:52
C04252,2016-07-09 01:57:46,2016-12-09 15:52:59
C04648,2016-07-09 02:10:17,2016-12-29 14:27:57
C00657,2016-07-09 02:12:12,2016-12-30 02:19:19
C00124,2016-07-09 02:13:31,2016-10-28 18:34:45
C01723,2016-07-09 02:13:35,2016-12-28 20:26:14
C06308,2016-07-09 02:20:23,2016-12-22 13:57:24
C05648,2016-07-09 02:26:31,2016-12-26 10:09:32
C04936,2016-07-09 02:27:02,2016-07-12 22:28:24
C04521,2016-07-09 02:29:04,2016-11-19 23:17:42
C04566,2016-07-09 02:32:48,2016-12-31 15:00:23
C11191,2016-07-09 02:38:52,2016-12-11 16:20:15
C04814,2016-07-09 02:38:58,2016-12-29 23:44:55
C05484,2016-07-09 02:42:24,2016-12-03 18:05:17
C04360,2016-07-09 02:45:12,2016-11-18 21:50:31
C10131,2016-07-09 02:45:42,2016-11-19 17:58:05
C13543,2016-07-09 02:46:14,2016-07-09 02:46:14
C09606,2016-07-09 02:48:11,2016-12-02 14:14:39
C06341,2016-07-09 03:04:31,2016-12-03 22:03:09
C09725,2016-07-09 03:04:54,2016-10-31 16:09:44
C03036,2016-07-09 03:05:32,2016-12-26 03:04:01
C06108,2016-07-09 03:12:56,2016-12-29 11:38:41
C07551,2016-07-09 03:13:06,2016-12-12 12:14:34
C11192,2016-07-09 03:13:09,2016-11-12 13:25:54
C04796,2016-07-09 03:17:13,2016-12-23 01:49:07
C08993,2016-07-09 03:30:33,2016-12-30 21:32:30
C09757,2016-07-09 03:30:48,2016-12-30 17:10:11
C11131,2016-07-09 03:38:51,2016-12-26 20:53:11
C05221,2016-07-09 03:53:47,2016-08-24 02:38:03
C11770,2016-07-09 04:06:57,2016-10-17 17:39:14
C09198,2016-07-09 04:12:13,2016-07-22 05:40:45
C10983,2016-07-09 04:12:45,2016-12-18 05:23:50
C07067,2016-07-09 04:14:04,2016-12-28 03:05:10
C12383,2016-07-09 04:15:10,2016-07-09 04:15:10
C00606,2016-07-09 04:23:12,2016-12-26 04:53:02
C01619,2016-07-09 04:29:44,2016-12-23 12:19:21
C05554,2016-07-09 04:29:51,2016-11-24 11:51:05
C07975,2016-07-09 04:41:12,2016-12-09 15:07:44
C05773,2016-07-09 05:16:54,2016-07-09 05:16:54
C03298,2016-07-09 05:21:47,2016-12-29 07:40:36
C11840,2016-07-09 05:27:41,2016-10-19 21:52:23
C08150,2016-07-09 05:30:07,2016-07-09 05:30:07
C02446,2016-07-09 05:58:43,2016-11-30 01:31:57
C03980,2016-07-09 06:15:22,2016-12-30 21:13:07
C11750,2016-07-09 06:52:54,2016-12-26 13:02:53
C02967,2016-07-09 07:01:45,2016-12-31 22:47:57
C05234,2016-07-09 07:14:39,2016-11-30 15:42:12
C02582,2016-07-09 07:39:47,2016-12-15 02:18:34
C09051,2016-07-09 08:34:27,2016-12-26 20:12:39
C07001,2016-07-09 08:54:40,2016-11-10 01:06:43
C09625,2016-07-09 09:13:43,2016-07-09 09:13:43
C01690,2016-07-09 11:56:13,2016-12-22 11:05:59
C03228,2016-07-09 12:17:00,2016-07-19 00:33:57
C00914,2016-07-09 12:23:30,2016-12-30 11:18:28
C00807,2016-07-09 12:32:45,2016-07-22 12:16:38
C08797,2016-07-09 12:45:16,2016-12-31 13:28:04
C00828,2016-07-09 12:46:25,2016-07-09 12:46:25
C13183,2016-07-09 12:49:56,2016-07-09 12:49:56
C03964,2016-07-09 12:52:51,2016-12-24 12:46:00
C02188,2016-07-09 12:59:53,2016-12-16 02:45:54
C09151,2016-07-09 13:01:23,2016-10-05 23:38:25
C13124,2016-07-09 13:08:34,2016-11-29 16:55:10
C03223,2016-07-09 13:17:31,2016-12-07 01:08:46
C06900,2016-07-09 13:17:39,2016-10-17 20:03:36
C06737,2016-07-09 13:20:29,2016-12-01 18:37:26
C10145,2016-07-09 13:26:31,2016-09-13 06:25:02
C13204,2016-07-09 13:27:03,2016-12-11 10:47:27
C09035,2016-07-09 13:29:28,2016-12-02 13:03:09
C12905,2016-07-09 13:35:05,2016-11-17 16:01:22
C05728,2016-07-09 13:40:23,2016-12-22 21:10:49
C12451,2016-07-09 13:42:26,2016-07-20 22:56:42
C04556,2016-07-09 13:57:37,2016-12-31 21:49:04
C10964,2016-07-09 14:00:39,2016-12-22 21:05:33
C13505,2016-07-09 14:04:57,2016-07-09 14:04:57
C10063,2016-07-09 14:13:11,2016-12-30 19:19:00
C10287,2016-07-09 14:13:58,2016-12-14 09:15:04
C10088,2016-07-09 14:15:30,2016-09-06 16:04:38
C07732,2016-07-09 14:22:58,2016-11-23 15:15:13
C09708,2016-07-09 14:24:10,2016-12-10 16:29:54
C01566,2016-07-09 14:27:14,2016-07-24 19:59:52
C05861,2016-07-09 14:28:59,2016-12-30 02:10:12
C08310,2016-07-09 14:35:05,2016-07-29 05:08:37
C04195,2016-07-09 14:40:19,2016-10-09 19:07:36
C02908,2016-07-09 14:44:08,2016-12-28 07:45:44
C07887,2016-07-09 14:44:11,2016-12-30 16:19:21
C02341,2016-07-09 14:46:16,2016-12-31 01:56:46
C13100,2016-07-09 14:47:06,2016-12-03 02:45:34
C09038,2016-07-09 14:51:16,2016-07-09 14:51:16
C10574,2016-07-09 14:54:30,2016-12-29 00:18:13
C11526,2016-07-09 14:57:15,2016-12-30 07:02:40
C01123,2016-07-09 14:59:40,2016-12-02 17:42:05
C07885,2016-07-09 15:02:25,2016-12-16 14:09:14
C09478,2016-07-09 15:07:42,2016-12-26 17:18:48
C11430,2016-07-09 15:10:21,2016-10-14 17:46:15
C03446,2016-07-09 15:12:27,2016-10-04 22:05:11
C01237,2016-07-09 15:15:32,2016-07-16 01:24:57
C05600,2016-07-09 15:16:44,2016-12-12 15:10:56
C13243,2016-07-09 15:17:06,2016-12-19 14:58:49
C02504,2016-07-09 15:18:02,2016-12-15 21:26:05
C00922,2016-07-09 15:19:15,2016-10-20 18:14:08
C03981,2016-07-09 15:21:36,2016-12-25 16:15:46
C04176,2016-07-09 15:23:17,2016-11-04 13:48:22
C01494,2016-07-09 15:27:01,2016-12-24 18:52:05
C10525,2016-07-09 15:27:19,2016-11-10 16:03:46
C09842,2016-07-09 15:28:37,2016-09-14 18:26:48
C01823,2016-07-09 15:36:41,2016-12-17 12:15:52
C00156,2016-07-09 15:37:48,2016-12-31 19:51:15
C01137,2016-07-09 15:38:08,2016-12-28 23:03:21
C05260,2016-07-09 15:43:27,2016-11-22 03:27:19
C03123,2016-07-09 15:50:27,2016-07-24 03:20:04
C00430,2016-07-09 15:54:50,2016-11-03 15:55:31
C00851,2016-07-09 15:56:37,2016-12-30 02:27:42
C10531,2016-07-09 15:59:06,2016-12-29 17:27:17
C12001,2016-07-09 16:00:10,2016-12-22 13:44:41
C11440,2016-07-09 16:03:32,2016-07-14 02:34:12
C02042,2016-07-09 16:04:30,2016-12-14 11:29:20
C00787,2016-07-09 16:07:52,2016-10-18 17:29:38
C04395,2016-07-09 16:09:27,2016-12-17 13:30:39
C06111,2016-07-09 16:11:47,2016-12-29 21:39:43
C10187,2016-07-09 16:14:33,2016-12-21 14:32:41
C04795,2016-07-09 16:16:15,2016-11-14 19:30:03
C01777,2016-07-09 16:22:49,2016-12-02 00:13:36
C03821,2016-07-09 16:23:39,2016-07-11 19:20:28
C02818,2016-07-09 16:25:08,2016-12-16 04:26:01
C09202,2016-07-09 16:25:33,2016-12-03 12:04:11
C03881,2016-07-09 16:27:58,2016-12-28 00:50:08
C12291,2016-07-09 16:28:55,2016-12-09 18:23:23
C11232,2016-07-09 16:30:16,2016-12-31 23:41:03
C11865,2016-07-09 16:30:34,2016-12-22 22:32:30
C08815,2016-07-09 16:31:12,2016-08-30 17:10:51
C06794,2016-07-09 16:33:47,2016-07-09 16:33:47
C09106,2016-07-09 16:46:27,2016-12-05 15:45:22
C08638,2016-07-09 16:47:26,2016-07-26 14:32:24
C11624,2016-07-09 16:49:17,2016-12-23 19:22:45
C06149,2016-07-09 16:50:04,2016-12-25 13:50:41
C00410,2016-07-09 16:58:01,2016-12-20 00:57:51
C01881,2016-07-09 16:58:59,2016-12-31 16:02:47
C09583,2016-07-09 17:00:51,2016-12-31 12:20:08
C02751,2016-07-09 17:02:44,2016-07-28 17:08:26
C10879,2016-07-09 17:03:22,2016-12-18 01:12:32
C08161,2016-07-09 17:07:31,2016-12-03 03:56:08
C01547,2016-07-09 17:07:51,2016-12-30 20:47:24
C01070,2016-07-09 17:18:39,2016-12-10 03:26:01
C00353,2016-07-09 17:19:43,2016-12-13 04:35:07
C00460,2016-07-09 17:23:18,2016-10-26 23:34:39
C12066,2016-07-09 17:27:35,2016-12-14 01:33:35
C06402,2016-07-09 17:31:35,2016-12-03 17:24:42
C03484,2016-07-09 17:32:33,2016-11-23 19:04:45
C05233,2016-07-09 17:34:04,2016-10-07 16:47:18
C11026,2016-07-09 17:34:46,2016-10-06 23:16:29
C11198,2016-07-09 17:37:13,2016-12-04 00:42:45
C05410,2016-07-09 17:37:48,2016-12-21 14:52:11
C06469,2016-07-09 17:38:03,2016-12-24 16:49:45
C05868,2016-07-09 17:41:00,2016-12-23 16:32:05
C12448,2016-07-09 17:47:34,2016-08-26 14:18:37
C10132,2016-07-09 17:51:52,2016-12-27 16:34:08
C05372,2016-07-09 17:52:49,2016-11-16 16:44:20
C07159,2016-07-09 17:54:28,2016-11-16 01:03:07
C13143,2016-07-09 17:55:04,2016-12-30 22:59:25
C11541,2016-07-09 17:58:29,2016-07-09 17:58:29
C05680,2016-07-09 18:01:02,2016-10-21 04:07:40
C02718,2016-07-09 18:02:26,2016-12-28 21:44:26
C01030,2016-07-09 18:03:40,2016-12-09 15:31:24
C01464,2016-07-09 18:05:18,2016-12-23 16:41:48
C10171,2016-07-09 18:14:41,2016-12-28 21:45:44
C01144,2016-07-09 18:15:04,2016-12-02 03:18:13
C01403,2016-07-09 18:15:51,2016-10-08 21:26:34
C05556,2016-07-09 18:15:54,2016-12-17 20:05:36
C06103,2016-07-09 18:17:14,2016-10-02 21:13:45
C06210,2016-07-09 18:25:52,2016-12-25 00:29:00
C01197,2016-07-09 18:29:53,2016-11-04 18:56:09
C08559,2016-07-09 18:30:03,2016-07-09 18:30:03
C04940,2016-07-09 18:30:30,2016-12-29 22:58:53
C08679,2016-07-09 18:32:03,2016-12-23 16:40:54
C06712,2016-07-09 18:37:40,2016-08-26 14:39:12
C02315,2016-07-09 18:37:47,2016-12-07 05:56:30
C02560,2016-07-09 18:39:30,2016-07-09 18:39:30
C10113,2016-07-09 18:40:07,2016-12-19 09:30:54
C05584,2016-07-09 18:41:49,2016-07-09 18:41:49
C03279,2016-07-09 18:43:23,2016-12-03 22:56:24
C10501,2016-07-09 18:44:29,2016-11-23 21:26:16
C05046,2016-07-09 18:45:34,2016-12-30 05:26:04
C03872,2016-07-09 18:53:33,2016-11-21 22:25:25
C02377,2016-07-09 18:54:20,2016-12-23 18:38:14
C04804,2016-07-09 18:55:15,2016-08-18 22:03:40
C02101,2016-07-09 19:02:11,2016-12-17 22:43:22
C07281,2016-07-09 19:04:16,2016-12-19 10:44:47
C08998,2016-07-09 19:04:28,2016-09-27 02:15:14
C09629,2016-07-09 19:04:47,2016-12-31 19:56:27
C09993,2016-07-09 19:04:54,2016-07-09 19:20:40
C12453,2016-07-09 19:07:11,2016-07-09 19:07:11
C09206,2016-07-09 19:13:13,2016-12-31 18:53:26
C07755,2016-07-09 19:16:13,2016-12-29 23:32:34
C12732,2016-07-09 19:20:30,2016-12-26 00:14:07
C09712,2016-07-09 19:22:13,2016-10-11 14:40:37
C03538,2016-07-09 19:23:42,2016-12-19 02:17:16
C07352,2016-07-09 19:24:59,2016-12-24 16:15:01
C01383,2016-07-09 19:26:51,2016-12-30 20:50:18
C10862,2016-07-09 19:27:20,2016-12-29 17:07:29
C00267,2016-07-09 19:28:36,2016-12-28 17:46:24
C03885,2016-07-09 19:30:25,2016-12-14 23:13:18
C11508,2016-07-09 19:35:40,2016-10-07 05:32:53
C04160,2016-07-09 19:36:17,2016-11-17 02:27:58
C02438,2016-07-09 19:37:13,2016-12-25 19:13:26
C07782,2016-07-09 19:37:40,2016-12-04 21:25:40
C00796,2016-07-09 19:37:55,2016-12-30 22:49:28
C08776,2016-07-09 19:40:56,2016-12-05 03:19:09
C09997,2016-07-09 19:42:37,2016-10-28 04:52:01
C05264,2016-07-09 19:43:53,2016-12-30 22:29:10
C07676,2016-07-09 19:44:13,2016-12-22 17:33:28
C00860,2016-07-09 19:46:35,2016-12-11 00:44:59
C01760,2016-07-09 19:49:43,2016-11-12 22:46:39
C02073,2016-07-09 19:51:21,2016-10-06 11:34:04
C09347,2016-07-09 19:53:57,2016-12-31 23:53:05
C13270,2016-07-09 19:54:15,2016-12-22 16:35:44
C01548,2016-07-09 19:54:37,2016-11-02 14:00:30
C10716,2016-07-09 19:54:49,2016-12-05 03:02:50
C07459,2016-07-09 19:55:07,2016-12-22 20:10:29
C12002,2016-07-09 19:56:15,2016-12-13 00:01:29
C04540,2016-07-09 19:56:31,2016-11-27 14:37:54
C08817,2016-07-09 19:57:29,2016-12-08 04:15:11
C06446,2016-07-09 20:04:52,2016-12-21 23:28:48
C03018,2016-07-09 20:06:31,2016-07-24 19:30:05
C08830,2016-07-09 20:07:15,2016-09-17 18:27:59
C01460,2016-07-09 20:10:01,2016-12-15 02:20:09
C09665,2016-07-09 20:10:58,2016-12-22 16:23:11
C06116,2016-07-09 20:13:14,2016-12-26 22:38:13
C07225,2016-07-09 20:17:10,2016-07-11 19:21:38
C01472,2016-07-09 20:20:14,2016-11-03 20:59:20
C10736,2016-07-09 20:28:27,2016-12-08 16:19:53
C03991,2016-07-09 20:29:41,2016-12-25 19:30:09
C12861,2016-07-09 20:37:24,2016-12-01 21:10:00
C13489,2016-07-09 20:41:12,2016-12-27 15:39:09
C11932,2016-07-09 20:46:51,2016-10-04 16:15:44
C02850,2016-07-09 20:48:16,2016-08-18 13:45:45
C08760,2016-07-09 20:52:18,2016-12-15 16:27:27
C12774,2016-07-09 20:53:03,2016-12-31 10:23:50
C07717,2016-07-09 20:54:24,2016-12-30 00:20:40
C10966,2016-07-09 20:55:53,2016-11-17 17:58:37
C12184,2016-07-09 20:56:59,2016-12-15 17:23:15
C05611,2016-07-09 20:58:29,2016-12-09 16:37:27
C10971,2016-07-09 21:02:00,2016-10-28 05:38:29
C09672,2016-07-09 21:02:21,2016-07-09 21:02:21
C12940,2016-07-09 21:06:16,2016-07-30 15:32:32
C09063,2016-07-09 21:06:36,2016-12-31 12:50:45
C09338,2016-07-09 21:08:03,2016-10-01 16:11:20
C06389,2016-07-09 21:10:32,2016-12-07 20:52:29
C00539,2016-07-09 21:21:19,2016-12-28 20:19:32
C08348,2016-07-09 21:22:09,2016-12-30 21:25:44
C01131,2016-07-09 21:24:04,2016-12-26 15:31:40
C11879,2016-07-09 21:27:03,2016-12-14 23:21:56
C08239,2016-07-09 21:31:20,2016-12-13 21:31:28
C10444,2016-07-09 21:32:51,2016-08-11 23:07:40
C03755,2016-07-09 21:36:50,2016-12-24 16:00:40
C01585,2016-07-09 21:40:20,2016-08-15 21:19:17
C08361,2016-07-09 21:41:16,2016-12-08 01:28:11
C02993,2016-07-09 21:42:21,2016-07-13 18:00:46
C07464,2016-07-09 21:44:04,2016-11-18 18:02:19
C00164,2016-07-09 21:44:54,2016-12-03 23:21:57
C09830,2016-07-09 21:48:20,2016-12-07 19:28:14
C00019,2016-07-09 21:48:40,2016-12-17 18:20:26
C00716,2016-07-09 21:49:50,2016-12-30 16:22:54
C10734,2016-07-09 21:50:58,2016-12-11 01:07:32
C13398,2016-07-09 21:53:44,2016-12-26 22:41:27
C05822,2016-07-09 21:54:19,2016-12-31 17:52:51
C02840,2016-07-09 21:57:09,2016-11-07 04:27:00
C06247,2016-07-09 22:05:48,2016-12-29 16:33:13
C11221,2016-07-09 22:07:18,2016-12-15 14:10:11
C09297,2016-07-09 22:09:39,2016-12-25 18:45:52
C12139,2016-07-09 22:12:02,2016-08-05 20:29:16
C08323,2016-07-09 22:13:18,2016-07-26 17:51:46
C13255,2016-07-09 22:19:08,2016-07-16 02:15:14
C01358,2016-07-09 22:20:29,2016-12-06 18:38:48
C10321,2016-07-09 22:23:58,2016-07-09 22:23:58
C12034,2016-07-09 22:24:50,2016-12-25 22:07:30
C08782,2016-07-09 22:29:39,2016-12-27 20:01:45
C02919,2016-07-09 22:35:54,2016-11-04 01:02:51
C06876,2016-07-09 22:37:43,2016-07-09 22:37:43
C09822,2016-07-09 22:45:03,2016-07-26 13:53:59
C04033,2016-07-09 22:45:39,2016-12-27 17:53:50
C05734,2016-07-09 22:46:25,2016-12-01 17:12:25
C11341,2016-07-09 22:48:49,2016-10-07 03:27:47
C00135,2016-07-09 22:49:27,2016-12-21 14:52:28
C10644,2016-07-09 22:49:52,2016-12-26 19:38:52
C02209,2016-07-09 22:53:18,2016-09-14 02:18:43
C02343,2016-07-09 22:55:21,2016-07-09 22:55:21
C13262,2016-07-09 22:58:52,2016-12-30 14:45:33
C11157,2016-07-09 23:00:10,2016-09-26 14:37:57
C13244,2016-07-09 23:04:51,2016-07-29 15:58:59
C05369,2016-07-09 23:07:16,2016-12-31 12:58:32
C00244,2016-07-09 23:09:03,2016-12-22 17:08:54
C00857,2016-07-09 23:10:26,2016-12-15 20:54:05
C09924,2016-07-09 23:10:30,2016-12-04 13:39:55
C09514,2016-07-09 23:11:05,2016-12-16 19:15:09
C03914,2016-07-09 23:12:47,2016-07-09 23:12:47
C01890,2016-07-09 23:13:20,2016-12-31 17:10:49
C05439,2016-07-09 23:15:29,2016-11-03 23:53:56
C13370,2016-07-09 23:16:12,2016-12-20 11:30:55
C06465,2016-07-09 23:16:39,2016-07-19 01:58:10
C06244,2016-07-09 23:18:11,2016-10-27 22:06:57
C08152,2016-07-09 23:18:43,2016-11-06 16:29:32
C10149,2016-07-09 23:27:18,2016-12-31 12:51:44
C04343,2016-07-09 23:28:20,2016-12-14 22:43:20
C13272,2016-07-09 23:29:29,2016-12-31 03:20:11
C13315,2016-07-09 23:29:54,2016-12-27 18:21:15
C00538,2016-07-09 23:32:28,2016-10-04 22:17:16
C05684,2016-07-09 23:38:12,2016-12-24 20:52:29
C00008,2016-07-09 23:46:28,2016-12-30 20:23:10
C12243,2016-07-09 23:49:31,2016-12-15 17:21:31
C11940,2016-07-09 23:53:12,2016-12-31 17:15:16
C12150,2016-07-09 23:53:21,2016-12-30 15:07:43
C11617,2016-07-10 00:03:09,2016-12-24 14:37:23
C04601,2016-07-10 00:03:38,2016-12-20 08:46:49
C10183,2016-07-10 00:06:44,2016-07-10 00:06:44
C08343,2016-07-10 00:08:18,2016-07-18 02:49:06
C10840,2016-07-10 00:09:16,2016-10-23 18:49:03
C01801,2016-07-10 00:09:50,2016-12-15 21:14:15
C10781,2016-07-10 00:15:27,2016-12-12 19:24:44
C01352,2016-07-10 00:17:21,2016-12-13 10:44:58
C06922,2016-07-10 00:22:03,2016-07-29 00:29:45
C12348,2016-07-10 00:27:38,2016-11-14 12:37:04
C04131,2016-07-10 00:28:12,2016-10-04 04:02:13
C09259,2016-07-10 00:29:20,2016-10-31 11:25:30
C02068,2016-07-10 00:33:12,2016-12-26 22:42:01
C12632,2016-07-10 00:36:01,2016-12-28 21:02:18
C05624,2016-07-10 00:39:01,2016-10-09 20:47:20
C05331,2016-07-10 00:39:19,2016-12-09 19:51:19
C09674,2016-07-10 00:41:56,2016-10-08 21:06:39
C05351,2016-07-10 00:43:02,2016-12-15 11:57:27
C01241,2016-07-10 00:51:19,2016-12-31 11:02:30
C01689,2016-07-10 00:51:57,2016-12-18 12:52:25
C11148,2016-07-10 00:54:00,2016-07-10 00:54:00
C02218,2016-07-10 00:55:57,2016-12-26 11:40:34
C06070,2016-07-10 01:10:44,2016-12-31 12:47:59
C09179,2016-07-10 01:12:12,2016-12-30 18:05:38
C01709,2016-07-10 01:15:45,2016-12-17 15:10:35
C06368,2016-07-10 01:26:41,2016-12-31 11:41:35
C01059,2016-07-10 01:29:10,2016-08-05 13:18:03
C05026,2016-07-10 01:30:06,2016-07-10 01:30:06
C06309,2016-07-10 01:30:27,2016-10-07 21:17:01
C13182,2016-07-10 01:35:36,2016-09-03 15:46:03
C10177,2016-07-10 01:35:54,2016-12-04 14:23:58
C09399,2016-07-10 01:39:17,2016-07-10 01:39:17
C11386,2016-07-10 01:39:27,2016-07-10 01:39:27
C00800,2016-07-10 01:39:56,2016-12-19 20:54:33
C04866,2016-07-10 01:49:43,2016-12-02 16:50:58
C05621,2016-07-10 01:58:48,2016-12-15 16:39:59
C04668,2016-07-10 01:59:37,2016-12-21 22:07:38
C03661,2016-07-10 02:05:46,2016-11-25 19:53:36
C13057,2016-07-10 02:08:59,2016-12-12 00:49:56
C05355,2016-07-10 02:09:27,2016-12-26 00:01:41
C07703,2016-07-10 02:13:02,2016-12-29 21:39:17
C10168,2016-07-10 02:14:04,2016-12-31 17:47:28
C00436,2016-07-10 02:17:14,2016-12-16 04:46:51
C08371,2016-07-10 02:21:54,2016-07-25 00:21:08
C12458,2016-07-10 02:28:35,2016-08-24 08:20:00
C05048,2016-07-10 02:29:53,2016-11-28 00:24:12
C04852,2016-07-10 02:33:16,2016-12-31 16:43:19
C02353,2016-07-10 02:33:17,2016-12-29 09:10:21
C10871,2016-07-10 02:38:43,2016-12-16 17:52:08
C04952,2016-07-10 02:40:46,2016-10-17 13:56:50
C08159,2016-07-10 02:41:05,2016-12-14 23:01:35
C05790,2016-07-10 02:47:25,2016-08-14 03:29:16
C00451,2016-07-10 02:49:11,2016-12-08 21:54:58
C08389,2016-07-10 02:53:13,2016-07-10 02:53:13
C07561,2016-07-10 02:54:59,2016-12-21 14:11:44
C09533,2016-07-10 02:59:05,2016-12-30 03:25:55
C10402,2016-07-10 03:03:36,2016-07-14 02:05:19
C09203,2016-07-10 03:08:16,2016-07-10 03:08:16
C02111,2016-07-10 03:08:53,2016-11-28 15:57:16
C09537,2016-07-10 03:27:27,2016-07-30 05:20:22
C00330,2016-07-10 03:36:50,2016-09-28 14:33:45
C09352,2016-07-10 03:39:46,2016-10-26 20:35:21
C04681,2016-07-10 03:39:47,2016-12-10 13:44:50
C04300,2016-07-10 03:54:05,2016-12-30 13:59:36
C09448,2016-07-10 03:55:30,2016-12-25 06:29:27
C00951,2016-07-10 04:04:53,2016-12-15 16:51:04
C11246,2016-07-10 04:05:12,2016-12-25 19:22:31
C02772,2016-07-10 04:23:23,2016-12-15 14:14:57
C00337,2016-07-10 04:23:30,2016-11-25 22:04:03
C11746,2016-07-10 04:49:13,2016-07-10 04:49:13
C01264,2016-07-10 04:51:44,2016-10-04 16:44:59
C13241,2016-07-10 04:57:22,2016-12-26 00:04:53
C02049,2016-07-10 05:05:35,2016-11-27 04:37:24
C00196,2016-07-10 05:08:09,2016-07-10 05:09:59
C12731,2016-07-10 05:20:19,2016-12-01 01:29:01
C08994,2016-07-10 05:51:44,2016-10-11 13:59:53
C03817,2016-07-10 06:06:03,2016-11-25 03:28:12
C00685,2016-07-10 06:25:20,2016-11-13 19:41:05
C02168,2016-07-10 07:19:47,2016-12-29 03:18:05
C03421,2016-07-10 10:21:14,2016-07-10 10:21:14
C10291,2016-07-10 10:41:38,2016-07-10 10:41:38
C12161,2016-07-10 10:48:45,2016-12-15 00:06:13
C03242,2016-07-10 11:10:44,2016-11-03 23:22:33
C05302,2016-07-10 11:41:34,2016-12-27 01:31:12
C10804,2016-07-10 11:58:42,2016-11-13 08:01:30
C07105,2016-07-10 12:20:33,2016-12-26 12:59:26
C02529,2016-07-10 12:35:57,2016-12-07 15:00:19
C05491,2016-07-10 12:56:14,2016-07-23 19:18:13
C10639,2016-07-10 13:06:21,2016-10-10 04:36:35
C05326,2016-07-10 13:16:04,2016-12-30 19:02:27
C12568,2016-07-10 13:19:44,2016-12-29 00:36:19
C07575,2016-07-10 13:20:30,2016-12-29 18:19:30
C04557,2016-07-10 13:35:07,2016-12-16 19:51:42
C02595,2016-07-10 13:35:25,2016-12-29 20:45:48
C07495,2016-07-10 13:35:42,2016-12-26 12:46:36
C13178,2016-07-10 13:45:47,2016-11-09 21:46:44
C11364,2016-07-10 13:57:01,2016-10-02 00:44:12
C13161,2016-07-10 14:07:03,2016-12-21 00:14:37
C04923,2016-07-10 14:09:49,2016-12-25 14:35:34
C00186,2016-07-10 14:12:58,2016-12-20 18:05:24
C02773,2016-07-10 14:17:35,2016-11-04 04:58:37
C07879,2016-07-10 14:19:44,2016-12-12 21:35:20
C02223,2016-07-10 14:28:45,2016-11-27 16:38:29
C00662,2016-07-10 14:29:08,2016-08-29 23:57:58
C12858,2016-07-10 14:43:50,2016-12-10 10:20:25
C03686,2016-07-10 14:46:23,2016-12-19 04:26:19
C09681,2016-07-10 14:49:15,2016-12-19 15:01:50
C04102,2016-07-10 14:49:19,2016-07-20 15:44:18
C06700,2016-07-10 14:49:22,2016-07-10 14:49:22
C04753,2016-07-10 14:50:24,2016-07-10 14:50:24
C01630,2016-07-10 14:52:31,2016-07-10 14:52:31
C05480,2016-07-10 14:54:33,2016-07-10 14:54:33
C00703,2016-07-10 14:55:28,2016-07-10 14:55:28
C10918,2016-07-10 14:58:15,2016-07-28 21:25:25
C06912,2016-07-10 14:58:54,2016-12-31 18:59:49
C00097,2016-07-10 15:05:33,2016-07-26 17:31:02
C06710,2016-07-10 15:07:15,2016-12-13 22:16:01
C05953,2016-07-10 15:10:37,2016-07-10 15:10:37
C00912,2016-07-10 15:14:22,2016-09-12 19:21:13
C02400,2016-07-10 15:17:28,2016-12-28 13:08:14
C06027,2016-07-10 15:17:35,2016-12-30 02:35:30
C06509,2016-07-10 15:21:08,2016-12-08 20:21:59
C07577,2016-07-10 15:24:35,2016-12-15 02:10:33
C12460,2016-07-10 15:27:01,2016-12-18 02:42:11
C03154,2016-07-10 15:27:20,2016-08-28 00:52:55
C10811,2016-07-10 15:33:29,2016-12-30 20:21:04
C07880,2016-07-10 15:33:38,2016-11-17 17:02:07
C02205,2016-07-10 15:33:49,2016-12-25 15:19:59
C11356,2016-07-10 15:35:30,2016-07-23 21:43:13
C00528,2016-07-10 15:36:07,2016-12-14 22:38:29
C06384,2016-07-10 15:37:02,2016-07-10 15:37:02
C08492,2016-07-10 15:47:24,2016-12-08 20:18:18
C01128,2016-07-10 15:49:52,2016-12-31 03:17:57
C07544,2016-07-10 15:50:25,2016-07-30 18:24:25
C02511,2016-07-10 15:54:03,2016-12-09 19:12:53
C02248,2016-07-10 15:58:15,2016-07-10 15:58:15
C08668,2016-07-10 15:59:37,2016-09-24 03:18:06
C06179,2016-07-10 16:03:26,2016-09-03 19:35:36
C02894,2016-07-10 16:12:12,2016-07-16 07:43:23
C00623,2016-07-10 16:15:18,2016-07-29 22:53:01
C05902,2016-07-10 16:17:01,2016-12-20 23:11:50
C00640,2016-07-10 16:17:05,2016-12-10 20:20:49
C13321,2016-07-10 16:21:38,2016-10-08 16:21:55
C07329,2016-07-10 16:33:39,2016-11-08 01:45:43
C09957,2016-07-10 16:40:16,2016-12-24 21:23:23
C04915,2016-07-10 16:40:36,2016-11-29 16:41:38
C00352,2016-07-10 16:41:07,2016-11-15 00:40:58
C06227,2016-07-10 16:43:22,2016-11-28 16:16:58
C08882,2016-07-10 16:43:52,2016-07-25 04:07:29
C11512,2016-07-10 16:44:07,2016-11-17 15:25:02
C11695,2016-07-10 16:46:10,2016-12-07 14:13:11
C11731,2016-07-10 16:51:49,2016-07-10 16:51:49
C00776,2016-07-10 16:53:17,2016-12-29 13:16:49
C11369,2016-07-10 16:57:27,2016-07-10 16:57:27
C10072,2016-07-10 16:58:13,2016-12-23 13:18:08
C07631,2016-07-10 17:01:38,2016-10-13 14:11:13
C03478,2016-07-10 17:02:57,2016-12-28 01:47:26
C01730,2016-07-10 17:03:53,2016-12-27 11:09:57
C05466,2016-07-10 17:04:28,2016-09-16 01:58:02
C00236,2016-07-10 17:06:24,2016-09-13 18:44:44
C09081,2016-07-10 17:06:45,2016-12-31 12:33:49
C08286,2016-07-10 17:10:36,2016-08-06 00:00:47
C02682,2016-07-10 17:10:41,2016-12-28 13:07:54
C02985,2016-07-10 17:11:26,2016-08-25 08:06:49
C06786,2016-07-10 17:13:47,2016-07-10 17:22:48
C00288,2016-07-10 17:17:03,2016-11-18 17:52:19
C00570,2016-07-10 17:24:16,2016-08-24 17:50:25
C00769,2016-07-10 17:32:57,2016-12-29 23:34:51
C01438,2016-07-10 17:33:36,2016-09-08 16:03:51
C02791,2016-07-10 17:37:36,2016-07-14 21:56:03
C03937,2016-07-10 17:38:48,2016-10-30 23:46:32
C11850,2016-07-10 17:39:30,2016-07-21 19:01:12
C03636,2016-07-10 17:40:30,2016-12-26 14:07:43
C11352,2016-07-10 17:41:25,2016-12-17 22:52:13
C10278,2016-07-10 17:46:42,2016-12-31 16:53:53
C00620,2016-07-10 17:47:48,2016-11-28 00:03:05
C05390,2016-07-10 17:49:53,2016-08-07 05:06:14
C12871,2016-07-10 17:51:42,2016-08-05 00:50:08
C06531,2016-07-10 17:56:01,2016-12-04 20:58:06
C03516,2016-07-10 18:03:12,2016-12-20 00:11:05
C08302,2016-07-10 18:05:22,2016-07-24 00:48:51
C11098,2016-07-10 18:06:43,2016-12-30 03:14:53
C05176,2016-07-10 18:07:43,2016-12-19 21:06:05
C06043,2016-07-10 18:08:00,2016-10-06 23:17:34
C01220,2016-07-10 18:12:00,2016-07-10 18:12:00
C01008,2016-07-10 18:12:02,2016-11-04 19:51:25
C11187,2016-07-10 18:13:42,2016-12-27 13:59:46
C10505,2016-07-10 18:15:18,2016-12-08 18:40:00
C08997,2016-07-10 18:15:59,2016-12-23 17:18:40
C12930,2016-07-10 18:17:22,2016-12-31 01:28:27
C08436,2016-07-10 18:17:35,2016-09-18 18:03:21
C02192,2016-07-10 18:21:58,2016-12-18 16:11:31
C06901,2016-07-10 18:22:56,2016-12-30 20:56:54
C04454,2016-07-10 18:24:33,2016-07-10 20:25:03
C10648,2016-07-10 18:25:47,2016-12-25 21:21:01
C06601,2016-07-10 18:26:16,2016-12-20 18:59:03
C12343,2016-07-10 18:28:04,2016-12-26 18:49:17
C09082,2016-07-10 18:28:35,2016-07-10 18:28:35
C09735,2016-07-10 18:30:39,2016-12-31 22:04:02
C12922,2016-07-10 18:31:31,2016-12-29 17:19:41
C03340,2016-07-10 18:31:44,2016-11-22 12:52:59
C11622,2016-07-10 18:33:09,2016-12-15 22:05:18
C12536,2016-07-10 18:33:28,2016-10-14 23:32:14
C01763,2016-07-10 18:37:26,2016-12-04 15:56:51
C05641,2016-07-10 18:44:23,2016-07-10 18:44:23
C08965,2016-07-10 18:49:03,2016-12-24 17:48:26
C12637,2016-07-10 18:50:14,2016-12-31 01:45:11
C04873,2016-07-10 19:06:25,2016-12-23 09:51:18
C05368,2016-07-10 19:07:37,2016-11-20 19:24:39
C06413,2016-07-10 19:08:49,2016-12-19 15:40:28
C05618,2016-07-10 19:10:01,2016-12-13 20:12:29
C09811,2016-07-10 19:13:28,2016-12-17 22:08:33
C08624,2016-07-10 19:14:26,2016-12-26 17:10:47
C04929,2016-07-10 19:17:30,2016-12-25 15:08:19
C04925,2016-07-10 19:20:13,2016-09-02 02:40:01
C05561,2016-07-10 19:21:51,2016-12-17 16:22:18
C03939,2016-07-10 19:23:25,2016-07-10 19:23:25
C10890,2016-07-10 19:24:07,2016-12-29 17:33:33
C01877,2016-07-10 19:24:16,2016-12-11 13:05:02
C03050,2016-07-10 19:28:15,2016-12-25 19:34:25
C07298,2016-07-10 19:29:13,2016-12-16 01:18:01
C13318,2016-07-10 19:32:30,2016-08-16 16:52:30
C04954,2016-07-10 19:33:42,2016-12-13 15:45:17
C06548,2016-07-10 19:36:45,2016-07-26 04:10:29
C03148,2016-07-10 19:45:25,2016-12-18 13:53:53
C07924,2016-07-10 19:50:04,2016-11-27 18:18:05
C05146,2016-07-10 19:50:56,2016-12-29 06:37:44
C06079,2016-07-10 19:52:00,2016-12-15 18:19:41
C04381,2016-07-10 19:52:36,2016-12-30 23:49:17
C09673,2016-07-10 19:58:11,2016-10-27 13:57:36
C11474,2016-07-10 19:58:48,2016-12-31 20:23:19
C09660,2016-07-10 20:00:31,2016-12-10 11:44:05
C00982,2016-07-10 20:01:34,2016-08-07 02:09:27
C04451,2016-07-10 20:07:36,2016-12-23 19:11:05
C07414,2016-07-10 20:09:12,2016-11-23 21:18:08
C02358,2016-07-10 20:10:02,2016-12-24 23:38:41
C07020,2016-07-10 20:13:37,2016-07-26 18:04:05
C09304,2016-07-10 20:16:44,2016-12-19 12:11:40
C03838,2016-07-10 20:19:17,2016-12-13 00:41:16
C08263,2016-07-10 20:19:50,2016-07-29 07:00:32
C03612,2016-07-10 20:26:35,2016-11-06 21:43:41
C00141,2016-07-10 20:28:54,2016-08-01 01:02:13
C09693,2016-07-10 20:31:13,2016-11-12 00:44:12
C12231,2016-07-10 20:36:46,2016-12-14 18:37:20
C04547,2016-07-10 20:38:45,2016-12-06 20:52:05
C06777,2016-07-10 20:40:52,2016-07-18 20:58:18
C00853,2016-07-10 20:44:41,2016-12-27 14:49:36
C00112,2016-07-10 20:46:04,2016-10-09 21:47:09
C06322,2016-07-10 20:50:03,2016-12-17 14:05:50
C11728,2016-07-10 20:53:34,2016-10-06 23:33:27
C06183,2016-07-10 20:55:52,2016-12-08 19:09:26
C13317,2016-07-10 20:56:15,2016-10-25 22:25:57
C02859,2016-07-10 21:04:30,2016-11-20 16:52:24
C12121,2016-07-10 21:05:13,2016-11-09 20:37:34
C04017,2016-07-10 21:06:41,2016-11-14 19:23:15
C08558,2016-07-10 21:07:28,2016-07-10 21:07:28
C11450,2016-07-10 21:09:24,2016-12-29 19:57:56
C08663,2016-07-10 21:10:09,2016-12-30 06:51:43
C05392,2016-07-10 21:10:25,2016-12-25 23:39:35
C06591,2016-07-10 21:11:37,2016-07-10 21:11:37
C00859,2016-07-10 21:12:00,2016-12-31 01:00:59
C08906,2016-07-10 21:12:06,2016-12-27 12:17:42
C03133,2016-07-10 21:22:36,2016-12-08 23:53:34
C09729,2016-07-10 21:24:42,2016-07-10 21:24:42
C13254,2016-07-10 21:26:43,2016-12-05 21:16:45
C01748,2016-07-10 21:27:05,2016-07-13 19:47:44
C07116,2016-07-10 21:27:11,2016-12-19 00:29:26
C09446,2016-07-10 21:30:10,2016-12-16 16:01:01
C02786,2016-07-10 21:32:33,2016-12-17 21:35:09
C00519,2016-07-10 21:34:18,2016-12-31 18:32:03
C07410,2016-07-10 21:34:44,2016-12-01 19:43:21
C02844,2016-07-10 21:40:34,2016-11-12 15:13:01
C01830,2016-07-10 21:40:40,2016-10-20 23:51:06
C01797,2016-07-10 21:43:18,2016-12-06 17:33:32
C03637,2016-07-10 21:47:10,2016-12-25 13:22:51
C11241,2016-07-10 21:47:23,2016-12-09 15:08:31
C00681,2016-07-10 21:47:33,2016-12-23 17:45:40
C08464,2016-07-10 21:49:18,2016-10-07 16:16:26
C05596,2016-07-10 21:52:29,2016-12-26 21:30:49
C07012,2016-07-10 21:58:06,2016-08-06 17:17:58
C12062,2016-07-10 22:01:33,2016-08-04 20:40:19
C12375,2016-07-10 22:10:01,2016-12-19 00:08:40
C12346,2016-07-10 22:12:08,2016-12-20 23:43:40
C06595,2016-07-10 22:13:16,2016-11-16 11:54:51
C06923,2016-07-10 22:19:36,2016-12-20 22:32:07
C13464,2016-07-10 22:19:41,2016-12-27 00:24:45
C10468,2016-07-10 22:19:49,2016-10-12 01:43:32
C10148,2016-07-10 22:22:42,2016-12-24 03:15:23
C04464,2016-07-10 22:23:16,2016-12-28 13:46:39
C09008,2016-07-10 22:27:35,2016-08-29 23:07:46
C03259,2016-07-10 22:29:39,2016-12-27 09:03:55
C01368,2016-07-10 22:31:08,2016-08-03 01:16:45
C02440,2016-07-10 22:32:06,2016-12-22 18:43:48
C05844,2016-07-10 22:32:17,2016-12-15 19:41:59
C05194,2016-07-10 22:33:31,2016-12-14 12:20:35
C08352,2016-07-10 22:34:23,2016-12-30 20:37:08
C10967,2016-07-10 22:36:29,2016-12-30 16:35:34
C05397,2016-07-10 22:41:38,2016-12-28 22:43:22
C01700,2016-07-10 22:46:58,2016-09-04 19:41:55
C02819,2016-07-10 22:53:18,2016-07-22 07:07:11
C06948,2016-07-10 22:53:33,2016-12-26 21:17:36
C09152,2016-07-10 22:55:34,2016-12-26 15:27:36
C12661,2016-07-10 22:57:46,2016-07-10 22:57:46
C00260,2016-07-10 23:04:05,2016-12-25 16:10:13
C01947,2016-07-10 23:06:57,2016-12-29 18:01:44
C08121,2016-07-10 23:08:02,2016-12-16 00:47:10
C10768,2016-07-10 23:08:56,2016-10-17 11:38:49
C02176,2016-07-10 23:20:14,2016-07-10 23:20:14
C08186,2016-07-10 23:20:36,2016-12-18 00:05:24
C00639,2016-07-10 23:33:46,2016-09-23 15:22:02
C07021,2016-07-10 23:34:50,2016-12-17 22:31:34
C12651,2016-07-10 23:38:03,2016-12-16 00:49:33
C01973,2016-07-10 23:43:09,2016-12-09 17:43:03
C09980,2016-07-10 23:44:21,2016-07-10 23:44:21
C04326,2016-07-10 23:47:11,2016-10-07 00:59:57
C04740,2016-07-10 23:57:53,2016-12-15 03:55:56
C09089,2016-07-10 23:58:47,2016-11-08 14:25:56
C12737,2016-07-10 23:59:32,2016-10-07 16:47:25
C01162,2016-07-10 23:59:36,2016-12-31 20:12:38
C07374,2016-07-11 00:03:08,2016-12-08 20:58:35
C01392,2016-07-11 00:12:56,2016-10-14 16:27:37
C13373,2016-07-11 00:18:39,2016-12-31 14:44:42
C10857,2016-07-11 00:20:15,2016-07-11 00:20:15
C06899,2016-07-11 00:21:21,2016-12-22 19:01:14
C12083,2016-07-11 00:21:29,2016-12-31 21:02:20
C02614,2016-07-11 00:25:19,2016-11-06 01:54:18
C11335,2016-07-11 00:28:25,2016-12-30 01:37:24
C13131,2016-07-11 00:32:46,2016-12-15 21:40:58
C03889,2016-07-11 00:35:28,2016-12-08 15:31:46
C05321,2016-07-11 00:40:34,2016-12-09 14:24:01
C06621,2016-07-11 00:47:05,2016-09-21 00:32:23
C10317,2016-07-11 00:47:21,2016-12-27 03:36:37
C10493,2016-07-11 00:53:54,2016-11-06 19:38:06
C13371,2016-07-11 00:56:49,2016-12-30 19:47:09
C01186,2016-07-11 00:57:48,2016-08-27 17:29:44
C11068,2016-07-11 00:58:05,2016-12-24 03:44:20
C13437,2016-07-11 00:59:57,2016-11-11 20:40:19
C00902,2016-07-11 01:06:54,2016-07-11 01:06:54
C12734,2016-07-11 01:10:54,2016-07-11 01:26:58
C04637,2016-07-11 01:11:51,2016-11-27 23:28:46
C01066,2016-07-11 01:17:13,2016-12-29 17:36:46
C11185,2016-07-11 01:19:11,2016-12-22 22:56:08
C05039,2016-07-11 01:26:14,2016-12-22 19:44:35
C10805,2016-07-11 01:27:53,2016-07-11 01:27:53
C10706,2016-07-11 01:31:18,2016-11-30 02:34:21
C01118,2016-07-11 01:31:45,2016-12-30 18:42:54
C09554,2016-07-11 01:36:04,2016-12-20 00:43:12
C05936,2016-07-11 01:37:22,2016-09-03 00:15:43
C12125,2016-07-11 01:39:00,2016-12-20 23:23:26
C11984,2016-07-11 01:44:40,2016-07-29 16:52:43
C10703,2016-07-11 01:46:23,2016-07-11 01:46:23
C08753,2016-07-11 01:48:11,2016-12-06 01:28:55
C01517,2016-07-11 01:48:50,2016-12-24 00:31:23
C07584,2016-07-11 01:58:04,2016-07-11 02:55:28
C01534,2016-07-11 01:58:41,2016-12-28 01:12:15
C11409,2016-07-11 01:59:08,2016-11-15 22:22:47
C12240,2016-07-11 02:03:40,2016-09-24 19:14:56
C07886,2016-07-11 02:03:46,2016-12-17 17:57:51
C08080,2016-07-11 02:04:17,2016-12-13 02:35:39
C05723,2016-07-11 02:05:14,2016-12-16 03:47:27
C01711,2016-07-11 02:12:25,2016-12-08 13:49:57
C13428,2016-07-11 02:19:41,2016-11-10 16:22:56
C03247,2016-07-11 02:20:00,2016-12-04 01:37:40
C06073,2016-07-11 02:25:15,2016-07-11 02:25:15
C08099,2016-07-11 02:29:18,2016-10-27 04:42:50
C05342,2016-07-11 02:36:21,2016-12-03 14:28:59
C12280,2016-07-11 02:43:48,2016-07-11 02:43:48
C09057,2016-07-11 02:44:21,2016-09-11 23:34:55
C12247,2016-07-11 03:08:22,2016-11-01 19:25:46
C03557,2016-07-11 03:12:26,2016-07-24 16:34:34
C04669,2016-07-11 03:17:24,2016-07-11 03:17:24
C00663,2016-07-11 03:19:24,2016-12-05 18:55:09
C02747,2016-07-11 03:30:38,2016-07-11 03:30:38
C03254,2016-07-11 03:34:10,2016-07-11 03:34:10
C05812,2016-07-11 03:35:08,2016-12-25 02:52:12
C07637,2016-07-11 03:48:59,2016-07-21 19:40:09
C00974,2016-07-11 03:50:57,2016-07-31 23:31:26
C09088,2016-07-11 03:58:04,2016-07-11 03:58:04
C12532,2016-07-11 04:05:40,2016-12-15 22:26:32
C08751,2016-07-11 04:09:43,2016-09-17 19:29:49
C00804,2016-07-11 04:10:50,2016-12-28 11:55:09
C12824,2016-07-11 04:19:49,2016-12-19 23:42:53
C02864,2016-07-11 04:21:46,2016-07-11 04:21:46
C11256,2016-07-11 04:38:34,2016-11-09 18:14:01
C03803,2016-07-11 05:35:26,2016-12-26 22:12:48
C07974,2016-07-11 05:53:03,2016-08-22 05:28:33
C06820,2016-07-11 06:35:53,2016-07-11 06:35:53
C00901,2016-07-11 07:56:50,2016-12-13 16:52:28
C08726,2016-07-11 09:04:33,2016-09-13 02:44:47
C06122,2016-07-11 09:09:05,2016-12-23 21:39:25
C04650,2016-07-11 10:50:06,2016-10-12 20:56:35
C07615,2016-07-11 10:52:36,2016-07-29 00:30:24
C13246,2016-07-11 12:05:05,2016-12-15 19:56:36
C09804,2016-07-11 12:35:24,2016-12-31 22:11:44
C01538,2016-07-11 12:57:58,2016-11-09 16:56:44
C03638,2016-07-11 12:59:48,2016-07-18 22:23:54
C02597,2016-07-11 13:02:27,2016-12-31 14:56:36
C04258,2016-07-11 13:05:00,2016-12-21 19:44:48
C05975,2016-07-11 13:23:50,2016-07-16 20:25:32
C13526,2016-07-11 13:45:47,2016-07-11 13:45:47
C02547,2016-07-11 13:46:48,2016-12-27 18:14:55
C04234,2016-07-11 13:46:50,2016-09-18 16:58:36
C00149,2016-07-11 13:48:09,2016-09-01 00:12:07
C06935,2016-07-11 13:56:54,2016-12-26 20:47:27
C12581,2016-07-11 13:57:40,2016-11-19 23:33:56
C04359,2016-07-11 13:58:31,2016-12-29 01:42:07
C08687,2016-07-11 14:01:37,2016-08-15 22:30:44
C10009,2016-07-11 14:05:12,2016-12-25 14:45:57
C04980,2016-07-11 14:09:23,2016-07-11 14:09:23
C06266,2016-07-11 14:09:37,2016-10-04 20:10:48
C07009,2016-07-11 14:16:27,2016-11-27 18:38:37
C08268,2016-07-11 14:20:46,2016-12-23 22:06:43
C08795,2016-07-11 14:35:39,2016-09-27 03:02:51
C13273,2016-07-11 14:37:50,2016-10-12 20:41:48
C02148,2016-07-11 14:45:03,2016-12-08 00:29:29
C11361,2016-07-11 14:51:21,2016-10-11 00:56:24
C01924,2016-07-11 14:51:23,2016-12-08 03:40:48
C10870,2016-07-11 14:57:08,2016-12-09 11:28:24
C03698,2016-07-11 14:59:30,2016-12-23 02:48:01
C09252,2016-07-11 15:00:42,2016-11-21 10:45:27
C09918,2016-07-11 15:02:56,2016-12-26 12:41:53
C06300,2016-07-11 15:21:25,2016-12-25 02:49:01
C07895,2016-07-11 15:25:36,2016-12-10 23:54:35
C08786,2016-07-11 15:26:22,2016-12-27 21:39:47
C11201,2016-07-11 15:28:19,2016-12-22 19:53:55
C00417,2016-07-11 15:39:02,2016-07-11 15:39:02
C02339,2016-07-11 15:57:22,2016-12-18 21:13:42
C00025,2016-07-11 16:03:55,2016-12-22 23:14:54
C11529,2016-07-11 16:04:44,2016-12-23 21:58:56
C11585,2016-07-11 16:06:44,2016-10-05 17:29:25
C05825,2016-07-11 16:08:48,2016-12-25 21:32:08
C02613,2016-07-11 16:10:05,2016-12-16 21:12:41
C12272,2016-07-11 16:10:45,2016-12-21 18:00:12
C06092,2016-07-11 16:10:49,2016-12-20 16:38:13
C06235,2016-07-11 16:11:34,2016-09-13 01:59:44
C05125,2016-07-11 16:13:25,2016-12-27 23:16:04
C10590,2016-07-11 16:14:24,2016-11-27 14:33:03
C10642,2016-07-11 16:15:44,2016-09-01 18:38:09
C09550,2016-07-11 16:16:09,2016-12-14 19:42:10
C09395,2016-07-11 16:19:48,2016-11-03 01:14:29
C07247,2016-07-11 16:20:41,2016-10-30 16:23:02
C08342,2016-07-11 16:21:07,2016-07-11 16:21:07
C11224,2016-07-11 16:24:57,2016-12-06 03:38:55
C06893,2016-07-11 16:25:48,2016-07-29 04:41:11
C02715,2016-07-11 16:27:47,2016-11-19 03:03:44
C03732,2016-07-11 16:34:21,2016-11-13 11:10:24
C11460,2016-07-11 16:36:44,2016-08-06 02:48:01
C09578,2016-07-11 16:37:46,2016-12-12 00:34:30
C07537,2016-07-11 16:39:31,2016-11-03 22:53:28
C10651,2016-07-11 16:40:14,2016-11-26 15:58:03
C09588,2016-07-11 16:43:18,2016-12-15 03:56:41
C00061,2016-07-11 16:44:15,2016-10-29 23:34:45
C00837,2016-07-11 16:44:37,2016-08-26 07:31:57
C11493,2016-07-11 16:44:57,2016-12-27 18:34:11
C02838,2016-07-11 16:54:31,2016-12-29 14:18:20
C11841,2016-07-11 17:00:21,2016-08-18 17:27:37
C07934,2016-07-11 17:04:17,2016-12-17 19:18:23
C03177,2016-07-11 17:06:58,2016-11-17 19:53:40
C13234,2016-07-11 17:07:49,2016-10-01 13:00:07
C02077,2016-07-11 17:09:45,2016-12-13 15:47:12
C07492,2016-07-11 17:11:44,2016-07-11 17:11:44
C08145,2016-07-11 17:14:52,2016-12-20 19:40:21
C07578,2016-07-11 17:18:15,2016-12-30 22:14:07
C12096,2016-07-11 17:18:51,2016-12-09 02:19:40
C07081,2016-07-11 17:19:31,2016-07-11 17:19:31
C12665,2016-07-11 17:21:42,2016-09-13 20:14:54
C04502,2016-07-11 17:23:08,2016-07-11 17:23:08
C06390,2016-07-11 17:27:13,2016-07-11 17:27:13
C02423,2016-07-11 17:31:58,2016-10-13 17:24:03
C08177,2016-07-11 17:34:14,2016-12-30 17:10:44
C06257,2016-07-11 17:36:48,2016-12-31 11:29:46
C00150,2016-07-11 17:36:53,2016-10-10 15:11:25
C10123,2016-07-11 17:39:05,2016-12-23 20:19:15
C05360,2016-07-11 17:41:06,2016-11-22 13:31:05
C03360,2016-07-11 17:44:42,2016-10-21 22:49:34
C12692,2016-07-11 17:45:29,2016-07-11 17:45:29
C10179,2016-07-11 17:47:04,2016-07-11 17:47:04
C01578,2016-07-11 17:48:12,2016-08-20 12:21:15
C01999,2016-07-11 17:52:49,2016-12-30 21:29:47
C11821,2016-07-11 17:53:45,2016-07-11 17:56:09
C12488,2016-07-11 17:55:01,2016-09-30 17:41:43
C06731,2016-07-11 17:56:38,2016-12-12 04:17:18
C00692,2016-07-11 17:56:41,2016-09-14 18:00:33
C02510,2016-07-11 17:58:04,2016-09-07 07:13:01
C09188,2016-07-11 17:59:07,2016-09-10 23:51:09
C13298,2016-07-11 17:59:19,2016-12-04 22:31:40
C02454,2016-07-11 18:04:16,2016-12-26 03:16:37
C11270,2016-07-11 18:05:49,2016-12-31 19:48:13
C09647,2016-07-11 18:06:39,2016-08-26 19:51:51
C04999,2016-07-11 18:09:41,2016-11-10 16:24:05
C02681,2016-07-11 18:17:13,2016-12-28 19:19:40
C02434,2016-07-11 18:20:06,2016-07-11 18:20:06
C11830,2016-07-11 18:24:03,2016-07-11 18:24:03
C10245,2016-07-11 18:26:21,2016-12-29 20:03:21
C09785,2016-07-11 18:27:36,2016-11-01 17:21:53
C10777,2016-07-11 18:31:15,2016-12-24 13:10:57
C03668,2016-07-11 18:31:36,2016-12-26 16:26:00
C05514,2016-07-11 18:31:44,2016-12-20 17:21:50
C01791,2016-07-11 18:35:10,2016-07-11 18:35:10
C08368,2016-07-11 18:40:41,2016-08-11 01:56:16
C11698,2016-07-11 18:41:02,2016-11-14 12:35:50
C08086,2016-07-11 18:41:48,2016-07-11 18:41:48
C01161,2016-07-11 18:55:13,2016-12-14 12:32:14
C11683,2016-07-11 18:57:15,2016-07-11 18:57:15
C00304,2016-07-11 18:59:32,2016-07-11 18:59:32
C09767,2016-07-11 19:06:35,2016-07-11 19:25:10
C11482,2016-07-11 19:08:45,2016-12-26 15:54:22
C00805,2016-07-11 19:09:13,2016-12-30 20:37:08
C00212,2016-07-11 19:11:09,2016-11-03 21:25:48
C10550,2016-07-11 19:12:20,2016-07-11 19:12:20
C05942,2016-07-11 19:14:57,2016-12-16 04:21:41
C06471,2016-07-11 19:18:09,2016-07-11 19:18:09
C12510,2016-07-11 19:23:48,2016-12-28 13:40:45
C02725,2016-07-11 19:26:06,2016-11-28 17:19:21
C05676,2016-07-11 19:28:10,2016-09-04 18:44:14
C00587,2016-07-11 19:28:15,2016-11-18 19:00:31
C01072,2016-07-11 19:30:56,2016-11-23 23:31:13
C03169,2016-07-11 19:33:01,2016-12-22 14:48:01
C07829,2016-07-11 19:37:07,2016-12-30 00:30:55
C13056,2016-07-11 19:42:13,2016-12-27 18:33:42
C12853,2016-07-11 19:42:58,2016-10-15 20:05:42
C09222,2016-07-11 19:43:53,2016-12-03 14:36:08
C03356,2016-07-11 19:52:18,2016-09-29 01:12:15
C06597,2016-07-11 19:52:30,2016-12-23 11:14:33
C09059,2016-07-11 19:56:37,2016-12-26 21:44:15
C00785,2016-07-11 19:58:20,2016-12-22 13:27:29
C09295,2016-07-11 19:58:30,2016-07-15 00:17:29
C01780,2016-07-11 20:00:54,2016-12-28 16:38:12
C11385,2016-07-11 20:06:22,2016-12-24 20:50:49
C06928,2016-07-11 20:07:23,2016-12-26 21:50:30
C09862,2016-07-11 20:10:37,2016-10-17 18:31:51
C00048,2016-07-11 20:12:47,2016-07-11 20:12:47
C02639,2016-07-11 20:14:08,2016-12-29 14:12:02
C09112,2016-07-11 20:14:09,2016-12-12 23:36:31
C04224,2016-07-11 20:15:31,2016-12-20 00:49:36
C08452,2016-07-11 20:16:18,2016-12-24 00:17:30
C01077,2016-07-11 20:16:45,2016-11-19 02:26:42
C00161,2016-07-11 20:17:57,2016-08-01 14:44:46
C08980,2016-07-11 20:18:04,2016-12-07 14:48:35
C13109,2016-07-11 20:24:57,2016-12-28 00:47:32
C10152,2016-07-11 20:26:17,2016-10-12 18:18:02
C09941,2016-07-11 20:27:15,2016-11-25 22:37:31
C08203,2016-07-11 20:27:32,2016-11-12 15:14:23
C03319,2016-07-11 20:30:09,2016-07-11 20:30:09
C11567,2016-07-11 20:30:44,2016-07-11 20:30:44
C06460,2016-07-11 20:32:21,2016-12-25 04:03:49
C06453,2016-07-11 20:32:46,2016-12-21 13:12:19
C03366,2016-07-11 20:38:40,2016-12-29 20:31:36
C10788,2016-07-11 20:40:24,2016-07-14 02:58:23
C07874,2016-07-11 20:48:20,2016-08-24 16:55:29
C02334,2016-07-11 20:52:10,2016-12-02 22:12:34
C01515,2016-07-11 20:54:00,2016-10-31 22:40:09
C08315,2016-07-11 20:54:40,2016-11-15 18:16:39
C06349,2016-07-11 20:54:42,2016-11-14 18:12:46
C08766,2016-07-11 20:55:18,2016-11-03 11:56:12
C05647,2016-07-11 21:03:18,2016-12-20 12:38:07
C13416,2016-07-11 21:03:22,2016-12-28 01:08:15
C01335,2016-07-11 21:03:58,2016-12-24 21:23:58
C01375,2016-07-11 21:06:10,2016-12-19 20:21:42
C11920,2016-07-11 21:06:31,2016-12-14 22:56:11
C00264,2016-07-11 21:08:33,2016-12-19 20:37:02
C01582,2016-07-11 21:10:00,2016-12-22 02:09:28
C00932,2016-07-11 21:15:13,2016-10-27 19:50:15
C09359,2016-07-11 21:18:58,2016-12-21 16:01:19
C01712,2016-07-11 21:25:25,2016-12-18 20:51:24
C00266,2016-07-11 21:25:32,2016-12-31 17:44:14
C13094,2016-07-11 21:26:46,2016-08-19 00:25:01
C12723,2016-07-11 21:29:26,2016-11-28 05:42:29
C10779,2016-07-11 21:33:54,2016-12-03 23:30:27
C11458,2016-07-11 21:35:07,2016-12-27 14:58:00
C03374,2016-07-11 21:35:34,2016-12-28 20:46:23
C06042,2016-07-11 21:36:35,2016-12-03 05:04:12
C06361,2016-07-11 21:39:31,2016-08-08 23:44:41
C03877,2016-07-11 21:40:38,2016-08-29 01:18:23
C09002,2016-07-11 21:42:06,2016-07-26 05:03:53
C03460,2016-07-11 21:42:33,2016-12-24 13:47:09
C09513,2016-07-11 21:43:38,2016-12-20 17:28:13
C12958,2016-07-11 21:45:12,2016-10-17 01:13:16
C02032,2016-07-11 21:45:23,2016-10-06 22:42:03
C03210,2016-07-11 21:45:41,2016-12-30 15:03:24
C07859,2016-07-11 21:58:42,2016-09-17 02:24:50
C03864,2016-07-11 21:59:44,2016-12-19 02:03:32
C06824,2016-07-11 22:02:06,2016-12-14 22:05:49
C04967,2016-07-11 22:04:25,2016-12-28 01:40:31
C12317,2016-07-11 22:07:35,2016-12-13 17:19:56
C10242,2016-07-11 22:09:30,2016-10-17 18:23:09
C08674,2016-07-11 22:17:44,2016-12-30 02:45:11
C06174,2016-07-11 22:24:15,2016-07-11 22:24:15
C06524,2016-07-11 22:27:31,2016-07-11 22:27:31
C07842,2016-07-11 22:30:38,2016-10-20 13:54:01
C10660,2016-07-11 22:43:30,2016-12-30 16:07:12
C08837,2016-07-11 22:43:32,2016-12-20 19:43:11
C12605,2016-07-11 22:43:46,2016-12-29 19:57:53
C08125,2016-07-11 22:47:58,2016-07-11 22:47:58
C12846,2016-07-11 22:48:29,2016-11-15 16:55:03
C12780,2016-07-11 22:48:39,2016-12-20 02:37:31
C13098,2016-07-11 22:50:49,2016-07-27 05:30:03
C01176,2016-07-11 22:53:59,2016-12-26 13:10:07
C03156,2016-07-11 23:03:15,2016-12-01 23:13:32
C08680,2016-07-11 23:06:39,2016-09-30 00:23:36
C02523,2016-07-11 23:06:41,2016-08-16 17:14:33
C02164,2016-07-11 23:08:46,2016-11-19 02:02:36
C00765,2016-07-11 23:14:57,2016-08-22 20:47:48
C11121,2016-07-11 23:17:26,2016-09-26 22:27:39
C04747,2016-07-11 23:31:14,2016-12-31 20:31:36
C11912,2016-07-11 23:34:14,2016-12-04 23:44:00
C05460,2016-07-11 23:35:39,2016-12-31 17:03:04
C10705,2016-07-11 23:37:26,2016-12-31 14:49:32
C00654,2016-07-11 23:46:04,2016-07-11 23:46:04
C00633,2016-07-11 23:53:21,2016-07-25 22:40:13
C07104,2016-07-12 00:00:03,2016-12-29 20:58:10
C10572,2016-07-12 00:03:10,2016-11-27 21:56:00
C03012,2016-07-12 00:04:36,2016-10-13 05:53:38
C06319,2016-07-12 00:17:54,2016-07-12 00:17:54
C00350,2016-07-12 00:18:42,2016-12-05 14:28:30
C05267,2016-07-12 00:23:05,2016-12-14 14:16:30
C13251,2016-07-12 00:25:14,2016-12-13 18:47:23
C06932,2016-07-12 00:33:46,2016-12-13 18:59:01
C08430,2016-07-12 00:33:51,2016-10-22 12:32:01
C06696,2016-07-12 00:42:12,2016-07-12 00:42:12
C13514,2016-07-12 00:47:31,2016-12-28 20:06:31
C03465,2016-07-12 00:47:48,2016-08-27 10:32:42
C12903,2016-07-12 00:51:42,2016-07-18 17:02:29
C13228,2016-07-12 00:52:09,2016-07-12 00:52:09
C08055,2016-07-12 00:54:59,2016-12-17 22:19:42
C06363,2016-07-12 00:57:02,2016-07-12 01:12:51
C07696,2016-07-12 00:57:07,2016-12-08 01:25:43
C12562,2016-07-12 01:01:31,2016-12-31 16:39:23
C05645,2016-07-12 01:02:51,2016-12-31 22:05:36
C08811,2016-07-12 01:11:35,2016-07-25 19:00:52
C08832,2016-07-12 01:12:12,2016-12-07 05:06:31
C06568,2016-07-12 01:18:15,2016-10-29 23:50:26
C04758,2016-07-12 01:21:27,2016-12-28 19:54:48
C01674,2016-07-12 01:32:02,2016-07-12 02:09:29
C12170,2016-07-12 01:32:03,2016-12-26 13:32:36
C01411,2016-07-12 01:33:36,2016-11-25 13:58:59
C01266,2016-07-12 01:48:14,2016-12-08 13:39:05
C06724,2016-07-12 01:57:15,2016-07-23 18:02:32
C01210,2016-07-12 01:59:39,2016-11-19 15:19:34
C02970,2016-07-12 02:03:41,2016-12-24 15:55:40
C07411,2016-07-12 02:04:52,2016-12-14 18:24:08
C11733,2016-07-12 02:17:06,2016-12-01 20:32:26
C08473,2016-07-12 02:24:26,2016-07-12 02:36:26
C05678,2016-07-12 02:26:18,2016-12-31 03:31:41
C13134,2016-07-12 02:30:21,2016-12-22 21:20:52
C11816,2016-07-12 02:34:14,2016-07-12 02:34:14
C01065,2016-07-12 02:35:38,2016-12-22 23:02:19
C02632,2016-07-12 02:37:48,2016-12-13 18:23:33
C03898,2016-07-12 02:57:18,2016-12-02 21:29:10
C04673,2016-07-12 02:57:26,2016-12-05 13:47:25
C03808,2016-07-12 03:01:21,2016-08-21 19:37:00
C12123,2016-07-12 03:01:42,2016-12-15 03:40:59
C04818,2016-07-12 03:02:42,2016-12-27 10:57:06
C01000,2016-07-12 03:04:07,2016-07-23 02:07:45
C00252,2016-07-12 03:12:52,2016-07-12 03:12:52
C01465,2016-07-12 03:14:25,2016-12-24 15:27:08
C05028,2016-07-12 03:17:14,2016-12-10 18:06:20
C08110,2016-07-12 03:33:51,2016-12-23 20:03:19
C03826,2016-07-12 03:46:57,2016-07-14 19:55:57
C01208,2016-07-12 04:06:59,2016-12-24 12:06:04
C09709,2016-07-12 04:11:44,2016-10-24 18:50:44
C02618,2016-07-12 04:28:36,2016-12-25 02:29:49
C11980,2016-07-12 04:56:11,2016-12-26 17:40:55
C10842,2016-07-12 05:00:25,2016-12-31 05:54:04
C10097,2016-07-12 05:02:54,2016-10-20 01:00:07
C10938,2016-07-12 05:11:15,2016-12-30 13:50:24
C08104,2016-07-12 05:23:07,2016-12-14 14:57:28
C11344,2016-07-12 05:28:36,2016-08-19 00:05:11
C02108,2016-07-12 05:44:36,2016-07-12 05:44:36
C06439,2016-07-12 06:08:37,2016-07-12 06:21:02
C11472,2016-07-12 06:15:09,2016-10-30 15:03:00
C08146,2016-07-12 06:16:47,2016-07-12 06:16:47
C07524,2016-07-12 06:48:27,2016-12-18 23:00:06
C10829,2016-07-12 07:00:51,2016-12-26 19:26:30
C05168,2016-07-12 07:45:39,2016-07-12 07:45:39
C08031,2016-07-12 10:56:20,2016-12-15 20:28:15
C01428,2016-07-12 10:58:44,2016-11-20 20:31:54
C01568,2016-07-12 11:57:51,2016-07-12 11:57:51
C03063,2016-07-12 12:00:12,2016-12-02 02:00:56
C09095,2016-07-12 12:54:48,2016-11-22 16:08:46
C00286,2016-07-12 13:13:42,2016-12-23 11:14:58
C12658,2016-07-12 13:16:37,2016-12-01 00:14:00
C05485,2016-07-12 13:18:31,2016-12-14 16:00:52
C01624,2016-07-12 13:19:33,2016-11-16 16:46:22
C12830,2016-07-12 13:24:49,2016-12-30 00:39:12
C03015,2016-07-12 13:36:24,2016-12-31 02:37:31
C11870,2016-07-12 13:40:04,2016-12-30 14:46:38
C01857,2016-07-12 13:43:08,2016-12-13 13:34:16
C10948,2016-07-12 14:01:56,2016-11-22 20:33:54
C05384,2016-07-12 14:15:42,2016-07-12 14:15:42
C12350,2016-07-12 14:18:26,2016-07-16 19:11:14
C07564,2016-07-12 14:20:14,2016-12-19 19:24:02
C03974,2016-07-12 14:32:59,2016-12-10 13:59:50
C04599,2016-07-12 14:40:10,2016-07-12 15:34:53
C08341,2016-07-12 14:40:42,2016-12-31 16:05:52
C08402,2016-07-12 14:53:16,2016-12-23 14:47:42
C07169,2016-07-12 15:06:59,2016-10-17 20:54:03
C06545,2016-07-12 15:09:12,2016-12-25 12:32:11
C12809,2016-07-12 15:10:00,2016-12-09 16:31:41
C02468,2016-07-12 15:10:29,2016-07-12 15:10:29
C10798,2016-07-12 15:12:31,2016-11-01 22:44:47
C10834,2016-07-12 15:13:57,2016-08-26 23:55:14
C06741,2016-07-12 15:15:45,2016-08-26 14:09:15
C08851,2016-07-12 15:15:50,2016-11-27 08:34:08
C03398,2016-07-12 15:23:42,2016-11-06 16:35:38
C07604,2016-07-12 15:32:09,2016-12-28 20:47:21
C13105,2016-07-12 15:40:45,2016-12-31 15:26:43
C03878,2016-07-12 15:41:40,2016-08-26 18:19:49
C03413,2016-07-12 15:44:03,2016-10-29 23:14:12
C05051,2016-07-12 15:44:31,2016-07-12 15:44:31
C13550,2016-07-12 15:46:38,2016-12-30 21:49:33
C12334,2016-07-12 15:46:43,2016-07-12 15:46:43
C12787,2016-07-12 15:46:58,2016-11-12 13:03:44
C05681,2016-07-12 15:47:02,2016-07-12 15:47:02
C12784,2016-07-12 16:00:53,2016-07-21 22:01:07
C03176,2016-07-12 16:03:26,2016-12-06 04:33:54
C11262,2016-07-12 16:04:02,2016-07-13 17:56:33
C13425,2016-07-12 16:09:20,2016-10-16 18:34:32
C10155,2016-07-12 16:09:58,2016-12-09 19:28:23
C04401,2016-07-12 16:10:33,2016-12-04 12:26:10
C13423,2016-07-12 16:10:49,2016-12-16 19:26:47
C05377,2016-07-12 16:13:53,2016-07-27 00:23:27
C09817,2016-07-12 16:14:35,2016-12-29 16:53:41
C05585,2016-07-12 16:15:23,2016-12-04 17:44:43
C01756,2016-07-12 16:17:28,2016-08-12 22:33:12
C02395,2016-07-12 16:17:55,2016-12-29 00:06:48
C12288,2016-07-12 16:19:08,2016-07-12 16:19:08
C04537,2016-07-12 16:25:23,2016-12-30 22:59:22
C13146,2016-07-12 16:32:30,2016-07-13 01:17:32
C08122,2016-07-12 16:32:45,2016-12-12 23:10:01
C06706,2016-07-12 16:32:58,2016-12-25 18:36:46
C05505,2016-07-12 16:35:02,2016-10-15 23:36:15
C08232,2016-07-12 16:41:26,2016-12-10 22:45:16
C03911,2016-07-12 16:57:31,2016-07-31 16:23:24
C10337,2016-07-12 16:59:41,2016-12-21 00:24:13
C07555,2016-07-12 17:00:52,2016-12-30 16:00:11
C13209,2016-07-12 17:06:44,2016-12-16 04:52:34
C02804,2016-07-12 17:08:31,2016-12-27 14:02:23
C06005,2016-07-12 17:09:38,2016-12-20 18:40:24
C07265,2016-07-12 17:21:03,2016-11-20 23:04:47
C11013,2016-07-12 17:33:46,2016-12-31 17:03:16
C06998,2016-07-12 17:35:06,2016-12-03 20:02:47
C01895,2016-07-12 17:38:58,2016-12-30 16:04:00
C02922,2016-07-12 17:44:05,2016-12-23 16:12:56
C01998,2016-07-12 17:54:12,2016-12-21 01:19:54
C08723,2016-07-12 17:58:42,2016-12-31 17:29:41
C10513,2016-07-12 18:04:22,2016-12-29 20:22:05
C05131,2016-07-12 18:07:46,2016-07-26 17:55:39
C06640,2016-07-12 18:09:27,2016-12-18 16:46:47
C05064,2016-07-12 18:17:33,2016-12-21 22:32:09
C03099,2016-07-12 18:18:26,2016-10-14 17:37:28
C10258,2016-07-12 18:22:47,2016-12-22 00:11:11
C00359,2016-07-12 18:25:35,2016-07-12 18:25:35
C00847,2016-07-12 18:25:54,2016-08-03 20:36:26
C12825,2016-07-12 18:27:00,2016-12-11 16:56:43
C09841,2016-07-12 18:27:20,2016-12-19 12:03:11
C08611,2016-07-12 18:28:43,2016-12-15 14:36:50
C02279,2016-07-12 18:43:30,2016-11-27 18:20:20
C08135,2016-07-12 18:43:59,2016-12-06 03:26:31
C08499,2016-07-12 18:44:04,2016-11-08 01:42:01
C09090,2016-07-12 18:44:25,2016-12-17 22:30:19
C04876,2016-07-12 18:44:49,2016-12-12 12:31:53
C02929,2016-07-12 18:45:40,2016-12-26 22:43:49
C04307,2016-07-12 18:46:46,2016-11-27 22:31:55
C09548,2016-07-12 18:47:42,2016-11-27 19:46:04
C09415,2016-07-12 18:48:11,2016-07-12 18:48:11
C04667,2016-07-12 18:51:34,2016-08-20 16:31:15
C06978,2016-07-12 18:55:33,2016-07-12 18:55:33
C03093,2016-07-12 18:58:07,2016-12-16 12:26:22
C06391,2016-07-12 18:59:45,2016-10-16 01:37:15
C07947,2016-07-12 19:00:25,2016-09-03 20:19:31
C03096,2016-07-12 19:01:44,2016-11-26 02:56:14
C09610,2016-07-12 19:04:28,2016-12-29 22:09:02
C01344,2016-07-12 19:05:19,2016-12-31 15:57:45
C07167,2016-07-12 19:07:22,2016-10-30 17:01:00
C02692,2016-07-12 19:09:10,2016-12-22 21:43:02
C08225,2016-07-12 19:13:06,2016-07-12 19:13:06
C10571,2016-07-12 19:20:21,2016-07-12 19:20:21
C04181,2016-07-12 19:20:40,2016-10-19 19:36:01
C04190,2016-07-12 19:20:47,2016-12-31 22:38:51
C09212,2016-07-12 19:22:16,2016-12-22 18:07:23
C09825,2016-07-12 19:29:48,2016-07-12 19:29:48
C06127,2016-07-12 19:32:20,2016-11-11 16:09:29
C01452,2016-07-12 19:32:57,2016-07-12 19:32:57
C11629,2016-07-12 19:34:32,2016-10-31 19:04:41
C13355,2016-07-12 19:34:58,2016-12-10 22:09:52
C07678,2016-07-12 19:35:14,2016-09-30 23:12:48
C03438,2016-07-12 19:40:59,2016-07-12 19:40:59
C01288,2016-07-12 19:41:05,2016-08-09 20:48:07
C09291,2016-07-12 19:43:22,2016-11-21 18:39:58
C13267,2016-07-12 19:47:39,2016-10-26 18:30:44
C06682,2016-07-12 19:50:23,2016-12-26 17:23:35
C04563,2016-07-12 20:01:14,2016-12-29 16:11:12
C07572,2016-07-12 20:05:39,2016-11-24 17:13:30
C09598,2016-07-12 20:05:51,2016-12-01 00:01:19
C02140,2016-07-12 20:06:57,2016-09-11 16:28:21
C10250,2016-07-12 20:08:43,2016-10-14 19:53:33
C06535,2016-07-12 20:10:46,2016-08-12 20:33:43
C04572,2016-07-12 20:14:17,2016-12-10 21:40:54
C05136,2016-07-12 20:17:53,2016-08-22 20:40:51
C04455,2016-07-12 20:18:17,2016-07-15 18:04:12
C12660,2016-07-12 20:21:20,2016-12-21 00:28:25
C11190,2016-07-12 20:23:56,2016-10-26 17:27:59
C00742,2016-07-12 20:40:29,2016-07-12 20:40:29
C05867,2016-07-12 20:41:42,2016-11-06 07:12:57
C06955,2016-07-12 20:43:17,2016-12-30 19:54:25
C06969,2016-07-12 20:44:04,2016-10-31 04:49:35
C06853,2016-07-12 20:44:19,2016-07-12 20:44:19
C06392,2016-07-12 20:51:59,2016-10-15 22:42:08
C09262,2016-07-12 20:56:44,2016-12-10 21:25:18
C04679,2016-07-12 21:01:08,2016-11-20 18:23:48
C10338,2016-07-12 21:04:27,2016-12-30 14:15:41
C11001,2016-07-12 21:06:53,2016-12-07 17:14:11
C10210,2016-07-12 21:07:07,2016-12-26 13:53:35
C12760,2016-07-12 21:07:52,2016-10-15 06:55:57
C11540,2016-07-12 21:08:11,2016-12-26 15:10:14
C07443,2016-07-12 21:10:41,2016-10-11 20:44:45
C00626,2016-07-12 21:12:19,2016-12-22 19:28:40
C07166,2016-07-12 21:14:23,2016-09-24 17:22:31
C11754,2016-07-12 21:15:50,2016-12-31 14:28:43
C06324,2016-07-12 21:16:12,2016-07-26 21:09:57
C00088,2016-07-12 21:18:30,2016-08-31 23:14:09
C00310,2016-07-12 21:22:39,2016-11-10 01:56:41
C04754,2016-07-12 21:23:53,2016-12-30 20:16:00
C05383,2016-07-12 21:24:55,2016-12-31 20:57:14
C02424,2016-07-12 21:31:33,2016-12-17 16:12:32
C00474,2016-07-12 21:31:55,2016-12-28 22:42:14
C10163,2016-07-12 21:32:23,2016-12-29 00:48:55
C10576,2016-07-12 21:36:53,2016-11-27 10:30:00
C01336,2016-07-12 21:39:36,2016-07-12 21:39:36
C02789,2016-07-12 21:43:43,2016-12-08 16:02:38
C11637,2016-07-12 21:45:19,2016-12-26 17:39:58
C12354,2016-07-12 21:47:33,2016-12-05 11:35:48
C01705,2016-07-12 21:55:35,2016-08-11 05:03:16
C00168,2016-07-12 22:01:59,2016-12-31 21:23:56
C00629,2016-07-12 22:03:53,2016-12-11 23:49:08
C06038,2016-07-12 22:09:14,2016-11-04 12:07:48
C06974,2016-07-12 22:12:59,2016-12-31 22:03:12
C08905,2016-07-12 22:15:46,2016-12-31 18:36:43
C04827,2016-07-12 22:15:54,2016-11-24 14:20:31
C08093,2016-07-12 22:19:35,2016-12-12 13:41:58
C13426,2016-07-12 22:23:43,2016-11-22 15:02:43
C00672,2016-07-12 22:30:33,2016-12-27 11:55:44
C05639,2016-07-12 22:36:38,2016-07-12 22:36:38
C04276,2016-07-12 22:38:52,2016-12-08 13:36:45
C10641,2016-07-12 22:40:06,2016-09-17 02:32:01
C02089,2016-07-12 22:40:12,2016-12-27 17:03:15
C07041,2016-07-12 22:45:46,2016-12-29 15:41:15
C11229,2016-07-12 22:46:21,2016-12-30 01:53:04
C00761,2016-07-12 22:49:02,2016-07-20 01:41:52
C07759,2016-07-12 22:51:06,2016-07-12 22:51:06
C12574,2016-07-12 22:55:43,2016-12-12 16:05:33
C08800,2016-07-12 22:57:27,2016-12-18 17:55:27
C00886,2016-07-12 23:06:09,2016-12-28 13:30:04
C00514,2016-07-12 23:09:13,2016-10-06 13:10:55
C06415,2016-07-12 23:12:14,2016-12-27 22:10:48
C00595,2016-07-12 23:12:44,2016-12-18 18:59:33
C06852,2016-07-12 23:13:46,2016-12-04 16:18:00
C10994,2016-07-12 23:14:19,2016-12-19 01:27:26
C05597,2016-07-12 23:15:37,2016-10-31 17:27:20
C03008,2016-07-12 23:16:12,2016-12-22 22:12:21
C07273,2016-07-12 23:18:34,2016-07-12 23:18:34
C09294,2016-07-12 23:21:46,2016-10-31 19:56:53
C13118,2016-07-12 23:23:51,2016-12-10 15:57:16
C10347,2016-07-12 23:32:17,2016-10-10 01:27:31
C13527,2016-07-12 23:32:40,2016-11-01 15:47:03
C11245,2016-07-12 23:43:20,2016-11-30 14:37:25
C04877,2016-07-12 23:43:39,2016-07-12 23:43:39
C10934,2016-07-12 23:44:16,2016-12-21 14:36:39
C03569,2016-07-12 23:46:38,2016-07-12 23:46:38
C05522,2016-07-12 23:47:01,2016-12-26 20:58:00
C11399,2016-07-12 23:47:36,2016-07-22 15:02:26
C08685,2016-07-12 23:49:20,2016-07-12 23:49:20
C08408,2016-07-12 23:54:07,2016-12-23 21:05:10
C09991,2016-07-12 23:56:02,2016-12-10 16:39:08
C06762,2016-07-12 23:58:22,2016-11-29 23:42:10
C07056,2016-07-13 00:10:24,2016-08-11 20:52:10
C13466,2016-07-13 00:12:19,2016-12-22 22:25:28
C02882,2016-07-13 00:17:37,2016-12-21 18:37:44
C04107,2016-07-13 00:19:11,2016-12-06 21:25:32
C05852,2016-07-13 00:23:48,2016-12-22 19:52:34
C10296,2016-07-13 00:27:30,2016-11-25 23:47:34
C05044,2016-07-13 00:30:54,2016-07-13 00:30:54
C06897,2016-07-13 00:32:07,2016-09-18 22:55:17
C12194,2016-07-13 00:38:12,2016-10-19 15:51:57
C05741,2016-07-13 00:40:46,2016-12-18 18:07:33
C00713,2016-07-13 00:45:57,2016-12-20 13:37:09
C02092,2016-07-13 00:48:08,2016-08-22 21:09:07
C06025,2016-07-13 00:56:05,2016-12-30 03:05:19
C00578,2016-07-13 01:01:13,2016-12-27 00:22:05
C08475,2016-07-13 01:02:38,2016-11-19 00:07:43
C02734,2016-07-13 01:03:46,2016-11-07 09:08:00
C13362,2016-07-13 01:05:24,2016-12-22 21:38:42
C09824,2016-07-13 01:10:01,2016-12-31 15:42:15
C09155,2016-07-13 01:12:30,2016-11-12 15:41:45
C02399,2016-07-13 01:24:26,2016-09-03 02:53:11
C01342,2016-07-13 01:43:28,2016-12-27 20:33:48
C11477,2016-07-13 01:46:38,2016-12-04 15:24:15
C03912,2016-07-13 01:50:39,2016-12-21 03:15:24
C11643,2016-07-13 01:52:46,2016-12-21 21:25:20
C03493,2016-07-13 01:52:54,2016-12-24 20:50:43
C00498,2016-07-13 01:56:26,2016-12-22 05:27:57
C09045,2016-07-13 02:00:11,2016-11-30 17:47:32
C04161,2016-07-13 02:00:47,2016-12-27 18:20:21
C01148,2016-07-13 02:04:33,2016-12-13 16:33:16
C02767,2016-07-13 02:04:52,2016-08-09 15:13:23
C13502,2016-07-13 02:05:25,2016-07-13 02:05:25
C10695,2016-07-13 02:11:23,2016-12-25 22:17:06
C05918,2016-07-13 02:11:59,2016-10-23 00:26:11
C11024,2016-07-13 02:17:51,2016-11-20 19:31:55
C00049,2016-07-13 02:19:57,2016-07-13 02:19:57
C03570,2016-07-13 02:23:49,2016-07-13 02:23:49
C02750,2016-07-13 02:28:11,2016-12-30 11:40:35
C06608,2016-07-13 02:30:17,2016-12-05 12:38:59
C05911,2016-07-13 02:30:20,2016-12-21 01:17:06
C00199,2016-07-13 02:33:25,2016-11-22 09:52:37
C05731,2016-07-13 02:34:29,2016-12-27 02:24:34
C00992,2016-07-13 02:37:19,2016-11-05 18:18:47
C12531,2016-07-13 02:45:32,2016-11-24 00:54:29
C04367,2016-07-13 02:48:04,2016-12-28 19:56:43
C04173,2016-07-13 03:00:18,2016-12-09 21:35:37
C10824,2016-07-13 03:04:15,2016-07-29 05:07:52
C11845,2016-07-13 03:08:20,2016-12-23 10:36:39
C13119,2016-07-13 03:22:38,2016-12-24 19:42:12
C10883,2016-07-13 03:25:11,2016-12-23 01:29:11
C12711,2016-07-13 03:28:56,2016-07-26 13:39:55
C02431,2016-07-13 03:39:35,2016-08-23 03:18:58
C12594,2016-07-13 03:45:02,2016-07-24 15:25:29
C06053,2016-07-13 03:50:01,2016-07-15 14:14:12
C05495,2016-07-13 03:55:20,2016-11-07 04:59:41
C05075,2016-07-13 04:03:36,2016-07-13 04:18:02
C12285,2016-07-13 04:03:53,2016-08-18 00:14:09
C04497,2016-07-13 04:09:28,2016-12-14 01:08:41
C12357,2016-07-13 04:11:30,2016-07-13 04:11:30
C10393,2016-07-13 04:46:55,2016-12-10 04:42:54
C05604,2016-07-13 05:13:33,2016-12-29 23:46:01
C11071,2016-07-13 05:17:30,2016-12-23 14:03:53
C06486,2016-07-13 05:19:23,2016-12-22 03:03:55
C06000,2016-07-13 05:26:05,2016-12-24 20:42:56
C11636,2016-07-13 05:28:13,2016-12-26 23:15:05
C04938,2016-07-13 05:29:19,2016-09-19 17:41:22
C12645,2016-07-13 05:37:44,2016-12-21 17:49:17
C02333,2016-07-13 05:56:32,2016-12-31 17:21:52
C12920,2016-07-13 06:09:07,2016-12-30 15:00:45
C02180,2016-07-13 06:28:07,2016-12-29 18:10:42
C11312,2016-07-13 06:33:05,2016-12-31 22:47:32
C02090,2016-07-13 06:47:54,2016-12-01 09:02:47
C06107,2016-07-13 07:18:46,2016-10-14 13:28:58
C02277,2016-07-13 08:12:30,2016-12-27 04:26:48
C09627,2016-07-13 10:39:12,2016-11-09 23:04:02
C00446,2016-07-13 10:46:09,2016-12-10 00:16:40
C03560,2016-07-13 11:34:54,2016-12-30 16:41:25
C10506,2016-07-13 12:35:41,2016-12-29 17:47:17
C02933,2016-07-13 12:40:37,2016-08-04 15:11:01
C07406,2016-07-13 12:51:14,2016-07-13 12:51:14
C10921,2016-07-13 12:55:48,2016-09-12 04:48:43
C13309,2016-07-13 12:56:55,2016-12-31 15:47:47
C04780,2016-07-13 12:58:11,2016-07-13 12:58:11
C08660,2016-07-13 13:14:43,2016-12-30 22:51:18
C03906,2016-07-13 13:14:57,2016-12-24 03:55:07
C03518,2016-07-13 13:19:42,2016-10-07 21:31:43
C02521,2016-07-13 13:23:07,2016-07-13 13:23:07
C04403,2016-07-13 13:34:40,2016-12-09 19:33:48
C09443,2016-07-13 13:43:36,2016-12-16 18:23:12
C02981,2016-07-13 13:49:14,2016-10-01 23:55:31
C03576,2016-07-13 13:55:16,2016-12-24 03:44:28
C07763,2016-07-13 14:10:39,2016-08-12 21:48:25
C11188,2016-07-13 14:15:23,2016-12-30 14:03:30
C08206,2016-07-13 14:17:29,2016-12-23 01:01:13
C06150,2016-07-13 14:18:45,2016-08-06 04:53:43
C13064,2016-07-13 14:22:11,2016-12-29 17:58:42
C07927,2016-07-13 14:25:07,2016-12-22 00:27:01
C05379,2016-07-13 14:27:15,2016-12-17 19:52:04
C01787,2016-07-13 14:43:02,2016-07-13 14:43:02
C13329,2016-07-13 14:55:38,2016-07-14 00:22:32
C08020,2016-07-13 14:56:29,2016-12-23 21:50:34
C03542,2016-07-13 14:58:33,2016-10-27 04:10:04
C01406,2016-07-13 15:02:51,2016-12-19 00:55:06
C04228,2016-07-13 15:06:16,2016-09-09 15:05:58
C09570,2016-07-13 15:08:16,2016-07-13 15:08:16
C04624,2016-07-13 15:13:57,2016-09-01 00:45:44
C09039,2016-07-13 15:14:37,2016-12-25 13:09:24
C03996,2016-07-13 15:15:32,2016-07-13 15:15:32
C08954,2016-07-13 15:16:28,2016-12-25 15:29:57
C01809,2016-07-13 15:22:22,2016-12-27 14:16:57
C02288,2016-07-13 15:24:26,2016-12-22 18:06:23
C07052,2016-07-13 15:25:41,2016-07-13 15:25:41
C03429,2016-07-13 15:26:45,2016-07-13 15:26:45
C03807,2016-07-13 15:29:07,2016-07-13 15:29:07
C12324,2016-07-13 15:43:38,2016-10-16 22:04:27
C12131,2016-07-13 15:47:05,2016-12-08 18:22:00
C11591,2016-07-13 15:47:16,2016-08-14 18:39:26
C11237,2016-07-13 15:50:47,2016-10-29 21:56:21
C01908,2016-07-13 15:58:24,2016-11-17 18:06:57
C01747,2016-07-13 15:59:32,2016-12-10 15:14:06
C07964,2016-07-13 16:00:15,2016-07-15 21:57:46
C12415,2016-07-13 16:00:31,2016-11-19 13:17:26
C10712,2016-07-13 16:08:16,2016-12-15 14:20:10
C07050,2016-07-13 16:11:20,2016-10-17 17:57:13
C10749,2016-07-13 16:15:27,2016-07-28 21:43:24
C11881,2016-07-13 16:27:30,2016-12-26 21:02:49
C02741,2016-07-13 16:28:32,2016-12-29 20:10:42
C04793,2016-07-13 16:31:41,2016-12-10 00:36:56
C04020,2016-07-13 16:40:46,2016-07-13 16:40:46
C05839,2016-07-13 16:42:27,2016-07-13 16:42:27
C11505,2016-07-13 16:43:01,2016-09-02 00:27:33
C11736,2016-07-13 16:46:09,2016-12-31 23:15:13
C10709,2016-07-13 16:47:38,2016-12-29 20:41:05
C07322,2016-07-13 16:49:45,2016-07-13 16:49:45
C10102,2016-07-13 16:56:11,2016-12-29 13:21:56
C03192,2016-07-13 16:57:40,2016-07-13 16:57:40
C06607,2016-07-13 17:01:42,2016-07-13 17:01:42
C09068,2016-07-13 17:08:35,2016-11-11 04:53:30
C00362,2016-07-13 17:12:04,2016-12-31 14:37:53
C01470,2016-07-13 17:15:25,2016-07-13 17:15:25
C08276,2016-07-13 17:19:03,2016-08-18 17:09:30
C13473,2016-07-13 17:19:06,2016-10-17 12:27:56
C11357,2016-07-13 17:25:23,2016-11-12 14:22:46
C00031,2016-07-13 17:26:25,2016-12-29 14:24:01
C04426,2016-07-13 17:26:49,2016-08-06 14:22:47
C08649,2016-07-13 17:41:44,2016-07-13 17:41:44
C01614,2016-07-13 17:43:46,2016-12-22 12:50:42
C05708,2016-07-13 17:45:00,2016-12-18 15:54:21
C13460,2016-07-13 17:45:52,2016-12-22 15:52:48
C06171,2016-07-13 17:50:35,2016-07-13 17:50:35
C10178,2016-07-13 17:55:04,2016-12-17 21:00:49
C07357,2016-07-13 17:55:05,2016-12-28 21:38:53
C12615,2016-07-13 17:57:29,2016-07-13 17:57:29
C12899,2016-07-13 17:58:29,2016-08-24 16:55:54
C10215,2016-07-13 17:58:58,2016-12-28 20:42:40
C01885,2016-07-13 17:59:46,2016-10-15 09:41:11
C03903,2016-07-13 18:06:31,2016-07-13 18:19:10
C03894,2016-07-13 18:12:20,2016-11-27 21:30:45
C06511,2016-07-13 18:15:07,2016-09-23 19:22:48
C08920,2016-07-13 18:20:02,2016-12-24 16:55:56
C03290,2016-07-13 18:20:09,2016-07-13 18:20:09
C02762,2016-07-13 18:22:08,2016-09-18 18:19:10
C02542,2016-07-13 18:23:30,2016-11-24 14:51:39
C02303,2016-07-13 18:25:56,2016-09-03 17:06:10
C08134,2016-07-13 18:26:36,2016-07-13 18:49:46
C01827,2016-07-13 18:27:26,2016-10-29 18:07:03
C04741,2016-07-13 18:34:45,2016-12-20 15:33:30
C03527,2016-07-13 18:34:50,2016-12-10 04:25:57
C04951,2016-07-13 18:44:07,2016-12-30 22:09:08
C08457,2016-07-13 18:45:50,2016-10-12 00:55:39
C09658,2016-07-13 18:47:25,2016-12-06 11:16:35
C10472,2016-07-13 18:49:40,2016-12-30 15:40:02
C12005,2016-07-13 18:49:57,2016-12-24 12:49:09
C01519,2016-07-13 18:54:18,2016-12-20 23:31:43
C02553,2016-07-13 19:04:27,2016-09-16 22:14:35
C12042,2016-07-13 19:04:43,2016-12-12 12:42:24
C06065,2016-07-13 19:07:44,2016-11-29 12:44:43
C01442,2016-07-13 19:11:55,2016-12-27 03:42:13
C12484,2016-07-13 19:12:45,2016-10-03 00:36:44
C12145,2016-07-13 19:12:45,2016-12-22 22:26:40
C07217,2016-07-13 19:23:52,2016-07-13 19:23:52
C10398,2016-07-13 19:23:58,2016-12-28 21:05:34
C03440,2016-07-13 19:26:32,2016-11-13 03:43:47
C06931,2016-07-13 19:28:02,2016-12-31 16:47:09
C06795,2016-07-13 19:30:47,2016-12-26 21:03:16
C02413,2016-07-13 19:33:21,2016-07-13 19:33:21
C07996,2016-07-13 19:42:07,2016-12-31 23:13:25
C10114,2016-07-13 19:52:04,2016-12-28 02:33:11
C02379,2016-07-13 19:54:40,2016-11-12 17:00:56
C08762,2016-07-13 19:55:46,2016-10-28 02:38:51
C00179,2016-07-13 19:55:58,2016-12-23 22:10:29
C07377,2016-07-13 20:01:41,2016-08-09 23:37:18
C07198,2016-07-13 20:03:41,2016-11-05 16:33:29
C03882,2016-07-13 20:07:02,2016-07-19 15:36:16
C01666,2016-07-13 20:08:29,2016-11-24 23:37:30
C05149,2016-07-13 20:09:50,2016-10-10 00:29:47
C06834,2016-07-13 20:10:26,2016-11-20 15:12:57
C02128,2016-07-13 20:10:59,2016-11-15 16:24:45
C04970,2016-07-13 20:12:00,2016-12-28 15:45:10
C11542,2016-07-13 20:22:39,2016-07-13 20:22:39
C12117,2016-07-13 20:24:17,2016-12-29 13:25:15
C10896,2016-07-13 20:26:21,2016-07-13 20:26:21
C09293,2016-07-13 20:35:09,2016-12-23 22:28:12
C12470,2016-07-13 20:35:35,2016-12-31 18:39:29
C10728,2016-07-13 20:36:04,2016-12-26 18:59:44
C05138,2016-07-13 20:37:24,2016-12-25 23:47:55
C04784,2016-07-13 20:37:35,2016-07-28 21:31:39
C02823,2016-07-13 20:39:41,2016-10-25 16:57:59
C02001,2016-07-13 20:47:08,2016-07-13 20:47:08
C05885,2016-07-13 20:49:40,2016-12-18 19:15:52
C02800,2016-07-13 20:54:18,2016-12-08 20:29:43
C13415,2016-07-13 20:54:37,2016-12-31 00:35:05
C05836,2016-07-13 20:56:12,2016-11-12 19:45:43
C13289,2016-07-13 20:57:07,2016-11-09 20:40:53
C07647,2016-07-13 20:57:57,2016-10-03 19:55:40
C03673,2016-07-13 21:00:10,2016-08-14 23:06:13
C10560,2016-07-13 21:02:26,2016-11-29 01:53:06
C07663,2016-07-13 21:09:55,2016-07-13 21:09:55
C02607,2016-07-13 21:10:49,2016-10-11 18:55:14
C13165,2016-07-13 21:14:09,2016-09-06 06:57:31
C00936,2016-07-13 21:15:12,2016-07-13 21:15:12
C01668,2016-07-13 21:17:09,2016-07-13 21:17:09
C10602,2016-07-13 21:19:28,2016-12-28 01:09:50
C08029,2016-07-13 21:22:50,2016-12-27 17:09:18
C00558,2016-07-13 21:24:09,2016-11-03 20:35:13
C07695,2016-07-13 21:31:11,2016-10-26 16:46:19
C01068,2016-07-13 21:40:08,2016-08-24 13:57:10
C06396,2016-07-13 21:42:59,2016-12-27 13:20:13
C08198,2016-07-13 21:43:21,2016-09-19 15:07:21
C01852,2016-07-13 21:45:30,2016-12-01 22:00:46
C06270,2016-07-13 21:49:33,2016-11-16 17:00:57
C07458,2016-07-13 21:51:07,2016-12-05 19:09:50
C03187,2016-07-13 21:53:14,2016-12-15 05:43:37
C06841,2016-07-13 22:05:13,2016-12-20 19:17:55
C06316,2016-07-13 22:05:33,2016-10-02 20:21:49
C03354,2016-07-13 22:10:52,2016-12-28 19:30:24
C04259,2016-07-13 22:12:42,2016-12-31 21:46:13
C06404,2016-07-13 22:13:13,2016-11-11 15:16:49
C01397,2016-07-13 22:13:23,2016-11-05 15:07:28
C00863,2016-07-13 22:14:18,2016-12-01 18:57:02
C05409,2016-07-13 22:17:10,2016-12-30 15:37:12
C10989,2016-07-13 22:17:37,2016-11-19 22:18:46
C03241,2016-07-13 22:19:10,2016-07-13 22:19:10
C07208,2016-07-13 22:23:25,2016-12-21 10:12:49
C06035,2016-07-13 22:24:16,2016-07-19 22:48:29
C09487,2016-07-13 22:25:39,2016-08-31 12:41:24
C11740,2016-07-13 22:26:26,2016-12-14 20:47:54
C02110,2016-07-13 22:27:09,2016-12-23 20:12:55
C13177,2016-07-13 22:30:15,2016-11-06 17:38:16
C07286,2016-07-13 22:35:36,2016-07-13 22:35:36
C05781,2016-07-13 22:36:52,2016-11-01 15:21:42
C04035,2016-07-13 22:42:00,2016-12-13 14:01:30
C04081,2016-07-13 22:43:30,2016-12-15 20:31:39
C02419,2016-07-13 22:55:02,2016-11-17 01:11:58
C10419,2016-07-13 23:04:59,2016-12-28 13:24:58
C03084,2016-07-13 23:05:53,2016-10-27 19:31:32
C11488,2016-07-13 23:16:51,2016-10-31 20:48:20
C04917,2016-07-13 23:17:52,2016-12-27 22:40:58
C01647,2016-07-13 23:22:23,2016-12-21 22:57:15
C01792,2016-07-13 23:24:16,2016-10-24 20:50:02
C08822,2016-07-13 23:30:23,2016-12-30 23:05:33
C08498,2016-07-13 23:34:43,2016-09-23 17:14:59
C04076,2016-07-13 23:36:41,2016-10-06 23:04:16
C10027,2016-07-13 23:43:10,2016-07-21 20:55:15
C10103,2016-07-13 23:45:13,2016-07-13 23:45:13
C02581,2016-07-13 23:46:33,2016-12-23 18:51:43
C10480,2016-07-13 23:51:52,2016-07-13 23:51:52
C10466,2016-07-13 23:53:28,2016-12-22 17:24:48
C09232,2016-07-13 23:57:18,2016-07-13 23:57:18
C02588,2016-07-14 00:04:03,2016-07-14 00:04:03
C05571,2016-07-14 00:04:50,2016-10-17 18:45:17
C03841,2016-07-14 00:05:50,2016-12-10 23:17:53
C04862,2016-07-14 00:12:45,2016-07-19 18:48:30
C11097,2016-07-14 00:13:07,2016-10-17 07:13:43
C07701,2016-07-14 00:13:44,2016-12-09 13:53:27
C01628,2016-07-14 00:17:25,2016-12-31 06:13:38
C02965,2016-07-14 00:22:37,2016-08-27 11:18:58
C01564,2016-07-14 00:24:04,2016-07-14 00:24:04
C12298,2016-07-14 00:30:52,2016-11-03 15:47:17
C09520,2016-07-14 00:38:00,2016-12-19 05:06:28
C01367,2016-07-14 00:48:41,2016-12-11 17:33:55
C12662,2016-07-14 00:59:51,2016-09-12 22:25:36
C00725,2016-07-14 01:00:10,2016-12-15 18:30:05
C10169,2016-07-14 01:02:30,2016-10-19 21:17:43
C05913,2016-07-14 01:15:15,2016-12-31 19:44:25
C08700,2016-07-14 01:18:39,2016-12-29 23:50:32
C13485,2016-07-14 01:32:30,2016-07-14 01:32:30
C08894,2016-07-14 01:37:58,2016-12-17 13:49:48
C11219,2016-07-14 01:38:11,2016-10-06 22:00:47
C07700,2016-07-14 01:45:52,2016-07-14 01:45:52
C09670,2016-07-14 01:47:07,2016-12-24 15:51:10
C06518,2016-07-14 01:47:29,2016-11-27 22:44:37
C12440,2016-07-14 01:52:24,2016-12-31 19:55:40
C03792,2016-07-14 01:52:24,2016-12-03 00:29:38
C01963,2016-07-14 02:01:49,2016-12-31 19:17:17
C04470,2016-07-14 02:03:07,2016-12-27 12:41:10
C12557,2016-07-14 02:13:41,2016-11-17 11:15:47
C09105,2016-07-14 02:25:33,2016-12-22 22:27:03
C06083,2016-07-14 02:25:35,2016-12-14 13:13:20
C07421,2016-07-14 02:30:23,2016-07-14 02:30:23
C09451,2016-07-14 02:30:50,2016-12-22 21:31:21
C01322,2016-07-14 02:37:14,2016-09-13 22:17:20
C06627,2016-07-14 02:41:33,2016-07-14 02:41:33
C10766,2016-07-14 02:42:31,2016-07-26 16:31:31
C01932,2016-07-14 02:53:28,2016-09-28 16:29:50
C02961,2016-07-14 02:56:00,2016-10-20 15:36:54
C11694,2016-07-14 03:01:33,2016-07-14 03:01:33
C04628,2016-07-14 03:01:48,2016-12-04 01:57:33
C02194,2016-07-14 03:07:12,2016-12-25 00:14:51
C07358,2016-07-14 03:08:30,2016-07-14 03:08:30
C06120,2016-07-14 03:09:10,2016-07-24 00:49:11
C07383,2016-07-14 03:09:36,2016-07-14 03:09:36
C05092,2016-07-14 03:22:54,2016-12-05 19:59:17
C04825,2016-07-14 03:42:39,2016-11-14 03:33:08
C12186,2016-07-14 03:49:46,2016-11-30 20:45:38
C12832,2016-07-14 04:49:17,2016-11-21 04:55:58
C08735,2016-07-14 05:04:03,2016-07-14 05:04:03
C07468,2016-07-14 05:23:20,2016-12-16 23:01:31
C09246,2016-07-14 05:26:29,2016-12-28 02:46:23
C08257,2016-07-14 06:04:09,2016-07-14 06:04:09
C05971,2016-07-14 07:17:24,2016-12-23 04:53:58
C10969,2016-07-14 07:18:04,2016-12-24 23:44:34
C13446,2016-07-14 07:29:44,2016-12-13 00:36:24
C01062,2016-07-14 08:01:19,2016-07-14 08:01:19
C11250,2016-07-14 08:49:41,2016-07-14 08:49:41
C05170,2016-07-14 09:06:07,2016-10-04 22:23:43
C12217,2016-07-14 09:08:14,2016-12-21 02:05:26
C07182,2016-07-14 10:03:05,2016-11-22 21:38:32
C13125,2016-07-14 10:36:35,2016-12-18 15:31:54
C03232,2016-07-14 10:48:42,2016-07-14 10:48:42
C08770,2016-07-14 10:50:59,2016-12-30 11:50:10
C05304,2016-07-14 11:31:39,2016-09-28 20:20:39
C04904,2016-07-14 11:51:25,2016-12-18 19:37:56
C10865,2016-07-14 12:10:16,2016-10-01 01:40:00
C08128,2016-07-14 12:12:40,2016-11-11 12:47:41
C08493,2016-07-14 12:39:07,2016-11-28 21:11:10
C12793,2016-07-14 12:41:16,2016-12-24 09:41:24
C07238,2016-07-14 12:52:11,2016-12-19 17:28:44
C00069,2016-07-14 12:54:39,2016-12-19 14:31:45
C08360,2016-07-14 13:00:28,2016-11-01 21:01:40
C07935,2016-07-14 13:03:58,2016-11-22 13:02:00
C00188,2016-07-14 13:19:15,2016-09-09 19:18:04
C01681,2016-07-14 13:30:10,2016-12-31 19:39:17
C11274,2016-07-14 13:31:54,2016-12-26 01:44:04
C13149,2016-07-14 13:45:34,2016-11-20 15:07:54
C04277,2016-07-14 13:52:20,2016-11-10 18:59:41
C03926,2016-07-14 14:03:52,2016-12-14 21:44:48
C10855,2016-07-14 14:13:21,2016-12-27 19:28:20
C10885,2016-07-14 14:20:40,2016-08-06 00:00:15
C09185,2016-07-14 14:20:47,2016-12-11 15:47:17
C06305,2016-07-14 14:22:35,2016-12-13 00:14:28
C10603,2016-07-14 14:25:00,2016-12-21 22:04:22
C12304,2016-07-14 14:28:15,2016-11-30 19:10:54
C08312,2016-07-14 14:29:33,2016-09-22 23:43:21
C00405,2016-07-14 14:30:00,2016-12-23 16:21:30
C10251,2016-07-14 14:33:12,2016-07-14 14:33:12
C05157,2016-07-14 14:35:02,2016-12-25 21:40:40
C09539,2016-07-14 14:40:46,2016-10-08 00:00:37
C09546,2016-07-14 14:44:21,2016-12-07 18:57:41
C02702,2016-07-14 14:45:03,2016-12-26 22:31:01
C11423,2016-07-14 14:50:04,2016-12-27 16:44:07
C04527,2016-07-14 14:54:07,2016-07-14 14:54:07
C10693,2016-07-14 14:55:30,2016-12-18 21:24:29
C07804,2016-07-14 14:59:26,2016-07-14 14:59:26
C02117,2016-07-14 15:08:50,2016-07-14 15:08:50
C00686,2016-07-14 15:11:54,2016-07-14 15:11:54
C04073,2016-07-14 15:18:49,2016-12-20 01:56:37
C07209,2016-07-14 15:21:39,2016-09-08 01:46:03
C10379,2016-07-14 15:24:04,2016-08-25 01:09:30
C09164,2016-07-14 15:24:13,2016-07-14 15:24:13
C00997,2016-07-14 15:30:34,2016-12-20 11:06:29
C03979,2016-07-14 15:32:04,2016-12-14 18:50:24
C00468,2016-07-14 15:37:20,2016-07-14 15:37:20
C11960,2016-07-14 15:38:02,2016-10-28 15:24:13
C08034,2016-07-14 15:45:27,2016-12-30 18:39:05
C09077,2016-07-14 15:48:38,2016-12-29 18:51:53
C00254,2016-07-14 15:56:57,2016-12-25 23:01:49
C03892,2016-07-14 15:57:06,2016-11-27 20:49:40
C02579,2016-07-14 16:00:57,2016-12-31 22:15:53
C05408,2016-07-14 16:03:09,2016-07-14 16:03:09
C00485,2016-07-14 16:04:38,2016-10-01 19:23:31
C10984,2016-07-14 16:09:08,2016-12-25 03:07:14
C01020,2016-07-14 16:11:07,2016-09-08 18:16:08
C05015,2016-07-14 16:14:25,2016-12-23 09:56:12
C13043,2016-07-14 16:15:22,2016-12-22 14:53:22
C08666,2016-07-14 16:17:34,2016-12-29 17:40:02
C06576,2016-07-14 16:19:16,2016-07-18 02:40:55
C10273,2016-07-14 16:22:39,2016-12-26 21:00:54
C02319,2016-07-14 16:27:38,2016-07-14 16:50:29
C05279,2016-07-14 16:40:02,2016-12-13 14:20:24
C09369,2016-07-14 16:42:02,2016-10-04 01:12:20
C02173,2016-07-14 16:44:42,2016-07-14 16:44:42
C13470,2016-07-14 16:45:07,2016-12-31 21:52:57
C05193,2016-07-14 16:46:05,2016-07-14 16:46:05
C12016,2016-07-14 16:47:55,2016-12-27 18:15:34
C02732,2016-07-14 16:48:17,2016-11-28 05:43:05
C06124,2016-07-14 16:49:51,2016-07-26 15:36:03
C03756,2016-07-14 16:51:21,2016-12-29 15:34:54
C05811,2016-07-14 16:54:31,2016-07-14 16:54:31
C08358,2016-07-14 16:57:08,2016-12-29 03:36:47
C10439,2016-07-14 16:57:24,2016-09-02 15:49:37
C08799,2016-07-14 16:57:49,2016-11-23 16:19:13
C06751,2016-07-14 16:59:59,2016-12-27 21:19:24
C13046,2016-07-14 17:01:52,2016-09-30 15:26:48
C10087,2016-07-14 17:04:28,2016-08-10 21:06:57
C08211,2016-07-14 17:04:37,2016-12-14 19:34:03
C02971,2016-07-14 17:08:22,2016-07-14 17:08:22
C01204,2016-07-14 17:15:05,2016-12-12 20:24:46
C11833,2016-07-14 17:16:53,2016-12-30 19:00:34
C10929,2016-07-14 17:21:42,2016-07-14 18:02:16
C05487,2016-07-14 17:24:20,2016-12-11 20:47:24
C10561,2016-07-14 17:27:38,2016-12-18 20:06:28
C12640,2016-07-14 17:27:39,2016-07-14 17:27:39
C10378,2016-07-14 17:34:22,2016-07-15 15:08:25
C04610,2016-07-14 17:38:41,2016-10-27 16:17:39
C06169,2016-07-14 17:40:50,2016-11-25 14:56:22
C12221,2016-07-14 17:58:09,2016-07-14 17:58:09
C05184,2016-07-14 18:02:20,2016-10-07 20:09:40
C06674,2016-07-14 18:06:20,2016-12-26 15:18:11
C07066,2016-07-14 18:07:22,2016-12-24 01:50:36
C10674,2016-07-14 18:11:07,2016-07-14 18:11:07
C00076,2016-07-14 18:17:17,2016-11-04 16:07:17
C04378,2016-07-14 18:17:52,2016-07-14 18:17:52
C05866,2016-07-14 18:19:31,2016-10-22 13:52:11
C01805,2016-07-14 18:21:56,2016-12-30 23:48:54
C03021,2016-07-14 18:22:35,2016-11-25 20:46:02
C08653,2016-07-14 18:27:57,2016-08-23 23:14:52
C13215,2016-07-14 18:32:57,2016-11-22 04:59:11
C01129,2016-07-14 18:36:24,2016-11-04 20:28:16
C08271,2016-07-14 18:37:13,2016-11-21 07:02:25
C06972,2016-07-14 18:39:03,2016-07-18 19:20:41
C04130,2016-07-14 18:40:12,2016-07-23 19:57:55
C09834,2016-07-14 18:51:30,2016-12-30 18:33:24
C11854,2016-07-14 18:51:54,2016-10-23 01:28:08
C02136,2016-07-14 18:52:20,2016-12-15 14:19:00
C10455,2016-07-14 18:52:38,2016-09-27 20:21:14
C01688,2016-07-14 18:52:47,2016-12-24 02:04:06
C07274,2016-07-14 18:59:02,2016-12-19 20:04:22
C01867,2016-07-14 19:00:24,2016-12-23 16:13:24
C02931,2016-07-14 19:02:41,2016-12-10 22:33:59
C08030,2016-07-14 19:05:56,2016-10-22 00:58:41
C03378,2016-07-14 19:06:56,2016-10-12 13:05:20
C05209,2016-07-14 19:11:28,2016-12-31 22:13:46
C13245,2016-07-14 19:13:17,2016-11-27 16:27:03
C13342,2016-07-14 19:13:44,2016-12-04 14:26:46
C00947,2016-07-14 19:16:13,2016-07-14 19:16:13
C06730,2016-07-14 19:16:17,2016-12-31 21:52:38
C04230,2016-07-14 19:28:27,2016-11-15 00:30:02
C06766,2016-07-14 19:34:11,2016-07-22 18:27:43
C03660,2016-07-14 19:34:37,2016-11-21 00:48:50
C10066,2016-07-14 19:37:39,2016-10-23 18:00:46
C04506,2016-07-14 19:37:48,2016-08-17 19:35:16
C05881,2016-07-14 19:42:02,2016-12-16 16:51:21
C09247,2016-07-14 19:43:42,2016-12-23 17:34:55
C05816,2016-07-14 19:47:22,2016-11-08 15:04:24
C01935,2016-07-14 19:48:31,2016-12-29 04:36:38
C04737,2016-07-14 19:52:30,2016-10-25 18:57:54
C11456,2016-07-14 19:55:03,2016-07-14 19:55:03
C06648,2016-07-14 19:58:52,2016-12-06 21:50:25
C07709,2016-07-14 20:00:33,2016-07-14 20:00:33
C07726,2016-07-14 20:01:34,2016-07-14 20:01:34
C02937,2016-07-14 20:05:11,2016-08-20 19:13:12
C10370,2016-07-14 20:07:19,2016-09-23 13:08:03
C02975,2016-07-14 20:21:45,2016-12-15 04:52:39
C02276,2016-07-14 20:23:18,2016-07-14 20:23:18
C11789,2016-07-14 20:25:11,2016-10-24 03:35:16
C05223,2016-07-14 20:28:30,2016-08-22 22:19:23
C13472,2016-07-14 20:29:58,2016-07-23 14:05:33
C07896,2016-07-14 20:30:46,2016-09-21 16:43:32
C11645,2016-07-14 20:31:36,2016-07-14 20:31:36
C07739,2016-07-14 20:35:26,2016-12-29 23:39:16
C11315,2016-07-14 20:41:25,2016-12-10 20:55:38
C04308,2016-07-14 20:48:12,2016-12-22 12:44:24
C09813,2016-07-14 20:51:27,2016-10-08 04:18:07
C02201,2016-07-14 21:02:36,2016-12-23 14:31:15
C02350,2016-07-14 21:03:33,2016-09-18 15:19:17
C10107,2016-07-14 21:18:38,2016-11-30 17:00:41
C11838,2016-07-14 21:28:05,2016-12-28 15:39:09
C07602,2016-07-14 21:33:52,2016-12-30 15:54:26
C09877,2016-07-14 21:35:09,2016-11-25 13:51:20
C07035,2016-07-14 21:39:35,2016-12-30 18:56:40
C11719,2016-07-14 21:39:47,2016-07-14 21:39:47
C08417,2016-07-14 21:42:30,2016-08-10 22:36:55
C03774,2016-07-14 21:44:33,2016-07-14 21:44:33
C11244,2016-07-14 21:44:50,2016-11-30 11:16:24
C04968,2016-07-14 21:46:38,2016-12-23 16:19:33
C00455,2016-07-14 21:47:24,2016-08-19 18:43:53
C12293,2016-07-14 21:48:16,2016-10-24 18:30:04
C11011,2016-07-14 21:51:46,2016-10-17 04:12:52
C09759,2016-07-14 21:54:27,2016-08-30 17:00:59
C05417,2016-07-14 21:59:56,2016-12-14 19:24:47
C00058,2016-07-14 22:03:11,2016-07-14 22:03:11
C13176,2016-07-14 22:10:52,2016-07-16 15:19:14
C04642,2016-07-14 22:11:30,2016-11-23 21:53:29
C12497,2016-07-14 22:12:41,2016-08-06 01:37:15
C02054,2016-07-14 22:14:55,2016-12-27 00:34:40
C05895,2016-07-14 22:17:04,2016-10-20 18:04:47
C10294,2016-07-14 22:19:28,2016-09-23 20:06:27
C12639,2016-07-14 22:21:43,2016-07-14 22:48:15
C13552,2016-07-14 22:30:44,2016-07-28 02:24:24
C04318,2016-07-14 22:36:12,2016-12-18 03:16:14
C11737,2016-07-14 22:36:56,2016-12-24 13:53:26
C01090,2016-07-14 22:39:28,2016-12-20 22:31:12
C11729,2016-07-14 22:40:57,2016-07-17 18:21:01
C07482,2016-07-14 22:42:26,2016-12-04 16:22:28
C12704,2016-07-14 22:43:02,2016-07-14 22:43:02
C03253,2016-07-14 22:45:08,2016-11-07 04:11:49
C06199,2016-07-14 22:50:38,2016-07-30 02:56:07
C11490,2016-07-14 22:51:26,2016-12-19 17:14:35
C09501,2016-07-14 22:51:39,2016-12-28 19:36:21
C07940,2016-07-14 22:59:02,2016-12-19 02:00:04
C08056,2016-07-14 23:03:18,2016-07-18 22:31:12
C03697,2016-07-14 23:12:03,2016-12-30 00:22:50
C12380,2016-07-14 23:15:55,2016-12-19 19:53:43
C11242,2016-07-14 23:19:41,2016-08-05 00:09:32
C02453,2016-07-14 23:21:21,2016-12-22 15:40:40
C04691,2016-07-14 23:24:19,2016-11-02 01:44:06
C07340,2016-07-14 23:24:43,2016-12-26 20:15:06
C10625,2016-07-14 23:25:04,2016-12-21 13:29:30
C05756,2016-07-14 23:26:14,2016-11-13 20:06:03
C02983,2016-07-14 23:29:12,2016-11-08 03:38:25
C11182,2016-07-14 23:30:55,2016-07-20 16:32:04
C12775,2016-07-14 23:39:03,2016-10-23 23:01:27
C03704,2016-07-14 23:42:48,2016-07-14 23:42:48
C12069,2016-07-14 23:48:34,2016-12-06 20:10:33
C08576,2016-07-14 23:49:36,2016-07-14 23:49:36
C06188,2016-07-14 23:50:38,2016-11-01 00:18:54
C00469,2016-07-14 23:51:42,2016-12-26 21:37:11
C08043,2016-07-15 00:00:06,2016-07-15 00:00:06
C13079,2016-07-15 00:03:38,2016-11-10 13:03:35
C08184,2016-07-15 00:08:11,2016-12-05 19:45:26
C04941,2016-07-15 00:08:50,2016-12-16 19:24:10
C08840,2016-07-15 00:14:33,2016-11-06 01:04:21
C13450,2016-07-15 00:19:26,2016-12-07 01:53:12
C09334,2016-07-15 00:20:37,2016-10-04 17:52:19
C10963,2016-07-15 00:27:42,2016-07-15 00:27:42
C07267,2016-07-15 00:28:40,2016-12-27 00:40:54
C08634,2016-07-15 00:40:35,2016-12-28 22:07:28
C06189,2016-07-15 00:47:18,2016-12-21 16:14:23
C11379,2016-07-15 01:03:21,2016-12-27 14:44:31
C02126,2016-07-15 01:04:33,2016-12-26 21:14:33
C08156,2016-07-15 01:07:52,2016-12-16 03:05:53
C09884,2016-07-15 01:08:42,2016-12-06 23:40:30
C05033,2016-07-15 01:11:25,2016-07-15 01:11:25
C10159,2016-07-15 01:19:18,2016-12-13 19:00:34
C07881,2016-07-15 01:19:43,2016-12-16 20:30:14
C09476,2016-07-15 01:20:44,2016-12-31 01:56:56
C05203,2016-07-15 01:25:19,2016-07-15 01:25:19
C11302,2016-07-15 01:28:32,2016-07-21 18:16:33
C02123,2016-07-15 01:35:31,2016-12-17 00:06:48
C09511,2016-07-15 01:38:24,2016-12-30 20:34:40
C03918,2016-07-15 01:50:11,2016-10-22 13:02:25
C07140,2016-07-15 01:52:08,2016-07-15 01:52:08
C00541,2016-07-15 01:52:52,2016-07-15 01:52:52
C05882,2016-07-15 01:56:09,2016-12-21 13:20:01
C12937,2016-07-15 01:58:41,2016-07-15 01:58:41
C03896,2016-07-15 02:12:18,2016-09-05 17:37:24
C00758,2016-07-15 02:12:19,2016-11-21 20:08:18
C03211,2016-07-15 02:19:06,2016-11-08 17:48:54
C00697,2016-07-15 02:22:28,2016-12-30 01:28:40
C09984,2016-07-15 02:38:29,2016-07-15 02:38:29
C10423,2016-07-15 02:59:09,2016-12-18 19:19:44
C01699,2016-07-15 03:00:55,2016-07-15 03:00:55
C11758,2016-07-15 03:31:01,2016-11-23 18:52:38
C02554,2016-07-15 03:32:22,2016-12-27 18:25:26
C06587,2016-07-15 04:04:14,2016-12-20 23:42:24
C02884,2016-07-15 04:05:07,2016-08-25 23:29:29
C12876,2016-07-15 04:06:13,2016-07-20 15:07:03
C01185,2016-07-15 04:32:18,2016-12-31 18:43:33
C08708,2016-07-15 06:40:27,2016-09-26 06:24:13
C05586,2016-07-15 06:55:09,2016-07-15 06:55:09
C01173,2016-07-15 07:22:15,2016-10-04 19:36:21
C06269,2016-07-15 08:35:31,2016-12-16 21:49:41
C06307,2016-07-15 11:03:04,2016-12-27 13:46:00
C00730,2016-07-15 11:27:39,2016-12-28 18:01:13
C06716,2016-07-15 11:45:41,2016-07-15 11:45:41
C07457,2016-07-15 11:50:15,2016-12-31 23:31:47
C13498,2016-07-15 11:53:07,2016-12-26 21:05:33
C07682,2016-07-15 12:05:42,2016-09-20 21:46:12
C01702,2016-07-15 12:13:04,2016-12-30 11:12:17
C07064,2016-07-15 12:21:35,2016-10-21 12:48:09
C12366,2016-07-15 12:27:37,2016-07-15 12:27:37
C00290,2016-07-15 12:29:31,2016-11-16 18:27:41
C07579,2016-07-15 12:30:25,2016-07-15 12:30:25
C00784,2016-07-15 12:45:30,2016-12-08 15:20:56
C11405,2016-07-15 12:48:26,2016-10-19 13:01:51
C01004,2016-07-15 13:07:11,2016-12-23 23:51:06
C06271,2016-07-15 13:40:24,2016-12-19 15:58:23
C13175,2016-07-15 13:48:35,2016-12-17 17:02:48
C02503,2016-07-15 13:50:57,2016-07-15 13:50:57
C03610,2016-07-15 14:03:19,2016-07-15 14:21:51
C05927,2016-07-15 14:06:26,2016-11-18 12:37:41
C11767,2016-07-15 14:18:05,2016-11-30 00:20:30
C13461,2016-07-15 14:30:43,2016-12-31 17:46:50
C10761,2016-07-15 14:39:39,2016-10-19 12:57:18
C00544,2016-07-15 14:42:44,2016-10-31 22:38:15
C06228,2016-07-15 14:43:15,2016-12-31 17:19:19
C02118,2016-07-15 14:44:23,2016-12-21 16:25:03
C08716,2016-07-15 15:00:13,2016-10-11 22:28:05
C08617,2016-07-15 15:03:41,2016-12-19 20:41:53
C02612,2016-07-15 15:04:27,2016-09-18 19:44:11
C13434,2016-07-15 15:05:29,2016-10-14 14:42:45
C08686,2016-07-15 15:10:07,2016-07-15 15:10:07
C12747,2016-07-15 15:19:33,2016-08-28 14:04:18
C11391,2016-07-15 15:21:41,2016-07-15 15:21:41
C03650,2016-07-15 15:24:43,2016-12-31 21:29:37
C02466,2016-07-15 15:27:03,2016-07-15 15:27:03
C12755,2016-07-15 15:28:48,2016-11-29 20:15:23
C11678,2016-07-15 15:29:08,2016-12-05 15:30:03
C06241,2016-07-15 15:31:06,2016-12-24 02:04:17
C12729,2016-07-15 15:31:38,2016-12-30 14:38:16
C05669,2016-07-15 15:33:56,2016-07-15 15:33:56
C11416,2016-07-15 15:35:25,2016-12-28 12:19:48
C12257,2016-07-15 15:43:14,2016-07-18 10:09:59
C12169,2016-07-15 15:45:51,2016-09-26 00:08:00
C12254,2016-07-15 15:47:12,2016-07-19 22:34:04
C09139,2016-07-15 15:47:22,2016-12-31 13:54:37
C11712,2016-07-15 15:50:04,2016-07-15 15:50:04
C06572,2016-07-15 15:59:22,2016-11-10 21:40:56
C04115,2016-07-15 15:59:23,2016-10-09 05:27:54
C02589,2016-07-15 16:00:31,2016-07-15 16:00:31
C08628,2016-07-15 16:00:41,2016-10-25 07:06:52
C01717,2016-07-15 16:02:40,2016-07-15 16:02:40
C13214,2016-07-15 16:08:03,2016-12-25 20:36:18
C10532,2016-07-15 16:10:25,2016-07-23 04:16:33
C11766,2016-07-15 16:10:35,2016-07-15 16:10:35
C06007,2016-07-15 16:13:31,2016-07-15 16:13:31
C09060,2016-07-15 16:15:18,2016-10-05 20:54:59
C04048,2016-07-15 16:23:09,2016-07-15 16:23:09
C04194,2016-07-15 16:28:45,2016-12-21 15:00:04
C07773,2016-07-15 16:31:59,2016-12-09 17:35:30
C03014,2016-07-15 16:33:13,2016-11-08 01:00:31
C04886,2016-07-15 16:34:04,2016-07-15 16:34:04
C11299,2016-07-15 16:38:17,2016-07-15 17:01:31
C12967,2016-07-15 16:40:06,2016-12-07 20:35:45
C01946,2016-07-15 16:42:11,2016-07-15 16:42:11
C06522,2016-07-15 16:43:17,2016-11-29 00:41:43
C04607,2016-07-15 16:44:38,2016-10-04 20:13:40
C08294,2016-07-15 16:51:26,2016-12-05 01:46:31
C13180,2016-07-15 16:53:07,2016-11-17 13:33:01
C01226,2016-07-15 16:55:51,2016-11-26 14:23:24
C07272,2016-07-15 17:00:09,2016-07-15 17:00:09
C04404,2016-07-15 17:00:38,2016-07-15 17:00:38
C04000,2016-07-15 17:01:31,2016-12-02 19:35:12
C07071,2016-07-15 17:10:27,2016-07-15 17:10:27
C04972,2016-07-15 17:16:42,2016-08-26 14:34:10
C04856,2016-07-15 17:21:37,2016-11-24 20:27:42
C03017,2016-07-15 17:29:17,2016-12-16 19:08:22
C07248,2016-07-15 17:35:43,2016-08-23 01:05:46
C06728,2016-07-15 17:40:28,2016-11-02 23:36:45
C00908,2016-07-15 17:42:54,2016-11-19 18:38:06
C09633,2016-07-15 17:45:11,2016-07-22 20:05:13
C08069,2016-07-15 18:01:55,2016-07-15 18:19:30
C01555,2016-07-15 18:02:04,2016-12-11 21:50:57
C12565,2016-07-15 18:06:19,2016-12-15 15:34:29
C02392,2016-07-15 18:06:31,2016-07-15 18:06:31
C08589,2016-07-15 18:06:37,2016-11-17 22:46:08
C06814,2016-07-15 18:11:28,2016-12-30 15:55:01
C11568,2016-07-15 18:13:28,2016-07-15 18:13:28
C08115,2016-07-15 18:16:53,2016-12-15 17:12:08
C09651,2016-07-15 18:19:31,2016-12-16 23:48:47
C02275,2016-07-15 18:19:51,2016-07-17 05:21:50
C06551,2016-07-15 18:31:12,2016-08-07 17:33:53
C01969,2016-07-15 18:32:15,2016-12-20 00:17:22
C06996,2016-07-15 18:32:18,2016-12-07 00:19:21
C03109,2016-07-15 18:35:47,2016-11-22 02:55:36
C13150,2016-07-15 18:36:33,2016-07-15 18:36:33
C08930,2016-07-15 18:38:30,2016-10-22 00:12:19
C08727,2016-07-15 18:42:25,2016-12-12 23:02:48
C12398,2016-07-15 18:45:41,2016-12-22 21:55:17
C02066,2016-07-15 18:47:11,2016-07-15 18:47:11
C01385,2016-07-15 18:49:23,2016-10-14 20:42:44
C06693,2016-07-15 18:54:00,2016-12-24 13:12:08
C08829,2016-07-15 18:55:46,2016-11-13 17:26:15
C12452,2016-07-15 18:56:42,2016-08-02 00:42:04
C11607,2016-07-15 19:00:42,2016-12-22 01:33:12
C02869,2016-07-15 19:02:25,2016-08-26 21:20:26
C05072,2016-07-15 19:13:32,2016-11-03 16:08:46
C06534,2016-07-15 19:14:13,2016-07-15 19:14:13
C04279,2016-07-15 19:23:00,2016-10-23 12:07:42
C00771,2016-07-15 19:23:42,2016-09-10 01:39:37
C13323,2016-07-15 19:24:51,2016-11-23 03:21:57
C05324,2016-07-15 19:29:14,2016-08-18 22:37:38
C05853,2016-07-15 19:30:22,2016-07-25 19:03:27
C10898,2016-07-15 19:38:16,2016-12-29 19:51:35
C09547,2016-07-15 19:39:39,2016-07-15 19:39:39
C03904,2016-07-15 19:39:44,2016-12-21 22:12:30
C00227,2016-07-15 19:40:54,2016-10-18 17:52:01
C09134,2016-07-15 19:41:09,2016-12-30 22:05:28
C06126,2016-07-15 19:42:47,2016-07-20 17:10:45
C01843,2016-07-15 19:45:26,2016-10-18 15:20:38
C03100,2016-07-15 19:46:51,2016-12-26 21:34:55
C04519,2016-07-15 19:48:45,2016-12-27 22:35:34
C06723,2016-07-15 19:53:48,2016-10-08 00:32:53
C01884,2016-07-15 20:05:30,2016-12-22 15:40:14
C10825,2016-07-15 20:07:42,2016-11-30 16:33:17
C11778,2016-07-15 20:16:43,2016-11-30 20:47:35
C11371,2016-07-15 20:17:54,2016-12-30 13:12:43
C12411,2016-07-15 20:19:49,2016-07-15 20:19:49
C07450,2016-07-15 20:20:35,2016-12-26 21:06:27
C11609,2016-07-15 20:22:33,2016-12-21 00:44:19
C04439,2016-07-15 20:24:03,2016-07-29 17:22:13
C00083,2016-07-15 20:27:06,2016-08-18 01:29:26
C04644,2016-07-15 20:27:44,2016-12-04 20:02:37
C04531,2016-07-15 20:29:09,2016-12-30 23:55:35
C05412,2016-07-15 20:31:34,2016-10-19 00:48:51
C04238,2016-07-15 20:33:45,2016-07-28 19:39:57
C05954,2016-07-15 20:36:09,2016-12-16 22:09:08
C12969,2016-07-15 20:38:38,2016-12-20 15:17:14
C00381,2016-07-15 20:40:45,2016-11-13 19:19:49
C00296,2016-07-15 20:50:15,2016-12-19 22:16:57
C02660,2016-07-15 20:51:48,2016-12-16 17:43:51
C09239,2016-07-15 20:53:03,2016-11-15 00:38:22
C03048,2016-07-15 20:57:55,2016-12-22 22:34:44
C11755,2016-07-15 21:00:06,2016-12-20 01:52:15
C04808,2016-07-15 21:06:18,2016-12-26 22:55:16
C04405,2016-07-15 21:06:24,2016-10-15 17:21:28
C01485,2016-07-15 21:08:17,2016-11-27 12:10:40
C09470,2016-07-15 21:14:47,2016-11-09 13:29:04
C02347,2016-07-15 21:19:54,2016-12-15 14:12:08
C00609,2016-07-15 21:22:39,2016-10-15 14:12:32
C08192,2016-07-15 21:32:24,2016-07-15 21:32:24
C06689,2016-07-15 21:32:48,2016-07-15 21:32:48
C07312,2016-07-15 21:33:27,2016-12-31 21:59:15
C01424,2016-07-15 21:35:08,2016-11-04 20:14:03
C07317,2016-07-15 21:40:08,2016-07-15 21:40:08
C07535,2016-07-15 21:42:15,2016-12-26 13:44:32
C08207,2016-07-15 21:43:08,2016-12-24 14:32:44
C01140,2016-07-15 21:43:28,2016-10-05 02:16:34
C07000,2016-07-15 21:54:23,2016-10-31 01:22:53
C10001,2016-07-15 22:03:45,2016-12-19 06:51:11
C10366,2016-07-15 22:09:43,2016-11-07 16:25:57
C05640,2016-07-15 22:10:07,2016-12-13 22:25:43
C12901,2016-07-15 22:14:13,2016-12-31 22:38:40
C07917,2016-07-15 22:15:38,2016-12-24 15:07:16
C03870,2016-07-15 22:22:47,2016-11-14 21:30:22
C04135,2016-07-15 22:25:06,2016-12-29 19:31:16
C01203,2016-07-15 22:25:15,2016-07-15 22:25:15
C11998,2016-07-15 22:25:33,2016-10-11 12:36:05
C06074,2016-07-15 22:33:27,2016-12-20 01:56:45
C12043,2016-07-15 22:35:24,2016-12-25 17:25:27
C00831,2016-07-15 22:37:23,2016-07-15 22:37:23
C01171,2016-07-15 22:38:23,2016-08-16 22:43:22
C07638,2016-07-15 22:39:20,2016-12-27 16:57:10
C01027,2016-07-15 22:49:36,2016-09-04 17:44:36
C02262,2016-07-15 22:49:42,2016-07-19 20:41:30
C09760,2016-07-15 22:53:50,2016-12-13 20:08:12
C12761,2016-07-15 22:54:13,2016-12-20 02:22:21
C10636,2016-07-15 22:58:10,2016-08-17 19:53:38
C08015,2016-07-15 22:58:47,2016-11-14 00:51:03
C12591,2016-07-15 23:02:13,2016-07-29 00:15:40
C00927,2016-07-15 23:03:17,2016-12-05 17:16:05
C04809,2016-07-15 23:06:01,2016-09-20 02:24:29
C10623,2016-07-15 23:07:47,2016-07-15 23:07:47
C02788,2016-07-15 23:12:38,2016-10-22 23:58:24
C05489,2016-07-15 23:19:55,2016-11-13 21:38:23
C04816,2016-07-15 23:24:58,2016-10-13 17:54:35
C10538,2016-07-15 23:29:57,2016-07-15 23:29:57
C03155,2016-07-15 23:35:06,2016-12-17 13:17:34
C12386,2016-07-15 23:37:32,2016-12-12 15:05:10
C12468,2016-07-15 23:45:21,2016-12-18 18:46:44
C05172,2016-07-15 23:56:42,2016-08-11 20:58:25
C03130,2016-07-16 00:00:43,2016-07-16 00:00:43
C02974,2016-07-16 00:01:00,2016-12-27 03:02:54
C05386,2016-07-16 00:05:02,2016-07-26 09:34:30
C07812,2016-07-16 00:06:02,2016-10-20 17:39:52
C03428,2016-07-16 00:09:09,2016-10-17 20:32:12
C06966,2016-07-16 00:10:25,2016-12-02 04:14:53
C07995,2016-07-16 00:11:36,2016-12-26 03:21:58
C04435,2016-07-16 00:14:37,2016-12-31 18:24:39
C05446,2016-07-16 00:21:48,2016-09-22 21:51:44
C05755,2016-07-16 00:30:00,2016-12-11 14:27:59
C00790,2016-07-16 00:36:27,2016-07-21 23:47:28
C05697,2016-07-16 00:43:23,2016-12-10 02:55:42
C01550,2016-07-16 00:43:51,2016-12-26 18:44:03
C05795,2016-07-16 00:51:32,2016-07-16 00:51:32
C00457,2016-07-16 00:53:30,2016-10-26 15:54:48
C04848,2016-07-16 00:53:52,2016-11-25 11:09:07
C06769,2016-07-16 01:07:22,2016-07-16 01:07:22
C11110,2016-07-16 01:08:11,2016-10-14 21:51:08
C02592,2016-07-16 01:18:14,2016-12-31 15:37:31
C09001,2016-07-16 01:20:46,2016-07-16 01:20:46
C01810,2016-07-16 01:36:34,2016-12-19 14:35:21
C10150,2016-07-16 01:37:48,2016-12-23 00:01:18
C08546,2016-07-16 01:49:52,2016-12-29 17:19:47
C09133,2016-07-16 02:07:01,2016-10-20 02:09:17
C06166,2016-07-16 02:18:16,2016-10-08 22:32:47
C12960,2016-07-16 02:21:50,2016-12-11 11:45:48
C09003,2016-07-16 02:25:33,2016-10-21 17:29:48
C04477,2016-07-16 02:29:39,2016-10-03 18:24:17
C12445,2016-07-16 02:31:09,2016-10-18 17:26:32
C03663,2016-07-16 02:34:01,2016-11-25 16:22:19
C04989,2016-07-16 02:46:15,2016-09-28 18:24:54
C06016,2016-07-16 02:49:16,2016-12-18 01:30:27
C01112,2016-07-16 02:53:13,2016-07-27 19:48:23
C07151,2016-07-16 02:56:01,2016-12-23 14:43:19
C10789,2016-07-16 02:57:08,2016-12-07 15:26:35
C03367,2016-07-16 03:07:02,2016-12-08 20:34:46
C03387,2016-07-16 03:07:26,2016-12-23 16:22:03
C03763,2016-07-16 03:07:53,2016-10-23 01:41:41
C03288,2016-07-16 03:11:28,2016-11-16 18:15:29
C12441,2016-07-16 03:11:49,2016-12-23 18:28:58
C08243,2016-07-16 03:12:52,2016-10-27 01:19:22
C05934,2016-07-16 03:14:18,2016-12-18 19:38:02
C01704,2016-07-16 03:17:25,2016-07-16 03:17:25
C02160,2016-07-16 03:20:29,2016-10-26 09:07:30
C11518,2016-07-16 03:29:27,2016-09-23 03:34:57
C07187,2016-07-16 03:48:36,2016-12-25 03:23:17
C08661,2016-07-16 03:54:32,2016-10-10 22:06:24
C07744,2016-07-16 03:54:47,2016-12-26 02:16:44
C02017,2016-07-16 04:13:44,2016-12-23 16:17:46
C12046,2016-07-16 04:16:29,2016-12-22 22:41:31
C03075,2016-07-16 04:28:40,2016-12-16 20:42:46
C02236,2016-07-16 04:35:20,2016-12-22 02:09:15
C07168,2016-07-16 04:36:40,2016-07-17 17:41:55
C00875,2016-07-16 04:50:06,2016-12-29 17:00:28
C03734,2016-07-16 04:53:36,2016-08-30 23:58:27
C05295,2016-07-16 05:14:15,2016-12-19 02:53:41
C01435,2016-07-16 05:29:31,2016-07-16 05:29:31
C12197,2016-07-16 05:37:18,2016-07-16 05:37:18
C07898,2016-07-16 05:42:16,2016-12-28 00:56:33
C11162,2016-07-16 06:03:35,2016-07-16 06:03:35
C09587,2016-07-16 06:09:07,2016-12-11 18:54:37
C05977,2016-07-16 06:31:02,2016-11-11 15:02:45
C02754,2016-07-16 06:38:39,2016-12-26 11:28:32
C09561,2016-07-16 09:00:24,2016-07-16 09:00:24
C12996,2016-07-16 09:30:05,2016-12-29 22:35:28
C03761,2016-07-16 11:22:23,2016-08-18 16:03:49
C10064,2016-07-16 12:37:48,2016-12-26 21:13:38
C04870,2016-07-16 12:46:03,2016-12-31 01:16:09
C01565,2016-07-16 13:00:33,2016-10-28 22:47:35
C02637,2016-07-16 13:16:57,2016-12-24 11:08:38
C01251,2016-07-16 13:18:11,2016-12-07 01:51:19
C00999,2016-07-16 13:33:22,2016-10-07 16:35:17
C09861,2016-07-16 13:43:57,2016-12-20 20:53:49
C08761,2016-07-16 13:44:45,2016-10-31 22:19:32
C02766,2016-07-16 13:52:02,2016-11-07 22:49:49
C02635,2016-07-16 13:54:23,2016-12-22 23:26:30
C12950,2016-07-16 13:54:28,2016-11-24 19:47:57
C03844,2016-07-16 14:04:50,2016-12-14 17:52:21
C01429,2016-07-16 14:18:07,2016-12-26 11:27:57
C02794,2016-07-16 14:21:32,2016-12-02 21:16:16
C05798,2016-07-16 14:22:11,2016-11-06 18:05:50
C03626,2016-07-16 14:25:09,2016-11-17 14:22:07
C00063,2016-07-16 14:30:11,2016-10-05 00:40:06
C00693,2016-07-16 14:30:50,2016-12-30 03:14:55
C02088,2016-07-16 14:37:10,2016-07-17 22:30:41
C13518,2016-07-16 14:38:23,2016-07-16 14:38:23
C12327,2016-07-16 14:40:37,2016-12-31 22:57:45
C08007,2016-07-16 14:46:03,2016-12-26 23:27:34
C13475,2016-07-16 14:46:33,2016-10-19 19:35:32
C09524,2016-07-16 14:47:02,2016-07-16 14:47:02
C09893,2016-07-16 14:49:22,2016-12-14 18:04:00
C11037,2016-07-16 14:52:02,2016-12-28 18:15:08
C11347,2016-07-16 15:13:25,2016-12-31 00:21:52
C12191,2016-07-16 15:20:11,2016-11-23 17:40:27
C05043,2016-07-16 15:23:41,2016-07-16 15:23:41
C10637,2016-07-16 15:24:49,2016-12-30 20:42:35
C10614,2016-07-16 15:25:00,2016-10-04 01:42:26
C03718,2016-07-16 15:25:39,2016-12-14 15:41:25
C12678,2016-07-16 15:37:53,2016-11-02 16:25:53
C11271,2016-07-16 15:49:57,2016-12-06 21:49:40
C09438,2016-07-16 15:50:30,2016-09-07 02:55:01
C10315,2016-07-16 15:55:24,2016-07-19 00:13:17
C06789,2016-07-16 15:58:40,2016-07-16 15:58:40
C01770,2016-07-16 15:59:06,2016-12-26 22:21:22
C13525,2016-07-16 16:01:11,2016-12-29 01:33:43
C05835,2016-07-16 16:03:05,2016-11-15 14:32:59
C12818,2016-07-16 16:05:43,2016-12-05 14:36:51
C05130,2016-07-16 16:06:18,2016-10-07 03:06:54
C08401,2016-07-16 16:14:04,2016-11-26 18:37:39
C01660,2016-07-16 16:14:30,2016-12-03 03:46:09
C10199,2016-07-16 16:18:23,2016-07-21 20:39:10
C06767,2016-07-16 16:20:27,2016-12-30 23:53:55
C06285,2016-07-16 16:22:23,2016-10-10 12:49:04
C08235,2016-07-16 16:24:13,2016-12-11 01:48:48
C12172,2016-07-16 16:26:32,2016-09-11 03:17:41
C12336,2016-07-16 16:26:55,2016-12-22 19:53:17
C07514,2016-07-16 16:27:38,2016-12-28 20:10:01
C00015,2016-07-16 16:29:02,2016-11-07 15:10:24
C05499,2016-07-16 16:34:01,2016-11-18 17:25:13
C09457,2016-07-16 16:34:29,2016-07-16 16:34:29
C08292,2016-07-16 16:41:23,2016-12-12 00:33:09
C02799,2016-07-16 16:43:52,2016-12-27 22:22:40
C13128,2016-07-16 16:45:29,2016-07-16 16:45:29
C09366,2016-07-16 16:45:56,2016-09-26 05:27:02
C02629,2016-07-16 16:46:47,2016-12-02 15:03:40
C11798,2016-07-16 16:47:22,2016-07-30 01:18:53
C08779,2016-07-16 16:54:53,2016-09-15 19:20:34
C00020,2016-07-16 16:55:11,2016-12-28 22:38:43
C08273,2016-07-16 16:56:00,2016-12-09 00:04:40
C08266,2016-07-16 17:00:52,2016-11-02 21:18:31
C03536,2016-07-16 17:02:21,2016-09-28 18:28:03
C02641,2016-07-16 17:02:36,2016-12-30 16:45:41
C12504,2016-07-16 17:07:15,2016-10-20 22:30:00
C07119,2016-07-16 17:12:40,2016-12-09 17:24:13
C09127,2016-07-16 17:14:27,2016-11-11 20:21:39
C12752,2016-07-16 17:18:30,2016-09-02 17:42:31
C07029,2016-07-16 17:20:08,2016-07-24 19:59:37
C11422,2016-07-16 17:30:12,2016-07-16 17:30:12
C12879,2016-07-16 17:30:49,2016-11-13 13:07:23
C00563,2016-07-16 17:33:05,2016-12-14 17:09:42
C02726,2016-07-16 17:34:15,2016-07-16 17:34:15
C05211,2016-07-16 17:45:05,2016-07-16 17:45:05
C05352,2016-07-16 17:51:32,2016-09-06 02:58:12
C00012,2016-07-16 17:52:41,2016-09-16 22:13:58
C01664,2016-07-16 17:56:57,2016-12-21 19:17:32
C02095,2016-07-16 17:56:58,2016-12-25 21:08:25
C07384,2016-07-16 18:00:33,2016-11-01 03:56:38
C02748,2016-07-16 18:01:21,2016-12-31 18:45:29
C05568,2016-07-16 18:07:54,2016-07-16 21:46:24
C09528,2016-07-16 18:19:35,2016-07-28 16:43:45
C03490,2016-07-16 18:20:05,2016-12-30 15:20:40
C11343,2016-07-16 18:20:54,2016-12-25 08:29:08
C11044,2016-07-16 18:21:09,2016-10-09 20:15:08
C02324,2016-07-16 18:21:20,2016-12-05 01:39:47
C08074,2016-07-16 18:26:13,2016-12-30 23:34:41
C02995,2016-07-16 18:26:18,2016-10-07 21:30:33
C01346,2016-07-16 18:33:19,2016-07-29 01:57:23
C01489,2016-07-16 18:39:09,2016-12-25 19:36:17
C01598,2016-07-16 18:50:50,2016-07-16 18:50:50
C04725,2016-07-16 18:56:51,2016-11-25 21:54:35
C08648,2016-07-16 19:11:52,2016-11-15 02:04:22
C03499,2016-07-16 19:12:34,2016-08-19 19:54:55
C07685,2016-07-16 19:22:34,2016-12-29 15:24:54
C13264,2016-07-16 19:23:00,2016-12-07 03:41:01
C02969,2016-07-16 19:24:18,2016-12-31 20:49:15
C02546,2016-07-16 19:25:41,2016-12-30 01:12:39
C09730,2016-07-16 19:28:34,2016-12-25 17:30:59
C10792,2016-07-16 19:32:49,2016-07-16 19:43:21
C13389,2016-07-16 19:34:15,2016-12-01 18:13:29
C12848,2016-07-16 19:35:43,2016-11-21 14:08:39
C06775,2016-07-16 19:39:10,2016-07-16 19:39:10
C06571,2016-07-16 19:40:17,2016-11-22 01:13:17
C06277,2016-07-16 19:45:55,2016-08-26 02:00:03
C12367,2016-07-16 19:45:56,2016-10-22 13:06:58
C08903,2016-07-16 19:48:03,2016-08-20 19:58:36
C01416,2016-07-16 19:52:05,2016-12-27 17:36:54
C07708,2016-07-16 19:53:11,2016-12-25 08:22:00
C02278,2016-07-16 19:56:51,2016-12-25 21:41:41
C01692,2016-07-16 19:58:33,2016-12-22 16:29:58
C08356,2016-07-16 20:00:15,2016-11-22 19:43:48
C01750,2016-07-16 20:04:06,2016-12-29 17:20:36
C03923,2016-07-16 20:09:41,2016-11-12 15:13:16
C00572,2016-07-16 20:10:10,2016-12-18 22:53:16
C07616,2016-07-16 20:14:01,2016-12-16 17:58:23
C03453,2016-07-16 20:19:01,2016-11-26 17:57:51
C02105,2016-07-16 20:28:17,2016-12-08 23:01:30
C13091,2016-07-16 20:34:46,2016-07-31 01:21:49
C12681,2016-07-16 20:54:38,2016-10-18 13:56:50
C04978,2016-07-16 20:55:29,2016-09-07 21:45:44
C03235,2016-07-16 20:57:32,2016-12-10 19:10:10
C12155,2016-07-16 20:59:23,2016-09-16 17:26:03
C11957,2016-07-16 21:03:13,2016-12-14 01:24:00
C12597,2016-07-16 21:03:51,2016-07-16 21:03:51
C07698,2016-07-16 21:06:18,2016-10-02 16:52:18
C00293,2016-07-16 21:07:46,2016-12-05 00:28:58
C01019,2016-07-16 21:10:32,2016-07-17 20:01:57
C01238,2016-07-16 21:14:53,2016-11-14 04:13:04
C07534,2016-07-16 21:15:21,2016-11-12 21:47:50
C06566,2016-07-16 21:30:50,2016-12-25 18:52:30
C11214,2016-07-16 21:42:41,2016-12-30 00:28:17
C12479,2016-07-16 21:42:57,2016-12-17 20:23:04
C09238,2016-07-16 21:52:01,2016-12-07 04:11:06
C04111,2016-07-16 21:59:29,2016-07-16 21:59:29
C06765,2016-07-16 22:01:10,2016-11-18 21:48:18
C10050,2016-07-16 22:04:42,2016-12-04 13:38:19
C06679,2016-07-16 22:08:43,2016-10-20 16:11:13
C00550,2016-07-16 22:09:48,2016-10-19 19:21:38
C10254,2016-07-16 22:11:19,2016-12-19 19:32:19
C06292,2016-07-16 22:25:22,2016-10-14 17:56:11
C06611,2016-07-16 22:31:56,2016-12-16 17:17:23
C10483,2016-07-16 22:40:44,2016-12-24 23:31:55
C08168,2016-07-16 23:01:45,2016-12-31 23:53:22
C09324,2016-07-16 23:04:25,2016-11-22 03:10:42
C02561,2016-07-16 23:09:07,2016-09-12 13:00:07
C04120,2016-07-16 23:13:58,2016-12-30 11:39:14
C12819,2016-07-16 23:15:07,2016-12-23 22:49:38
C07466,2016-07-16 23:18:52,2016-11-02 02:08:27
C03975,2016-07-16 23:22:37,2016-10-25 22:10:08
C01768,2016-07-16 23:27:02,2016-11-07 00:39:02
C06278,2016-07-16 23:44:24,2016-10-04 22:41:38
C04635,2016-07-16 23:47:35,2016-12-26 21:23:19
C13506,2016-07-16 23:48:03,2016-07-31 05:33:21
C00255,2016-07-16 23:58:25,2016-12-27 00:35:35
C04384,2016-07-17 00:00:12,2016-12-29 23:24:05
C01325,2016-07-17 00:08:54,2016-07-30 15:06:10
C12575,2016-07-17 00:10:13,2016-07-17 00:10:13
C05282,2016-07-17 00:17:01,2016-12-29 03:23:44
C01601,2016-07-17 00:20:09,2016-11-21 20:55:57
C08764,2016-07-17 00:20:20,2016-07-17 00:27:23
C07489,2016-07-17 00:20:33,2016-07-17 00:32:49
C02866,2016-07-17 00:22:18,2016-12-18 18:16:55
C04299,2016-07-17 00:24:07,2016-12-11 15:23:48
C07293,2016-07-17 00:34:47,2016-08-17 18:37:05
C02814,2016-07-17 00:39:09,2016-12-30 14:36:56
C12697,2016-07-17 00:55:35,2016-12-12 18:46:24
C05793,2016-07-17 00:56:20,2016-12-09 20:34:12
C02932,2016-07-17 00:57:24,2016-07-17 00:57:24
C09020,2016-07-17 01:10:47,2016-12-14 12:42:52
C02125,2016-07-17 01:12:08,2016-11-04 22:09:14
C00582,2016-07-17 01:31:29,2016-08-13 19:09:23
C00103,2016-07-17 01:32:08,2016-12-31 00:33:11
C13086,2016-07-17 01:33:14,2016-12-24 17:51:04
C07618,2016-07-17 01:35:49,2016-11-12 07:30:09
C02025,2016-07-17 01:43:46,2016-12-30 17:36:25
C02122,2016-07-17 01:47:56,2016-10-06 17:31:17
C06101,2016-07-17 02:27:27,2016-12-28 14:40:13
C00399,2016-07-17 02:40:35,2016-12-30 16:33:05
C10975,2016-07-17 02:47:24,2016-07-17 02:47:24
C11858,2016-07-17 02:49:56,2016-07-17 03:02:46
C05337,2016-07-17 02:54:13,2016-12-12 01:13:25
C04826,2016-07-17 03:06:09,2016-07-17 03:20:00
C03237,2016-07-17 03:08:46,2016-11-23 20:33:38
C11699,2016-07-17 03:09:10,2016-07-17 03:09:10
C00798,2016-07-17 03:15:39,2016-07-17 03:15:39
C12891,2016-07-17 03:26:48,2016-07-26 19:25:43
C07157,2016-07-17 03:36:42,2016-07-17 03:36:42
C01102,2016-07-17 03:38:22,2016-12-23 00:07:32
C12935,2016-07-17 03:39:29,2016-12-25 15:37:12
C10838,2016-07-17 03:48:45,2016-12-10 12:54:15
C08672,2016-07-17 03:52:54,2016-12-25 19:12:37
C06850,2016-07-17 04:03:44,2016-09-17 22:11:17
C02143,2016-07-17 04:06:19,2016-07-17 04:11:01
C06702,2016-07-17 04:07:29,2016-09-24 05:16:45
C07452,2016-07-17 04:11:36,2016-08-21 19:35:50
C08982,2016-07-17 04:13:34,2016-08-15 21:04:22
C01933,2016-07-17 04:16:25,2016-10-07 15:44:12
C01901,2016-07-17 04:19:36,2016-11-26 03:39:14
C12486,2016-07-17 04:27:14,2016-07-26 22:25:57
C04517,2016-07-17 04:30:51,2016-12-15 19:17:35
C10632,2016-07-17 04:33:38,2016-09-28 06:47:28
C04310,2016-07-17 04:55:16,2016-11-14 16:44:54
C09642,2016-07-17 05:23:27,2016-10-26 18:40:05
C13350,2016-07-17 05:23:48,2016-09-25 16:45:45
C12309,2016-07-17 05:28:16,2016-08-25 03:19:13
C03876,2016-07-17 05:30:42,2016-07-17 05:30:42
C12283,2016-07-17 05:33:18,2016-12-29 01:33:16
C12985,2016-07-17 05:43:09,2016-11-17 17:32:52
C00269,2016-07-17 06:27:58,2016-08-19 00:23:45
C11124,2016-07-17 08:59:31,2016-10-14 00:44:17
C12805,2016-07-17 09:19:29,2016-07-17 09:38:26
C03603,2016-07-17 09:20:29,2016-12-27 12:46:54
C00520,2016-07-17 09:49:58,2016-12-09 01:31:14
C04588,2016-07-17 09:53:04,2016-12-30 19:25:11
C07587,2016-07-17 11:49:32,2016-11-30 20:51:15
C03658,2016-07-17 11:58:08,2016-12-29 15:50:30
C01684,2016-07-17 12:05:59,2016-12-26 13:14:52
C12262,2016-07-17 12:08:13,2016-07-17 21:11:01
C09890,2016-07-17 12:46:03,2016-07-17 13:15:00
C05623,2016-07-17 12:46:39,2016-12-22 14:44:19
C06638,2016-07-17 12:55:12,2016-12-10 02:55:11
C05516,2016-07-17 13:11:30,2016-07-17 13:11:30
C04334,2016-07-17 13:16:42,2016-07-21 00:26:23
C07089,2016-07-17 13:25:54,2016-07-17 13:25:54
C00576,2016-07-17 13:39:45,2016-12-01 23:15:04
C09503,2016-07-17 13:40:56,2016-12-01 23:28:04
C08750,2016-07-17 13:59:15,2016-08-27 12:55:19
C10970,2016-07-17 14:02:19,2016-09-29 23:24:07
C09597,2016-07-17 14:22:57,2016-10-07 03:40:56
C07479,2016-07-17 14:29:15,2016-12-26 15:41:00
C02273,2016-07-17 14:39:03,2016-07-17 14:39:03
C11086,2016-07-17 14:41:04,2016-11-01 08:01:04
C12909,2016-07-17 14:44:33,2016-11-04 01:41:52
C11654,2016-07-17 14:47:11,2016-07-25 03:51:02
C10442,2016-07-17 14:48:39,2016-08-14 12:56:34
C03671,2016-07-17 14:50:33,2016-11-16 20:00:00
C11389,2016-07-17 14:52:46,2016-08-08 04:51:19
C01172,2016-07-17 14:53:41,2016-12-17 18:50:10
C03587,2016-07-17 15:00:26,2016-07-28 01:48:08
C11499,2016-07-17 15:02:44,2016-11-05 13:59:20
C07302,2016-07-17 15:06:24,2016-12-22 15:40:13
C06482,2016-07-17 15:20:51,2016-12-15 16:34:33
C02027,2016-07-17 15:21:22,2016-07-17 15:21:22
C04553,2016-07-17 15:27:17,2016-12-12 18:47:17
C10061,2016-07-17 15:28:44,2016-12-27 18:03:29
C07138,2016-07-17 15:35:11,2016-07-17 15:35:11
C06364,2016-07-17 15:39:50,2016-07-17 15:39:50
C11180,2016-07-17 15:40:37,2016-07-17 15:40:37
C05086,2016-07-17 15:40:43,2016-12-25 14:49:13
C02936,2016-07-17 15:46:23,2016-12-04 02:21:04
C01279,2016-07-17 15:53:10,2016-12-31 21:04:54
C05308,2016-07-17 15:55:19,2016-12-16 20:39:31
C09085,2016-07-17 15:57:27,2016-07-17 15:57:27
C08353,2016-07-17 15:58:43,2016-07-23 00:47:02
C07485,2016-07-17 16:04:22,2016-12-08 14:32:40
C07470,2016-07-17 16:12:44,2016-12-28 03:08:02
C00230,2016-07-17 16:14:58,2016-11-11 00:11:36
C12287,2016-07-17 16:16:10,2016-12-27 22:57:27
C11427,2016-07-17 16:17:11,2016-09-08 16:06:27
C09664,2016-07-17 16:18:21,2016-11-24 12:28:38
C05025,2016-07-17 16:19:06,2016-12-30 21:59:55
C01876,2016-07-17 16:19:11,2016-12-31 18:04:08
C12466,2016-07-17 16:19:25,2016-09-19 01:31:17
C12015,2016-07-17 16:23:10,2016-09-10 20:41:34
C04559,2016-07-17 16:23:56,2016-07-17 16:23:56
C02322,2016-07-17 16:25:12,2016-07-17 16:25:12
C04329,2016-07-17 16:32:51,2016-12-17 18:04:29
C04710,2016-07-17 16:32:51,2016-11-29 18:00:59
C04103,2016-07-17 16:38:30,2016-12-31 20:02:14
C05313,2016-07-17 16:45:34,2016-12-10 20:54:46
C12268,2016-07-17 16:45:45,2016-12-31 17:48:55
C02450,2016-07-17 16:45:56,2016-09-14 19:26:47
C06164,2016-07-17 16:47:27,2016-07-17 16:47:27
C08234,2016-07-17 16:47:55,2016-10-03 00:17:42
C07407,2016-07-17 16:48:12,2016-11-15 17:32:57
C02711,2016-07-17 16:53:53,2016-07-17 16:53:53
C11979,2016-07-17 16:54:16,2016-07-17 16:54:16
C05558,2016-07-17 16:54:19,2016-07-17 16:54:19
C07451,2016-07-17 16:54:41,2016-10-01 19:28:07
C10142,2016-07-17 16:55:11,2016-07-17 17:10:36
C12168,2016-07-17 16:55:30,2016-08-10 22:20:44
C03439,2016-07-17 17:06:08,2016-07-17 17:06:08
C10092,2016-07-17 17:09:45,2016-10-14 23:02:45
C09654,2016-07-17 17:09:49,2016-12-18 15:00:00
C02807,2016-07-17 17:12:52,2016-09-19 05:16:07
C03422,2016-07-17 17:14:14,2016-11-10 06:42:56
C12883,2016-07-17 17:24:43,2016-10-12 04:28:13
C06515,2016-07-17 17:33:42,2016-12-22 01:19:14
C07014,2016-07-17 17:34:06,2016-07-25 02:32:21
C06808,2016-07-17 17:38:18,2016-07-17 17:38:18
C02295,2016-07-17 17:45:18,2016-12-09 21:37:12
C01743,2016-07-17 17:47:47,2016-12-23 13:27:55
C00054,2016-07-17 17:55:44,2016-07-17 17:55:44
C10089,2016-07-17 17:56:33,2016-12-12 13:27:09
C00555,2016-07-17 17:57:35,2016-12-16 22:38:25
C12771,2016-07-17 17:58:14,2016-09-11 22:08:28
C04922,2016-07-17 17:59:15,2016-09-19 21:53:24
C09652,2016-07-17 18:00:51,2016-10-22 20:41:37
C08237,2016-07-17 18:07:53,2016-07-17 18:07:53
C04570,2016-07-17 18:08:09,2016-12-25 01:27:48
C09602,2016-07-17 18:09:57,2016-12-15 02:32:20
C04887,2016-07-17 18:12:43,2016-12-20 13:04:00
C11415,2016-07-17 18:13:40,2016-12-10 11:52:26
C09999,2016-07-17 18:20:16,2016-10-27 21:55:14
C06301,2016-07-17 18:25:43,2016-09-08 23:09:01
C12214,2016-07-17 18:26:42,2016-11-12 16:02:06
C04340,2016-07-17 18:35:16,2016-07-17 18:35:16
C01353,2016-07-17 18:39:26,2016-12-31 14:35:58
C04086,2016-07-17 18:51:01,2016-07-17 18:51:01
C06230,2016-07-17 18:59:15,2016-09-13 16:28:43
C07679,2016-07-17 18:59:31,2016-12-02 21:19:09
C10593,2016-07-17 19:00:12,2016-12-04 12:37:16
C06406,2016-07-17 19:01:38,2016-07-24 19:35:06
C08058,2016-07-17 19:02:06,2016-12-09 02:21:20
C10515,2016-07-17 19:02:46,2016-10-16 21:01:46
C07836,2016-07-17 19:07:32,2016-10-24 12:06:24
C07789,2016-07-17 19:09:33,2016-11-10 04:38:43
C03195,2016-07-17 19:11:54,2016-12-20 21:43:44
C11515,2016-07-17 19:18:52,2016-12-06 16:41:24
C11050,2016-07-17 19:19:51,2016-12-21 02:37:32
C02417,2016-07-17 19:22:30,2016-08-02 16:43:11
C01587,2016-07-17 19:25:09,2016-10-26 17:55:25
C12997,2016-07-17 19:27:57,2016-07-17 19:27:57
C02293,2016-07-17 19:37:51,2016-12-27 13:58:57
C10605,2016-07-17 19:40:39,2016-12-14 14:59:50
C09328,2016-07-17 19:42:08,2016-08-20 04:18:50
C07334,2016-07-17 19:42:50,2016-11-16 17:16:37
C03773,2016-07-17 19:44:58,2016-12-25 02:22:40
C02115,2016-07-17 19:45:07,2016-12-29 22:01:13
C07669,2016-07-17 19:55:20,2016-12-25 17:25:06
C00675,2016-07-17 19:57:53,2016-07-17 19:57:53
C11342,2016-07-17 20:03:00,2016-12-23 17:35:17
C05287,2016-07-17 20:04:12,2016-10-07 15:13:44
C05034,2016-07-17 20:04:59,2016-11-17 23:18:11
C09028,2016-07-17 20:15:10,2016-10-31 01:08:13
C05906,2016-07-17 20:15:29,2016-10-12 14:24:31
C01468,2016-07-17 20:16:33,2016-11-17 22:01:32
C03212,2016-07-17 20:16:53,2016-12-20 02:12:41
C04503,2016-07-17 20:22:47,2016-12-13 18:57:38
C12393,2016-07-17 20:25:19,2016-07-17 20:25:19
C06336,2016-07-17 20:26:41,2016-12-29 03:10:11
C02403,2016-07-17 20:28:51,2016-07-17 20:28:51
C09278,2016-07-17 20:29:48,2016-07-17 20:38:55
C12157,2016-07-17 20:31:43,2016-12-22 23:51:33
C06071,2016-07-17 20:35:10,2016-11-06 05:40:38
C00257,2016-07-17 20:42:45,2016-11-08 15:41:36
C08114,2016-07-17 20:43:23,2016-11-14 18:10:32
C04761,2016-07-17 20:44:14,2016-12-22 17:17:45
C00105,2016-07-17 20:47:17,2016-12-16 01:32:12
C04534,2016-07-17 20:47:50,2016-09-18 18:47:28
C07738,2016-07-17 20:50:37,2016-07-17 21:03:06
C12210,2016-07-17 20:50:47,2016-11-25 17:23:41
C03944,2016-07-17 20:51:50,2016-09-09 19:46:14
C11028,2016-07-17 21:00:48,2016-12-27 19:31:31
C02233,2016-07-17 21:03:07,2016-07-17 21:03:07
C09542,2016-07-17 21:11:11,2016-09-16 22:57:34
C04657,2016-07-17 21:18:48,2016-09-30 15:27:04
C04040,2016-07-17 21:20:13,2016-12-17 14:47:34
C05994,2016-07-17 21:25:43,2016-08-23 21:49:29
C00489,2016-07-17 21:32:49,2016-12-31 22:59:31
C09135,2016-07-17 21:34:32,2016-10-10 10:01:55
C12476,2016-07-17 21:42:16,2016-07-17 21:42:16
C11938,2016-07-17 21:42:34,2016-11-29 00:02:24
C11659,2016-07-17 21:43:39,2016-07-21 15:00:49
C10362,2016-07-17 21:45:32,2016-07-17 21:45:32
C09381,2016-07-17 21:50:47,2016-12-27 14:03:53
C08596,2016-07-17 21:51:03,2016-07-17 22:57:54
C09389,2016-07-17 21:55:24,2016-12-06 22:21:54
C08245,2016-07-17 21:56:46,2016-07-17 21:56:46
C10248,2016-07-17 22:12:04,2016-12-14 18:46:18
C00459,2016-07-17 22:25:38,2016-12-17 01:19:20
C08615,2016-07-17 22:25:44,2016-12-18 16:59:11
C07333,2016-07-17 22:38:54,2016-12-17 13:33:34
C06234,2016-07-17 22:40:42,2016-10-03 15:46:50
C04410,2016-07-17 22:43:12,2016-11-23 19:17:25
C10790,2016-07-17 22:43:13,2016-07-17 22:43:13
C05084,2016-07-17 22:46:08,2016-11-25 02:50:46
C02556,2016-07-17 22:47:40,2016-12-27 01:08:05
C06099,2016-07-17 22:56:32,2016-11-28 16:30:41
C03642,2016-07-17 23:01:31,2016-07-17 23:01:31
C00945,2016-07-17 23:06:44,2016-07-17 23:06:44
C09930,2016-07-17 23:07:32,2016-12-19 01:56:25
C03307,2016-07-17 23:08:56,2016-07-17 23:08:56
C04178,2016-07-17 23:12:12,2016-11-21 00:27:33
C06977,2016-07-17 23:14:04,2016-12-21 18:31:56
C07998,2016-07-17 23:16:36,2016-12-25 00:21:36
C02272,2016-07-17 23:20:16,2016-12-15 21:06:55
C07884,2016-07-17 23:20:33,2016-07-17 23:20:33
C06951,2016-07-17 23:26:16,2016-12-31 13:58:29
C02254,2016-07-17 23:29:16,2016-12-29 17:23:39
C05982,2016-07-17 23:34:44,2016-12-12 21:11:08
C04620,2016-07-17 23:55:13,2016-11-30 03:39:26
C03433,2016-07-17 23:58:39,2016-12-27 17:27:38
C09977,2016-07-18 00:01:29,2016-08-06 21:23:09
C00022,2016-07-18 00:03:16,2016-11-09 06:30:16
C12127,2016-07-18 00:04:20,2016-09-11 06:09:56
C03463,2016-07-18 00:07:06,2016-12-31 16:28:09
C09979,2016-07-18 00:15:57,2016-07-22 19:35:08
C13391,2016-07-18 00:25:52,2016-07-18 00:25:52
C05341,2016-07-18 00:26:25,2016-12-21 15:24:14
C07660,2016-07-18 00:30:03,2016-12-04 16:14:24
C11255,2016-07-18 00:40:59,2016-11-24 15:26:25
C09108,2016-07-18 00:47:46,2016-11-14 15:32:23
C01362,2016-07-18 00:50:13,2016-07-18 00:50:13
C12033,2016-07-18 00:50:14,2016-12-22 01:47:22
C12159,2016-07-18 00:52:20,2016-12-11 16:16:53
C11426,2016-07-18 00:56:54,2016-11-23 18:32:33
C04467,2016-07-18 00:57:35,2016-12-29 21:03:02
C13108,2016-07-18 01:02:49,2016-07-18 01:02:49
C04280,2016-07-18 01:18:56,2016-11-01 02:22:02
C13000,2016-07-18 01:19:01,2016-12-31 01:03:16
C07721,2016-07-18 01:23:52,2016-12-19 22:03:07
C10241,2016-07-18 01:24:16,2016-07-18 01:24:16
C03562,2016-07-18 01:27:12,2016-07-18 01:27:12
C08291,2016-07-18 01:32:14,2016-12-06 16:12:08
C13457,2016-07-18 01:36:31,2016-07-18 01:36:31
C03053,2016-07-18 01:37:24,2016-12-13 01:29:07
C13297,2016-07-18 01:38:04,2016-12-19 14:44:05
C06508,2016-07-18 01:46:33,2016-07-18 02:02:56
C01685,2016-07-18 01:49:37,2016-12-14 22:56:15
C06323,2016-07-18 01:50:09,2016-12-28 22:25:53
C06783,2016-07-18 01:54:10,2016-12-17 22:21:54
C10071,2016-07-18 02:06:02,2016-12-03 00:01:59
C09150,2016-07-18 02:14:53,2016-11-22 20:39:35
C05787,2016-07-18 02:15:28,2016-12-18 13:48:33
C12487,2016-07-18 02:31:20,2016-12-18 16:57:11
C05040,2016-07-18 02:32:38,2016-11-16 01:31:53
C07865,2016-07-18 02:33:21,2016-12-25 17:14:11
C06573,2016-07-18 02:37:54,2016-10-14 13:20:17
C09414,2016-07-18 02:46:09,2016-10-31 12:22:43
C10070,2016-07-18 02:46:17,2016-09-26 20:12:05
C08119,2016-07-18 02:51:27,2016-12-15 15:07:34
C10872,2016-07-18 02:52:01,2016-07-18 02:52:01
C10530,2016-07-18 02:56:11,2016-07-18 02:56:11
C03396,2016-07-18 02:57:19,2016-07-18 02:57:19
C00755,2016-07-18 03:00:31,2016-07-18 03:00:31
C02013,2016-07-18 03:00:46,2016-07-18 03:00:46
C08946,2016-07-18 03:05:50,2016-08-26 18:42:38
C02640,2016-07-18 03:10:09,2016-08-02 17:24:09
C09563,2016-07-18 03:17:03,2016-12-10 15:34:56
C00044,2016-07-18 03:18:36,2016-12-31 20:49:11
C05232,2016-07-18 03:30:37,2016-07-18 03:30:37
C04028,2016-07-18 03:38:01,2016-12-10 12:26:24
C02401,2016-07-18 03:38:28,2016-07-18 03:38:28
C11065,2016-07-18 03:39:30,2016-12-26 15:44:08
C07256,2016-07-18 03:48:12,2016-12-31 19:50:29
C00345,2016-07-18 03:48:17,2016-11-06 05:54:01
C09144,2016-07-18 03:54:17,2016-07-18 03:54:17
C09355,2016-07-18 03:55:21,2016-11-15 20:35:44
C03806,2016-07-18 04:23:48,2016-09-05 19:21:38
C02298,2016-07-18 04:26:42,2016-08-02 15:17:21
C09033,2016-07-18 04:38:30,2016-08-18 14:11:31
C01430,2016-07-18 04:45:04,2016-12-26 22:19:38
C00017,2016-07-18 04:46:09,2016-12-27 23:38:29
C04720,2016-07-18 05:02:29,2016-07-18 15:25:59
C00689,2016-07-18 05:07:38,2016-07-18 05:07:38
C11175,2016-07-18 05:11:32,2016-08-10 04:40:05
C04104,2016-07-18 05:24:03,2016-07-18 05:25:39
C00832,2016-07-18 05:29:47,2016-12-16 02:39:26
C03750,2016-07-18 05:35:55,2016-12-05 02:40:25
C12801,2016-07-18 05:36:39,2016-12-25 18:37:53
C01919,2016-07-18 05:44:23,2016-12-31 19:51:07
C02722,2016-07-18 05:49:24,2016-12-31 23:39:27
C02822,2016-07-18 05:54:00,2016-12-07 19:09:14
C12811,2016-07-18 05:56:48,2016-11-16 03:13:37
C12843,2016-07-18 07:16:09,2016-07-18 18:17:53
C02237,2016-07-18 07:50:59,2016-12-12 20:45:57
C09926,2016-07-18 08:11:36,2016-07-27 04:46:45
C10672,2016-07-18 08:18:45,2016-12-10 06:46:07
C05512,2016-07-18 09:58:30,2016-10-27 15:09:23
C00443,2016-07-18 12:04:32,2016-12-07 09:53:48
C00706,2016-07-18 12:22:19,2016-09-08 15:18:49
C09157,2016-07-18 12:31:34,2016-11-30 01:19:40
C09172,2016-07-18 12:41:32,2016-12-09 14:18:32
C11354,2016-07-18 12:49:09,2016-12-31 11:48:07
C07240,2016-07-18 13:08:20,2016-07-18 13:08:20
C08619,2016-07-18 13:10:14,2016-11-07 15:34:39
C08340,2016-07-18 13:10:36,2016-07-18 13:10:36
C02317,2016-07-18 13:11:15,2016-09-22 20:20:00
C13093,2016-07-18 14:15:41,2016-07-31 14:49:04
C12500,2016-07-18 14:19:57,2016-07-18 14:28:45
C11466,2016-07-18 14:29:51,2016-12-28 01:43:29
C12870,2016-07-18 14:29:52,2016-12-27 08:53:21
C10897,2016-07-18 14:31:31,2016-11-04 14:28:23
C12371,2016-07-18 14:31:59,2016-07-27 02:33:41
C11885,2016-07-18 14:33:22,2016-12-26 21:12:17
C03720,2016-07-18 14:36:43,2016-12-02 16:49:53
C04591,2016-07-18 14:36:56,2016-10-20 13:30:57
C03751,2016-07-18 14:38:31,2016-11-21 14:39:09
C03292,2016-07-18 14:38:39,2016-12-11 13:31:17
C02684,2016-07-18 14:51:35,2016-08-04 23:52:54
C00504,2016-07-18 14:53:23,2016-12-01 15:22:18
C05679,2016-07-18 14:53:25,2016-11-01 23:29:38
C09596,2016-07-18 14:54:51,2016-12-19 14:31:17
C01997,2016-07-18 14:55:18,2016-12-10 01:05:12
C00093,2016-07-18 15:00:01,2016-11-12 01:56:16
C04010,2016-07-18 15:01:19,2016-12-18 17:55:55
C07605,2016-07-18 15:19:20,2016-10-24 03:56:27
C03949,2016-07-18 15:23:38,2016-10-13 01:27:50
C10144,2016-07-18 15:24:44,2016-08-07 04:17:32
C02699,2016-07-18 15:29:27,2016-11-02 00:54:44
C04977,2016-07-18 15:31:06,2016-08-13 23:53:03
C09614,2016-07-18 15:35:13,2016-07-23 00:51:03
C13281,2016-07-18 15:35:49,2016-12-09 16:47:05
C08767,2016-07-18 15:46:21,2016-07-18 15:46:21
C10690,2016-07-18 15:46:55,2016-11-22 22:11:57
C06423,2016-07-18 15:50:03,2016-07-18 15:50:03
C05472,2016-07-18 15:58:46,2016-12-22 13:32:09
C09558,2016-07-18 16:00:51,2016-08-28 00:43:31
C10147,2016-07-18 16:04:58,2016-09-03 17:29:30
C00295,2016-07-18 16:05:48,2016-10-29 00:19:57
C06645,2016-07-18 16:06:35,2016-11-10 17:59:17
C13300,2016-07-18 16:20:51,2016-07-18 16:20:51
C06980,2016-07-18 16:23:07,2016-10-19 14:26:05
C00130,2016-07-18 16:23:55,2016-07-18 16:23:55
C11524,2016-07-18 16:24:03,2016-07-18 16:43:52
C00529,2016-07-18 16:32:11,2016-12-31 16:08:34
C13248,2016-07-18 16:37:44,2016-10-11 01:12:34
C09167,2016-07-18 16:39:34,2016-08-29 18:22:11
C06223,2016-07-18 16:40:44,2016-12-10 03:27:53
C06735,2016-07-18 16:44:20,2016-11-26 16:35:42
C02939,2016-07-18 16:44:53,2016-11-05 23:28:51
C00641,2016-07-18 16:47:37,2016-10-02 16:17:27
C01658,2016-07-18 16:51:49,2016-07-18 16:51:49
C00002,2016-07-18 16:55:31,2016-07-18 16:55:31
C03565,2016-07-18 16:57:29,2016-09-04 20:09:36
C09043,2016-07-18 17:03:05,2016-12-30 18:14:41
C03364,2016-07-18 17:06:03,2016-07-18 17:06:03
C01121,2016-07-18 17:09:40,2016-12-27 14:33:49
C08697,2016-07-18 17:12:18,2016-12-31 15:01:39
C04618,2016-07-18 17:14:50,2016-12-22 21:26:04
C01149,2016-07-18 17:23:22,2016-08-24 04:06:46
C06087,2016-07-18 17:24:41,2016-10-13 01:14:07
C11822,2016-07-18 17:24:45,2016-08-12 19:18:24
C03947,2016-07-18 17:25:03,2016-12-07 22:08:30
C06330,2016-07-18 17:27:48,2016-11-19 03:46:33
C04735,2016-07-18 17:30:17,2016-07-18 17:30:17
C10026,2016-07-18 17:30:23,2016-12-24 15:39:27
C01466,2016-07-18 17:30:31,2016-12-01 18:54:13
C07515,2016-07-18 17:33:46,2016-11-30 14:28:17
C05653,2016-07-18 17:36:09,2016-12-22 15:09:33
C08332,2016-07-18 17:39:07,2016-09-08 15:13:49
C13160,2016-07-18 17:44:27,2016-12-30 23:26:37
C09737,2016-07-18 17:45:47,2016-12-26 22:21:51
C10133,2016-07-18 17:45:57,2016-12-30 22:53:56
C12715,2016-07-18 17:47:28,2016-07-18 17:47:28
C01905,2016-07-18 17:50:35,2016-11-28 14:28:06
C01473,2016-07-18 17:52:53,2016-11-10 15:22:17
C03220,2016-07-18 17:54:03,2016-07-22 03:56:38
C09677,2016-07-18 17:55:57,2016-07-25 16:23:03
C02594,2016-07-18 17:58:25,2016-07-18 17:58:25
C00228,2016-07-18 17:59:16,2016-09-29 17:39:15
C08068,2016-07-18 18:06:05,2016-11-05 19:20:59
C12342,2016-07-18 18:12:58,2016-07-29 17:07:31
C05094,2016-07-18 18:16:24,2016-12-10 03:21:16
C01751,2016-07-18 18:17:44,2016-12-31 14:46:28
C06408,2016-07-18 18:17:54,2016-08-05 21:48:56
C12918,2016-07-18 18:21:39,2016-07-30 17:04:27
C10359,2016-07-18 18:22:53,2016-12-11 12:15:12
C12264,2016-07-18 18:24:11,2016-08-03 21:40:33
C11375,2016-07-18 18:33:12,2016-12-25 19:15:07
C09703,2016-07-18 18:34:19,2016-11-30 18:25:18
C05281,2016-07-18 18:36:37,2016-12-10 12:08:01
C09788,2016-07-18 18:41:08,2016-12-11 13:29:10
C07596,2016-07-18 18:45:23,2016-07-18 18:45:23
C05750,2016-07-18 18:45:49,2016-12-20 21:50:42
C08981,2016-07-18 18:49:37,2016-09-11 21:57:09
C04824,2016-07-18 18:56:36,2016-11-09 02:44:21
C09626,2016-07-18 19:01:46,2016-12-14 13:36:36
C10024,2016-07-18 19:06:36,2016-11-05 00:07:10
C13082,2016-07-18 19:06:38,2016-11-22 21:09:40
C02269,2016-07-18 19:08:11,2016-10-21 23:57:41
C13335,2016-07-18 19:11:35,2016-11-07 18:38:23
C10858,2016-07-18 19:20:23,2016-12-26 03:18:09
C09453,2016-07-18 19:31:45,2016-10-10 12:49:16
C11700,2016-07-18 19:32:34,2016-10-27 01:49:12
C06420,2016-07-18 19:39:41,2016-12-31 22:14:13
C04327,2016-07-18 19:39:58,2016-12-18 17:53:52
C02490,2016-07-18 19:40:53,2016-12-24 02:56:08
C12339,2016-07-18 19:43:47,2016-11-05 20:42:39
C10412,2016-07-18 19:47:55,2016-11-19 15:09:52
C09636,2016-07-18 19:48:57,2016-12-28 23:07:33
C11790,2016-07-18 19:53:28,2016-11-18 05:17:26
C12493,2016-07-18 19:56:06,2016-12-28 18:38:39
C00282,2016-07-18 20:04:57,2016-07-20 02:58:25
C08421,2016-07-18 20:08:14,2016-07-18 20:08:14
C03682,2016-07-18 20:10:25,2016-12-19 15:39:15
C09768,2016-07-18 20:17:09,2016-09-27 00:19:36
C04056,2016-07-18 20:17:40,2016-10-12 23:50:21
C09835,2016-07-18 20:18:35,2016-12-29 00:24:06
C08469,2016-07-18 20:24:04,2016-07-18 20:24:04
C13179,2016-07-18 20:24:22,2016-07-18 20:24:22
C05930,2016-07-18 20:25:32,2016-11-04 23:34:39
C07176,2016-07-18 20:29:29,2016-10-10 16:07:08
C08272,2016-07-18 20:35:55,2016-10-04 16:39:00
C03502,2016-07-18 20:36:56,2016-07-18 20:36:56
C13375,2016-07-18 20:38:37,2016-11-12 19:35:10
C08213,2016-07-18 20:39:50,2016-09-27 00:21:24
C04790,2016-07-18 20:47:37,2016-07-18 20:47:37
C08131,2016-07-18 20:47:52,2016-08-21 20:57:51
C13357,2016-07-18 20:51:36,2016-07-18 20:51:36
C03782,2016-07-18 20:55:51,2016-12-27 21:43:17
C00114,2016-07-18 21:03:16,2016-08-25 20:35:43
C11799,2016-07-18 21:03:35,2016-11-27 07:35:11
C06628,2016-07-18 21:03:58,2016-07-18 21:03:58
C04934,2016-07-18 21:07:13,2016-07-18 21:07:13
C03371,2016-07-18 21:17:01,2016-07-18 21:17:01
C01807,2016-07-18 21:17:25,2016-07-28 21:29:43
C05933,2016-07-18 21:19:07,2016-09-25 17:34:33
C01388,2016-07-18 21:19:49,2016-11-09 22:25:10
C05420,2016-07-18 21:25:05,2016-07-18 21:25:05
C06981,2016-07-18 21:32:57,2016-12-30 03:08:35
C02761,2016-07-18 21:33:45,2016-11-05 16:28:52
C00833,2016-07-18 21:34:09,2016-11-27 13:05:56
C08002,2016-07-18 21:36:38,2016-12-08 17:42:12
C04471,2016-07-18 21:42:33,2016-10-07 03:24:06
C04760,2016-07-18 21:44:08,2016-07-21 15:48:14
C01028,2016-07-18 21:52:11,2016-12-21 19:50:42
C08645,2016-07-18 21:56:04,2016-10-17 17:59:05
C01851,2016-07-18 21:58:27,2016-11-29 21:58:31
C10996,2016-07-18 22:09:32,2016-12-30 05:04:59
C02749,2016-07-18 22:16:28,2016-11-03 14:38:38
C05620,2016-07-18 22:17:27,2016-12-30 20:06:24
C07075,2016-07-18 22:20:26,2016-07-22 02:16:14
C07657,2016-07-18 22:22:19,2016-12-21 20:09:26
C07044,2016-07-18 22:22:54,2016-09-04 02:05:19
C13374,2016-07-18 22:28:23,2016-12-17 16:15:44
C00954,2016-07-18 22:43:27,2016-10-10 18:26:34
C02306,2016-07-18 22:45:16,2016-12-15 18:09:48
C13438,2016-07-18 22:47:57,2016-07-18 22:47:57
C12544,2016-07-18 22:48:23,2016-12-26 22:57:19
C10012,2016-07-18 22:51:12,2016-12-31 20:16:24
C12890,2016-07-18 22:53:46,2016-12-28 00:04:19
C00559,2016-07-18 22:54:09,2016-12-03 16:55:15
C00524,2016-07-18 22:55:47,2016-11-21 21:56:00
C08582,2016-07-18 22:55:58,2016-07-18 22:55:58
C01276,2016-07-18 23:02:26,2016-12-22 19:48:28
C09915,2016-07-18 23:03:09,2016-10-12 16:17:37
C02242,2016-07-18 23:03:31,2016-07-18 23:03:31
C02357,2016-07-18 23:05:54,2016-07-18 23:05:54
C03091,2016-07-18 23:07:58,2016-12-22 16:58:29
C05456,2016-07-18 23:08:40,2016-07-18 23:08:40
C10448,2016-07-18 23:11:08,2016-12-28 16:15:24
C09994,2016-07-18 23:14:17,2016-07-18 23:14:17
C04167,2016-07-18 23:19:22,2016-12-11 16:07:39
C05411,2016-07-18 23:20:28,2016-12-13 15:23:54
C10165,2016-07-18 23:33:02,2016-12-27 04:07:37
C11904,2016-07-18 23:38:59,2016-12-22 19:45:37
C05837,2016-07-18 23:40:22,2016-07-18 23:40:22
C01918,2016-07-18 23:43:26,2016-11-30 00:28:43
C00178,2016-07-18 23:51:08,2016-11-30 14:49:00
C08415,2016-07-18 23:56:38,2016-07-18 23:56:38
C08579,2016-07-18 23:57:17,2016-07-18 23:57:17
C00525,2016-07-19 00:00:41,2016-12-28 17:09:41
C01017,2016-07-19 00:01:45,2016-11-17 20:02:12
C04402,2016-07-19 00:05:24,2016-12-27 18:56:17
C06290,2016-07-19 00:06:50,2016-08-31 17:28:04
C13491,2016-07-19 00:07:28,2016-12-03 22:45:48
C10184,2016-07-19 00:16:08,2016-12-30 03:54:56
C09314,2016-07-19 00:18:53,2016-12-27 18:25:18
C07968,2016-07-19 00:23:10,2016-09-20 22:42:54
C03203,2016-07-19 00:23:49,2016-12-21 01:03:49
C06815,2016-07-19 00:24:25,2016-11-24 20:58:52
C08904,2016-07-19 00:28:06,2016-07-21 12:53:51
C11690,2016-07-19 00:28:47,2016-12-31 21:23:26
C10776,2016-07-19 00:29:36,2016-12-25 15:55:06
C08424,2016-07-19 00:30:44,2016-07-19 00:30:44
C05925,2016-07-19 00:46:44,2016-12-24 18:35:14
C10185,2016-07-19 00:55:21,2016-07-19 00:55:21
C10345,2016-07-19 01:00:20,2016-09-04 00:08:43
C01714,2016-07-19 01:01:22,2016-07-19 01:01:22
C05330,2016-07-19 01:05:22,2016-12-21 21:02:24
C06337,2016-07-19 01:05:29,2016-12-21 22:59:54
C00612,2016-07-19 01:10:23,2016-07-19 01:10:23
C11910,2016-07-19 01:11:23,2016-07-19 01:33:39
C07461,2016-07-19 01:11:52,2016-12-30 19:09:20
C07823,2016-07-19 01:13:42,2016-07-19 01:13:42
C11862,2016-07-19 01:19:08,2016-12-21 19:26:19
C05572,2016-07-19 01:25:35,2016-12-23 16:11:42
C10548,2016-07-19 01:30:15,2016-07-20 03:49:44
C01389,2016-07-19 01:35:53,2016-10-14 19:58:57
C08372,2016-07-19 01:39:47,2016-12-13 20:33:21
C12055,2016-07-19 01:40:42,2016-07-19 01:40:42
C10387,2016-07-19 01:45:18,2016-10-09 19:04:54
C00591,2016-07-19 01:51:14,2016-12-25 14:31:32
C04698,2016-07-19 01:53:17,2016-12-13 14:11:21
C12250,2016-07-19 02:13:38,2016-08-16 21:57:13
C00360,2016-07-19 02:14:20,2016-12-27 21:10:39
C13144,2016-07-19 02:21:04,2016-07-19 02:21:04
C08490,2016-07-19 02:23:14,2016-08-31 16:47:41
C11627,2016-07-19 02:23:52,2016-12-29 03:16:09
C03434,2016-07-19 02:25:10,2016-12-04 21:49:56
C09850,2016-07-19 02:27:47,2016-12-27 14:48:17
C03552,2016-07-19 02:29:37,2016-12-11 18:30:27
C01621,2016-07-19 02:36:42,2016-12-27 23:22:38
C03267,2016-07-19 02:47:01,2016-12-19 21:39:24
C11801,2016-07-19 02:48:30,2016-11-11 18:41:21
C05946,2016-07-19 02:50:02,2016-07-24 12:50:40
C06370,2016-07-19 02:52:05,2016-12-20 02:25:10
C01283,2016-07-19 02:56:17,2016-10-01 17:14:50
C01862,2016-07-19 03:00:02,2016-11-10 22:39:55
C01287,2016-07-19 03:09:01,2016-12-24 15:05:10
C04605,2016-07-19 03:13:01,2016-07-19 03:13:01
C03954,2016-07-19 03:30:21,2016-11-25 19:05:56
C01184,2016-07-19 03:33:32,2016-10-07 03:49:15
C13199,2016-07-19 04:06:47,2016-12-29 13:27:54
C02956,2016-07-19 04:37:11,2016-07-19 18:17:02
C02057,2016-07-19 04:54:28,2016-12-22 14:42:29
C08593,2016-07-19 04:57:14,2016-12-21 13:45:34
C09899,2016-07-19 05:07:35,2016-12-09 14:34:23
C05197,2016-07-19 06:47:43,2016-07-19 06:47:43
C07905,2016-07-19 07:21:42,2016-07-19 07:21:42
C07379,2016-07-19 09:49:54,2016-07-19 09:51:46
C02082,2016-07-19 11:25:03,2016-11-19 02:08:45
C00400,2016-07-19 13:28:44,2016-12-13 15:08:38
C10616,2016-07-19 13:35:33,2016-07-19 13:47:37
C07844,2016-07-19 13:36:40,2016-09-02 17:12:10
C03483,2016-07-19 13:36:50,2016-07-19 13:43:39
C11055,2016-07-19 13:37:13,2016-10-27 13:11:33
C11992,2016-07-19 13:43:05,2016-12-24 18:47:35
C10381,2016-07-19 13:49:03,2016-11-10 16:52:27
C03743,2016-07-19 13:52:49,2016-07-19 13:52:49
C02587,2016-07-19 13:53:51,2016-12-06 13:27:11
C13436,2016-07-19 14:00:28,2016-11-22 18:42:30
C01904,2016-07-19 14:03:28,2016-11-15 17:52:35
C09424,2016-07-19 14:04:52,2016-10-28 01:09:06
C10774,2016-07-19 14:05:03,2016-12-22 02:51:54
C07897,2016-07-19 14:07:24,2016-12-08 21:09:51
C08246,2016-07-19 14:08:14,2016-12-11 21:00:42
C00403,2016-07-19 14:09:28,2016-08-15 20:34:44
C02539,2016-07-19 14:15:01,2016-11-28 12:36:19
C04899,2016-07-19 14:21:38,2016-12-07 23:33:18
C00104,2016-07-19 14:45:00,2016-10-07 22:53:45
C07483,2016-07-19 14:49:05,2016-08-01 12:28:21
C04838,2016-07-19 14:50:07,2016-08-23 22:05:35
C03494,2016-07-19 14:56:12,2016-11-25 16:01:42
C04080,2016-07-19 14:57:58,2016-12-31 22:12:52
C12912,2016-07-19 15:00:11,2016-11-05 20:39:05
C01815,2016-07-19 15:04:12,2016-10-29 13:27:16
C07320,2016-07-19 15:04:56,2016-12-23 19:15:38
C11749,2016-07-19 15:10:05,2016-11-05 23:10:26
C06565,2016-07-19 15:11:11,2016-12-30 16:32:08
C03343,2016-07-19 15:17:29,2016-11-25 13:30:37
C03716,2016-07-19 15:24:49,2016-07-19 15:24:49
C03934,2016-07-19 15:25:30,2016-07-19 15:25:30
C09473,2016-07-19 15:26:05,2016-12-31 15:06:50
C12552,2016-07-19 15:27:26,2016-11-27 10:59:04
C11252,2016-07-19 15:31:43,2016-12-11 13:48:40
C05559,2016-07-19 15:34:15,2016-12-26 21:54:45
C11828,2016-07-19 15:34:40,2016-07-19 15:34:40
C06240,2016-07-19 15:39:37,2016-12-25 16:07:55
C02432,2016-07-19 15:41:22,2016-09-17 16:45:36
C08688,2016-07-19 15:48:58,2016-11-03 16:52:54
C07563,2016-07-19 15:50:23,2016-12-26 00:19:28
C05617,2016-07-19 15:51:30,2016-10-07 02:04:22
C08354,2016-07-19 15:54:07,2016-12-12 07:21:08
C01790,2016-07-19 15:56:01,2016-12-30 20:01:36
C07635,2016-07-19 15:59:11,2016-12-25 19:59:37
C06110,2016-07-19 16:02:18,2016-11-24 04:27:25
C07662,2016-07-19 16:03:37,2016-08-18 19:04:43
C05726,2016-07-19 16:07:30,2016-12-25 03:13:17
C08912,2016-07-19 16:08:16,2016-07-19 16:08:16
C09779,2016-07-19 16:10:11,2016-10-29 20:00:33
C08296,2016-07-19 16:13:31,2016-12-16 10:36:45
C10346,2016-07-19 16:14:55,2016-12-09 12:43:50
C10908,2016-07-19 16:24:27,2016-07-28 19:20:06
C11514,2016-07-19 16:26:00,2016-11-23 22:14:15
C07314,2016-07-19 16:35:37,2016-12-30 20:11:29
C13236,2016-07-19 16:37:24,2016-12-23 17:27:24
C08590,2016-07-19 16:38:51,2016-09-06 14:36:56
C12804,2016-07-19 16:43:41,2016-12-08 00:39:15
C07131,2016-07-19 16:46:37,2016-07-19 16:46:37
C02232,2016-07-19 16:48:13,2016-07-19 17:06:32
C08084,2016-07-19 16:48:46,2016-12-07 20:18:07
C12812,2016-07-19 16:51:33,2016-11-29 17:03:08
C03270,2016-07-19 16:53:11,2016-12-31 01:44:33
C03607,2016-07-19 16:53:39,2016-12-08 01:45:18
C06603,2016-07-19 17:01:28,2016-07-19 17:01:28
C07378,2016-07-19 17:02:17,2016-07-22 17:51:10
C03680,2016-07-19 17:02:23,2016-07-19 17:17:51
C02862,2016-07-19 17:02:28,2016-12-22 21:48:02
C00493,2016-07-19 17:03:33,2016-09-27 18:58:35
C04330,2016-07-19 17:04:28,2016-09-14 00:07:13
C07792,2016-07-19 17:07:09,2016-12-26 16:21:24
C00396,2016-07-19 17:09:50,2016-12-03 20:52:09
C08656,2016-07-19 17:11:32,2016-12-18 16:58:26
C06001,2016-07-19 17:19:55,2016-12-23 18:06:22
C11269,2016-07-19 17:24:45,2016-12-15 17:03:49
C06213,2016-07-19 17:25:17,2016-12-18 23:54:22
C05535,2016-07-19 17:28:40,2016-12-24 05:25:48
C09967,2016-07-19 17:44:34,2016-07-19 17:44:34
C02412,2016-07-19 17:45:13,2016-12-28 12:39:40
C07258,2016-07-19 17:48:01,2016-11-06 21:13:20
C05132,2016-07-19 17:48:10,2016-07-19 17:48:10
C05965,2016-07-19 17:49:10,2016-12-23 21:35:14
C08065,2016-07-19 17:50:09,2016-08-04 21:45:48
C02947,2016-07-19 17:50:42,2016-09-09 16:07:32
C08006,2016-07-19 17:51:30,2016-12-19 17:54:23
C02493,2016-07-19 18:02:02,2016-12-17 17:34:26
C13099,2016-07-19 18:03:02,2016-12-18 21:21:20
C04247,2016-07-19 18:12:28,2016-07-19 18:12:28
C06496,2016-07-19 18:12:31,2016-11-08 23:44:03
C04511,2016-07-19 18:27:45,2016-07-30 20:28:48
C04749,2016-07-19 18:29:55,2016-12-11 23:24:44
C06461,2016-07-19 18:30:53,2016-11-08 18:41:33
C05780,2016-07-19 18:31:03,2016-07-19 18:37:31
C12705,2016-07-19 18:42:57,2016-12-31 04:41:04
C05052,2016-07-19 19:03:59,2016-12-31 19:02:22
C06049,2016-07-19 19:04:32,2016-12-22 12:41:04
C13336,2016-07-19 19:09:48,2016-12-05 23:13:48
C09244,2016-07-19 19:11:54,2016-07-19 19:11:54
C08584,2016-07-19 19:13:14,2016-12-26 15:17:08
C05785,2016-07-19 19:19:19,2016-11-07 14:20:30
C05889,2016-07-19 19:26:26,2016-07-19 19:26:26
C10771,2016-07-19 19:31:22,2016-11-20 02:36:47
C11804,2016-07-19 19:32:24,2016-12-11 19:46:59
C08833,2016-07-19 19:33:56,2016-12-22 18:48:21
C00549,2016-07-19 19:34:20,2016-11-21 22:26:13
C13200,2016-07-19 19:35:09,2016-12-09 22:14:44
C04783,2016-07-19 19:40:01,2016-08-17 21:21:39
C08870,2016-07-19 19:42:45,2016-12-28 23:55:51
C09798,2016-07-19 19:44:50,2016-07-19 19:44:50
C09752,2016-07-19 19:46:49,2016-12-08 21:37:28
C10888,2016-07-19 19:56:47,2016-12-26 00:58:07
C02255,2016-07-19 20:01:31,2016-10-20 17:24:42
C06754,2016-07-19 20:06:09,2016-07-19 20:06:09
C09006,2016-07-19 20:09:31,2016-10-05 17:11:29
C07263,2016-07-19 20:11:11,2016-07-19 20:11:11
C13316,2016-07-19 20:23:58,2016-12-14 01:35:18
C03275,2016-07-19 20:27:10,2016-12-21 17:45:08
C01373,2016-07-19 20:32:04,2016-07-19 20:32:04
C12365,2016-07-19 20:35:25,2016-12-25 14:01:12
C12338,2016-07-19 20:42:23,2016-12-21 15:01:38
C01142,2016-07-19 20:45:19,2016-12-17 13:16:24
C07779,2016-07-19 20:51:30,2016-12-27 15:13:42
C10741,2016-07-19 21:05:42,2016-10-13 18:00:11
C08290,2016-07-19 21:08:46,2016-12-12 00:44:19
C04375,2016-07-19 21:12:50,2016-07-19 21:12:50
C07478,2016-07-19 21:14:05,2016-07-24 18:17:39
C02909,2016-07-19 21:14:51,2016-10-22 02:58:08
C07060,2016-07-19 21:22:59,2016-09-04 15:10:16
C03600,2016-07-19 21:27:33,2016-12-14 16:19:23
C09574,2016-07-19 21:29:22,2016-12-23 01:36:29
C07979,2016-07-19 21:40:32,2016-07-26 23:55:43
C01212,2016-07-19 21:40:34,2016-07-27 15:10:09
C06952,2016-07-19 22:03:41,2016-12-27 15:45:19
C09220,2016-07-19 22:18:02,2016-07-19 22:18:02
C07236,2016-07-19 22:28:14,2016-12-15 22:31:37
C13325,2016-07-19 22:33:21,2016-07-19 22:33:21
C04858,2016-07-19 22:33:35,2016-12-27 01:30:29
C08244,2016-07-19 22:33:58,2016-11-13 22:42:23
C05716,2016-07-19 22:34:31,2016-07-19 22:34:31
C05494,2016-07-19 22:34:39,2016-07-19 22:34:39
C03596,2016-07-19 22:42:26,2016-11-18 21:48:40
C07697,2016-07-19 22:45:50,2016-07-19 22:45:50
C02475,2016-07-19 22:46:40,2016-12-27 15:07:50
C06478,2016-07-19 22:53:14,2016-11-26 14:05:15
C03758,2016-07-19 22:57:15,2016-07-19 22:57:15
C12149,2016-07-19 23:00:13,2016-07-19 23:00:13
C05082,2016-07-19 23:03:16,2016-07-19 23:03:16
C10435,2016-07-19 23:03:38,2016-07-19 23:03:38
C06445,2016-07-19 23:09:46,2016-10-22 02:38:47
C03467,2016-07-19 23:25:23,2016-11-14 20:17:22
C05148,2016-07-19 23:27:30,2016-12-13 20:55:40
C01078,2016-07-19 23:40:39,2016-11-27 19:32:34
C11612,2016-07-19 23:46:54,2016-12-21 15:30:17
C13501,2016-07-19 23:47:29,2016-07-20 01:48:03
C01231,2016-07-20 00:01:17,2016-12-22 21:11:50
C12941,2016-07-20 00:03:33,2016-12-30 03:16:02
C02693,2016-07-20 00:30:15,2016-10-26 21:54:41
C07910,2016-07-20 00:30:58,2016-12-23 13:03:10
C04295,2016-07-20 00:38:59,2016-11-18 17:01:51
C02946,2016-07-20 00:39:18,2016-12-31 18:17:26
C01174,2016-07-20 00:44:20,2016-09-26 21:08:10
C04580,2016-07-20 00:47:02,2016-07-30 00:33:26
C07837,2016-07-20 00:47:16,2016-09-12 18:13:32
C03000,2016-07-20 01:02:29,2016-12-31 18:45:36
C01502,2016-07-20 01:08:04,2016-12-26 13:45:28
C11007,2016-07-20 01:24:19,2016-12-12 18:07:42
C03810,2016-07-20 01:29:12,2016-07-20 01:29:12
C11810,2016-07-20 01:37:22,2016-12-17 13:00:40
C07303,2016-07-20 01:43:42,2016-08-13 19:30:28
C04449,2016-07-20 01:47:04,2016-11-25 22:47:40
C02436,2016-07-20 01:48:00,2016-07-20 01:48:00
C10212,2016-07-20 02:02:49,2016-12-22 00:02:24
C11475,2016-07-20 02:03:49,2016-12-26 23:16:45
C02158,2016-07-20 02:04:28,2016-11-30 19:38:37
C04213,2016-07-20 02:05:45,2016-07-20 02:05:45
C07521,2016-07-20 02:09:21,2016-07-20 14:20:21
C06086,2016-07-20 02:10:41,2016-07-20 02:10:41
C11331,2016-07-20 02:17:55,2016-12-23 22:26:58
C05778,2016-07-20 02:20:14,2016-11-23 02:50:13
C05992,2016-07-20 02:25:14,2016-11-11 01:23:24
C02619,2016-07-20 02:42:58,2016-12-28 17:50:57
C09950,2016-07-20 02:50:23,2016-12-25 00:41:21
C10588,2016-07-20 02:51:32,2016-08-10 02:24:03
C11390,2016-07-20 02:59:33,2016-07-20 02:59:33
C12590,2016-07-20 03:05:33,2016-10-15 23:26:07
C05248,2016-07-20 03:09:21,2016-10-27 19:07:36
C01451,2016-07-20 03:11:43,2016-11-23 23:24:54
C01414,2016-07-20 03:15:20,2016-12-29 16:03:31
C12507,2016-07-20 03:18:37,2016-11-14 04:05:08
C07775,2016-07-20 03:20:39,2016-11-11 14:57:13
C01611,2016-07-20 03:24:48,2016-07-20 03:24:48
C07826,2016-07-20 03:36:21,2016-12-06 01:41:29
C01834,2016-07-20 03:43:34,2016-07-20 03:43:34
C07959,2016-07-20 03:50:20,2016-07-23 15:33:34
C01334,2016-07-20 04:10:26,2016-11-24 22:48:02
C02096,2016-07-20 04:11:37,2016-09-29 20:59:22
C01850,2016-07-20 04:16:17,2016-10-11 11:44:46
C10453,2016-07-20 04:44:35,2016-07-20 04:44:35
C04890,2016-07-20 05:01:36,2016-09-01 17:27:29
C00200,2016-07-20 05:08:50,2016-12-27 15:49:08
C03501,2016-07-20 05:23:54,2016-07-23 02:51:44
C04411,2016-07-20 05:26:21,2016-12-31 12:57:37
C02774,2016-07-20 05:32:40,2016-09-17 19:37:48
C06367,2016-07-20 05:35:53,2016-12-29 04:03:14
C11397,2016-07-20 05:41:50,2016-07-29 15:47:55
C11118,2016-07-20 05:55:00,2016-07-20 05:55:00
C05709,2016-07-20 06:02:35,2016-12-31 17:55:11
C09508,2016-07-20 06:08:32,2016-12-28 17:27:53
C06165,2016-07-20 06:12:09,2016-11-29 21:24:35
C12648,2016-07-20 06:19:26,2016-08-27 02:14:28
C03702,2016-07-20 07:45:07,2016-12-16 15:46:18
C13189,2016-07-20 08:03:20,2016-07-20 08:03:20
C13338,2016-07-20 08:19:13,2016-12-23 22:30:06
C13193,2016-07-20 10:04:20,2016-11-18 04:08:51
C04101,2016-07-20 11:22:34,2016-11-08 12:19:23
C02356,2016-07-20 11:35:15,2016-10-21 18:57:08
C11586,2016-07-20 11:37:53,2016-07-24 19:47:37
C08929,2016-07-20 12:12:14,2016-09-03 17:30:48
C13019,2016-07-20 12:21:10,2016-12-30 13:24:32
C02244,2016-07-20 12:47:49,2016-07-20 12:47:49
C09882,2016-07-20 13:01:55,2016-08-29 02:18:46
C10566,2016-07-20 13:17:39,2016-10-18 19:42:30
C00976,2016-07-20 13:19:49,2016-07-20 13:19:49
C07101,2016-07-20 13:25:39,2016-08-15 13:29:23
C01180,2016-07-20 13:40:08,2016-12-26 14:51:15
C03003,2016-07-20 13:49:45,2016-07-20 13:49:45
C01874,2016-07-20 13:49:46,2016-10-07 23:13:21
C11630,2016-07-20 13:50:07,2016-07-20 13:50:07
C08728,2016-07-20 13:55:41,2016-07-20 13:55:41
C05832,2016-07-20 13:56:57,2016-12-30 12:28:21
C02508,2016-07-20 13:58:09,2016-12-07 13:22:20
C01025,2016-07-20 13:58:44,2016-08-08 13:18:37
C02827,2016-07-20 14:25:15,2016-07-22 17:42:32
C12279,2016-07-20 14:28:51,2016-12-11 22:13:37
C09507,2016-07-20 14:31:01,2016-12-18 19:32:46
C06371,2016-07-20 14:40:36,2016-12-06 15:25:23
C05543,2016-07-20 14:44:01,2016-07-20 14:44:01
C05080,2016-07-20 14:46:50,2016-12-31 02:28:52
C07094,2016-07-20 14:50:59,2016-12-05 19:03:26
C06470,2016-07-20 14:52:31,2016-07-20 14:52:31
C12823,2016-07-20 14:53:19,2016-12-25 17:40:35
C12673,2016-07-20 15:07:17,2016-07-20 15:07:17
C00870,2016-07-20 15:08:01,2016-07-20 15:08:01
C10813,2016-07-20 15:10:26,2016-07-20 15:10:26
C08738,2016-07-20 15:13:32,2016-07-20 15:13:32
C01330,2016-07-20 15:13:59,2016-12-12 16:12:25
C11236,2016-07-20 15:17:17,2016-07-23 13:51:47
C02940,2016-07-20 15:20:23,2016-10-22 12:39:37
C01447,2016-07-20 15:22:21,2016-07-20 15:22:21
C13480,2016-07-20 15:22:53,2016-11-22 20:52:38
C00610,2016-07-20 15:26:12,2016-07-20 15:26:12
C13539,2016-07-20 15:29:18,2016-12-16 01:37:59
C05174,2016-07-20 15:29:20,2016-09-29 21:25:19
C11575,2016-07-20 15:39:47,2016-12-30 17:15:46
C03403,2016-07-20 15:42:41,2016-12-06 13:52:57
C10542,2016-07-20 15:44:28,2016-11-30 20:24:22
C10331,2016-07-20 15:54:38,2016-11-08 17:30:53
C07321,2016-07-20 15:57:19,2016-11-18 14:31:49
C08176,2016-07-20 16:04:24,2016-07-20 16:04:24
C07852,2016-07-20 16:14:48,2016-07-26 05:50:41
C12944,2016-07-20 16:15:35,2016-12-20 17:21:21
C06255,2016-07-20 16:19:39,2016-08-19 17:17:09
C09349,2016-07-20 16:21:52,2016-11-30 02:28:16
C03770,2016-07-20 16:22:03,2016-08-15 15:13:24
C09860,2016-07-20 16:25:24,2016-07-20 16:25:24
C10878,2016-07-20 16:32:05,2016-07-20 16:37:12
C10631,2016-07-20 16:44:13,2016-12-13 22:55:16
C13087,2016-07-20 16:45:07,2016-12-14 17:52:12
C04901,2016-07-20 16:50:35,2016-11-09 16:58:00
C08789,2016-07-20 16:53:11,2016-10-11 22:08:07
C09897,2016-07-20 16:57:50,2016-12-22 15:36:52
C00167,2016-07-20 16:58:44,2016-12-07 00:04:31
C07242,2016-07-20 17:04:07,2016-12-07 16:29:04
C12053,2016-07-20 17:04:34,2016-11-24 17:57:13
C12429,2016-07-20 17:04:34,2016-12-18 02:53:42
C00702,2016-07-20 17:08:41,2016-11-11 18:26:30
C00171,2016-07-20 17:17:01,2016-10-04 19:57:12
C08283,2016-07-20 17:20:47,2016-07-22 19:05:03
C10495,2016-07-20 17:25:01,2016-11-22 16:41:57
C10942,2016-07-20 17:27:42,2016-11-02 14:06:19
C03643,2016-07-20 17:32:42,2016-10-21 23:08:59
C09805,2016-07-20 17:37:15,2016-10-19 19:20:08
C10517,2016-07-20 17:40:15,2016-07-20 17:40:15
C04781,2016-07-20 17:40:43,2016-07-24 02:48:33
C06846,2016-07-20 17:42:25,2016-12-31 00:03:06
C12911,2016-07-20 17:44:17,2016-12-05 19:50:58
C08014,2016-07-20 17:48:19,2016-12-09 18:32:35
C05809,2016-07-20 17:50:17,2016-12-07 14:29:14
C10243,2016-07-20 17:54:11,2016-10-04 15:46:58
C02615,2016-07-20 18:07:49,2016-09-11 01:58:13
C03737,2016-07-20 18:09:41,2016-07-20 18:09:41
C11322,2016-07-20 18:20:09,2016-09-19 02:13:56
C06145,2016-07-20 18:21:07,2016-07-20 18:21:07
C06838,2016-07-20 18:25:46,2016-07-20 18:25:46
C07252,2016-07-20 18:30:22,2016-07-20 18:30:22
C09048,2016-07-20 18:32:12,2016-08-20 16:55:07
C09576,2016-07-20 18:33:46,2016-12-17 16:13:08
C05843,2016-07-20 18:40:25,2016-08-29 20:31:00
C06512,2016-07-20 18:40:42,2016-12-14 03:52:44
C06211,2016-07-20 18:41:02,2016-07-20 18:41:02
C07933,2016-07-20 18:47:41,2016-07-20 18:47:41
C08005,2016-07-20 18:49:17,2016-07-20 18:49:17
C11004,2016-07-20 18:50:20,2016-12-22 20:09:52
C09956,2016-07-20 18:54:39,2016-12-15 20:13:33
C00632,2016-07-20 19:03:17,2016-07-20 19:03:17
C11034,2016-07-20 19:06:32,2016-08-05 22:54:57
C00258,2016-07-20 19:08:11,2016-11-29 02:37:08
C11684,2016-07-20 19:16:54,2016-09-16 16:53:42
C07666,2016-07-20 19:17:08,2016-12-29 22:02:25
C01940,2016-07-20 19:26:29,2016-12-15 13:32:20
C00435,2016-07-20 19:26:50,2016-09-14 15:55:10
C13341,2016-07-20 19:26:51,2016-12-31 15:52:36
C05068,2016-07-20 19:27:53,2016-07-20 19:27:53
C11532,2016-07-20 19:29:31,2016-12-06 03:12:21
C01746,2016-07-20 19:37:26,2016-07-20 19:42:25
C01944,2016-07-20 19:40:22,2016-07-20 19:40:22
C01094,2016-07-20 19:43:49,2016-07-20 19:43:49
C04616,2016-07-20 19:45:13,2016-12-31 23:49:47
C03077,2016-07-20 19:45:54,2016-07-20 19:45:54
C02852,2016-07-20 19:47:16,2016-08-18 18:10:30
C03037,2016-07-20 19:54:51,2016-07-20 19:54:51
C12945,2016-07-20 19:56:55,2016-07-20 19:56:55
C06563,2016-07-20 20:01:20,2016-12-14 19:27:10
C01958,2016-07-20 20:01:55,2016-10-26 02:49:26
C11606,2016-07-20 20:04:48,2016-12-12 15:38:10
C13453,2016-07-20 20:05:27,2016-07-20 20:20:33
C03888,2016-07-20 20:06:15,2016-09-27 00:49:41
C09050,2016-07-20 20:09:21,2016-12-05 00:00:24
C01033,2016-07-20 20:11:55,2016-12-27 15:14:18
C09099,2016-07-20 20:12:01,2016-12-15 16:22:49
C04129,2016-07-20 20:16:39,2016-09-30 19:43:24
C04409,2016-07-20 20:21:02,2016-12-21 15:55:38
C06151,2016-07-20 20:23:46,2016-10-16 14:42:25
C02130,2016-07-20 20:25:12,2016-07-20 20:54:14
C11762,2016-07-20 20:26:57,2016-12-20 23:38:14
C05922,2016-07-20 20:29:45,2016-12-31 02:01:11
C10285,2016-07-20 20:34:24,2016-10-16 01:03:22
C04460,2016-07-20 20:45:08,2016-07-20 20:45:08
C06862,2016-07-20 20:45:30,2016-12-28 00:08:39
C01156,2016-07-20 20:46:36,2016-07-20 20:46:36
C08855,2016-07-20 20:46:53,2016-12-07 15:27:34
C03950,2016-07-20 20:54:50,2016-11-05 12:35:33
C07593,2016-07-20 20:56:48,2016-12-28 01:33:02
C02366,2016-07-20 20:57:06,2016-12-29 21:06:01
C00277,2016-07-20 20:58:22,2016-07-20 20:58:22
C07412,2016-07-20 21:04:25,2016-11-19 23:36:13
C06380,2016-07-20 21:04:38,2016-10-26 18:13:26
C00132,2016-07-20 21:08:27,2016-12-15 17:19:48
C09638,2016-07-20 21:12:37,2016-10-24 16:50:16
C11688,2016-07-20 21:17:52,2016-07-21 01:41:31
C03020,2016-07-20 21:25:15,2016-07-20 21:25:15
C13274,2016-07-20 21:33:57,2016-12-24 17:43:46
C01348,2016-07-20 21:34:08,2016-12-27 20:43:39
C12369,2016-07-20 21:37:08,2016-12-02 16:24:32
C08001,2016-07-20 21:37:17,2016-12-29 16:35:28
C08044,2016-07-20 21:37:20,2016-12-27 10:13:31
C05450,2016-07-20 21:47:28,2016-11-09 21:45:27
C02942,2016-07-20 21:48:16,2016-10-27 19:50:41
C12203,2016-07-20 21:52:05,2016-08-02 21:42:59
C03214,2016-07-20 21:54:31,2016-10-07 20:52:06
C02627,2016-07-20 21:55:54,2016-11-12 14:30:57
C01076,2016-07-20 21:56:43,2016-07-20 21:56:43
C00134,2016-07-20 21:58:35,2016-10-03 08:31:37
C13181,2016-07-20 22:05:14,2016-09-27 04:56:44
C02755,2016-07-20 22:11:07,2016-08-24 22:06:10
C03001,2016-07-20 22:12:43,2016-07-20 22:12:43
C08251,2016-07-20 22:14:43,2016-08-01 14:48:30
C11497,2016-07-20 22:16:06,2016-07-20 22:16:06
C06837,2016-07-20 22:16:33,2016-08-21 02:32:08
C06133,2016-07-20 22:25:36,2016-11-07 15:51:13
C05685,2016-07-20 22:29:48,2016-11-27 20:51:00
C05776,2016-07-20 22:30:03,2016-11-01 13:03:41
C00665,2016-07-20 22:30:34,2016-07-30 04:21:49
C01513,2016-07-20 22:35:00,2016-09-27 00:29:42
C07367,2016-07-20 22:37:43,2016-12-09 03:04:39
C13494,2016-07-20 22:41:17,2016-12-17 19:51:44
C06432,2016-07-20 22:44:05,2016-11-08 20:09:40
C04649,2016-07-20 22:49:54,2016-08-05 21:11:01
C11635,2016-07-20 22:52:09,2016-09-04 03:31:31
C03635,2016-07-20 23:04:04,2016-07-20 23:04:04
C03258,2016-07-20 23:23:02,2016-11-19 00:47:23
C08821,2016-07-20 23:30:33,2016-07-26 17:07:09
C06051,2016-07-20 23:34:06,2016-07-20 23:34:06
C04743,2016-07-20 23:34:46,2016-12-31 18:58:09
C09644,2016-07-20 23:37:41,2016-11-16 01:12:25
C00866,2016-07-20 23:38:52,2016-12-03 00:46:59
C12538,2016-07-20 23:57:32,2016-12-26 17:27:44
C05336,2016-07-20 23:58:58,2016-10-06 22:18:09
C11348,2016-07-21 00:03:43,2016-12-10 13:48:17
C08035,2016-07-21 00:12:31,2016-08-15 18:25:04
C03472,2016-07-21 00:12:35,2016-07-21 00:12:35
C07507,2016-07-21 00:18:59,2016-07-21 00:18:59
C00737,2016-07-21 00:19:41,2016-07-21 00:19:41
C06239,2016-07-21 00:25:31,2016-09-18 20:38:18
C12806,2016-07-21 00:46:24,2016-11-27 13:40:46
C07950,2016-07-21 00:49:08,2016-12-11 17:20:26
C06129,2016-07-21 00:52:07,2016-12-04 03:30:39
C07907,2016-07-21 00:56:38,2016-08-18 20:33:11
C03452,2016-07-21 01:07:48,2016-10-23 19:38:55
C10190,2016-07-21 01:12:26,2016-12-12 14:51:20
C05521,2016-07-21 01:12:56,2016-07-22 23:44:11
C00878,2016-07-21 01:21:19,2016-07-21 01:21:19
C06750,2016-07-21 01:26:57,2016-10-02 23:17:14
C03578,2016-07-21 01:37:54,2016-08-07 01:05:55
C12837,2016-07-21 01:44:35,2016-07-31 19:22:28
C02501,2016-07-21 01:45:08,2016-12-15 17:01:45
C05305,2016-07-21 01:47:38,2016-11-19 22:55:31
C02797,2016-07-21 01:52:51,2016-12-21 18:48:59
C05807,2016-07-21 01:56:10,2016-12-11 22:58:53
C02739,2016-07-21 01:59:51,2016-12-23 02:05:28
C12872,2016-07-21 02:00:14,2016-12-06 23:15:20
C02853,2016-07-21 02:05:50,2016-12-17 00:38:54
C05616,2016-07-21 02:19:12,2016-12-28 21:47:49
C01799,2016-07-21 02:20:40,2016-12-20 19:46:43
C03679,2016-07-21 02:35:49,2016-09-15 10:43:10
C09477,2016-07-21 02:42:07,2016-07-26 22:04:27
C11153,2016-07-21 02:50:07,2016-12-30 13:58:19
C07756,2016-07-21 02:51:18,2016-12-12 00:29:51
C07405,2016-07-21 02:54:37,2016-12-03 19:51:29
C06138,2016-07-21 02:56:34,2016-12-12 02:00:57
C11033,2016-07-21 03:06:22,2016-11-06 02:13:58
C11161,2016-07-21 03:07:04,2016-11-19 21:01:36
C02845,2016-07-21 03:07:47,2016-12-02 23:09:02
C12671,2016-07-21 03:32:36,2016-07-21 03:32:36
C07693,2016-07-21 03:39:11,2016-12-22 00:18:08
C02972,2016-07-21 03:40:32,2016-09-02 14:42:05
C06450,2016-07-21 03:51:15,2016-07-21 03:51:15
C04907,2016-07-21 03:56:12,2016-10-21 13:50:59
C09128,2016-07-21 04:16:36,2016-07-21 04:16:36
C04822,2016-07-21 04:26:17,2016-07-21 04:26:17
C02373,2016-07-21 05:09:44,2016-11-29 22:00:37
C08479,2016-07-21 05:17:12,2016-07-21 05:17:12
C11395,2016-07-21 05:19:48,2016-07-21 05:19:48
C05363,2016-07-21 05:31:52,2016-11-15 00:59:16
C04041,2016-07-21 05:52:16,2016-07-21 05:52:16
C08673,2016-07-21 06:41:14,2016-12-20 20:40:47
C01091,2016-07-21 07:05:37,2016-10-24 22:33:50
C04602,2016-07-21 08:50:22,2016-07-21 08:50:22
C00036,2016-07-21 09:13:39,2016-12-10 17:34:12
C01408,2016-07-21 10:38:26,2016-07-21 10:38:26
C03370,2016-07-21 10:43:02,2016-12-23 19:17:42
C05087,2016-07-21 11:03:06,2016-11-04 00:42:04
C07137,2016-07-21 11:36:29,2016-08-06 22:50:33
C05743,2016-07-21 12:43:09,2016-09-01 15:35:55
C02106,2016-07-21 12:55:01,2016-07-21 12:55:01
C10817,2016-07-21 13:06:13,2016-10-13 16:04:13
C11330,2016-07-21 13:44:00,2016-07-21 13:44:00
C10128,2016-07-21 13:48:52,2016-07-28 19:50:23
C05166,2016-07-21 14:03:16,2016-12-28 07:54:08
C00209,2016-07-21 14:04:06,2016-08-09 17:57:12
C06338,2016-07-21 14:04:32,2016-12-11 16:52:09
C05891,2016-07-21 14:12:08,2016-12-18 14:52:54
C07395,2016-07-21 14:13:10,2016-12-16 23:06:46
C02778,2016-07-21 14:13:52,2016-07-22 19:58:06
C07606,2016-07-21 14:16:40,2016-11-15 23:53:51
C00187,2016-07-21 14:25:20,2016-07-21 14:25:20
C03545,2016-07-21 14:26:03,2016-10-03 20:45:08
C00111,2016-07-21 14:26:13,2016-10-07 20:15:46
C04734,2016-07-21 14:40:57,2016-12-26 10:20:53
C01528,2016-07-21 14:46:40,2016-11-12 16:01:58
C08486,2016-07-21 14:51:44,2016-08-22 13:51:34
C12351,2016-07-21 14:58:28,2016-10-28 15:21:10
C12855,2016-07-21 14:59:50,2016-12-21 13:17:22
C12537,2016-07-21 15:04:41,2016-12-25 03:55:04
C04997,2016-07-21 15:08:19,2016-10-13 19:58:53
C03625,2016-07-21 15:10:05,2016-12-05 17:38:08
C00955,2016-07-21 15:12:00,2016-07-21 15:12:00
C10221,2016-07-21 15:16:45,2016-11-18 05:04:20
C12854,2016-07-21 15:21:06,2016-07-21 15:21:06
C04800,2016-07-21 15:24:56,2016-07-21 15:24:56
C08123,2016-07-21 15:28:12,2016-12-23 17:55:37
C06444,2016-07-21 15:39:19,2016-07-21 15:39:19
C04766,2016-07-21 15:46:12,2016-07-21 15:46:12
C10388,2016-07-21 15:50:12,2016-08-26 22:26:28
C10030,2016-07-21 15:53:41,2016-07-21 15:53:41
C12260,2016-07-21 15:57:16,2016-11-05 07:21:03
C06385,2016-07-21 15:57:50,2016-07-21 15:57:50
C04202,2016-07-21 15:58:15,2016-12-31 17:57:48
C12275,2016-07-21 16:05:57,2016-12-26 16:43:00
C05030,2016-07-21 16:09:48,2016-07-21 16:09:48
C08806,2016-07-21 16:10:44,2016-08-20 20:56:54
C05303,2016-07-21 16:11:46,2016-12-21 22:58:17
C06328,2016-07-21 16:13:45,2016-07-21 16:21:31
C00174,2016-07-21 16:18:22,2016-09-17 06:19:12
C03310,2016-07-21 16:18:51,2016-12-30 20:34:09
C04141,2016-07-21 16:26:06,2016-12-09 18:49:24
C02683,2016-07-21 16:33:09,2016-12-20 21:30:55
C07369,2016-07-21 16:38:17,2016-11-01 15:56:24
C09042,2016-07-21 16:38:35,2016-12-10 21:16:34
C04536,2016-07-21 16:43:26,2016-12-29 18:36:47
C04437,2016-07-21 16:44:00,2016-12-30 17:31:44
C08534,2016-07-21 16:45:53,2016-07-23 20:36:33
C05856,2016-07-21 16:46:59,2016-07-21 16:46:59
C10208,2016-07-21 16:49:59,2016-11-07 22:41:05
C12251,2016-07-21 16:52:54,2016-10-13 15:57:35
C10747,2016-07-21 16:55:21,2016-10-02 02:05:59
C07206,2016-07-21 16:57:11,2016-12-26 12:49:32
C07308,2016-07-21 17:03:15,2016-10-17 18:58:10
C08238,2016-07-21 17:07:56,2016-07-21 17:07:56
C11614,2016-07-21 17:10:27,2016-08-30 17:33:28
C02506,2016-07-21 17:15:13,2016-07-21 17:15:13
C11108,2016-07-21 17:15:15,2016-07-23 03:46:15
C02411,2016-07-21 17:16:25,2016-08-23 16:09:21
C04043,2016-07-21 17:19:26,2016-11-21 21:35:54
C06214,2016-07-21 17:21:01,2016-07-21 17:21:01
C04291,2016-07-21 17:21:36,2016-12-12 17:11:05
C05602,2016-07-21 17:29:56,2016-07-21 17:29:56
C08890,2016-07-21 17:31:39,2016-12-13 14:01:04
C13331,2016-07-21 17:31:45,2016-12-21 22:12:43
C12056,2016-07-21 17:40:32,2016-12-31 23:15:55
C05764,2016-07-21 17:41:23,2016-11-28 15:55:09
C08861,2016-07-21 17:41:31,2016-08-18 17:39:49
C06805,2016-07-21 17:42:00,2016-09-29 18:30:06
C01045,2016-07-21 17:44:30,2016-07-21 20:00:36
C11548,2016-07-21 17:45:14,2016-07-21 17:45:14
C05230,2016-07-21 17:50:04,2016-09-06 21:40:50
C12971,2016-07-21 17:52:11,2016-07-21 18:10:22
C12881,2016-07-21 17:54:54,2016-07-21 17:54:54
C05794,2016-07-21 17:55:25,2016-07-21 17:55:25
C11581,2016-07-21 17:56:51,2016-07-21 18:07:13
C11100,2016-07-21 18:01:37,2016-07-21 18:01:37
C00139,2016-07-21 18:02:13,2016-12-31 12:47:29
C07186,2016-07-21 18:03:43,2016-07-21 18:03:43
C13083,2016-07-21 18:07:08,2016-12-27 13:02:39
C08280,2016-07-21 18:08:56,2016-07-21 18:08:56
C02485,2016-07-21 18:12:18,2016-07-21 18:12:18
C04688,2016-07-21 18:17:57,2016-12-24 05:07:41
C04169,2016-07-21 18:20:40,2016-07-21 18:20:40
C05912,2016-07-21 18:23:41,2016-08-19 01:10:18
C00308,2016-07-21 18:24:10,2016-07-21 18:42:36
C09303,2016-07-21 18:25:31,2016-10-07 01:18:51
C03131,2016-07-21 18:27:04,2016-12-18 10:12:52
C00421,2016-07-21 18:36:56,2016-10-19 13:53:26
C03252,2016-07-21 18:36:59,2016-10-31 22:12:30
C11935,2016-07-21 18:43:22,2016-07-21 18:43:22
C07027,2016-07-21 18:46:54,2016-12-30 13:32:57
C05183,2016-07-21 18:50:11,2016-07-21 18:50:11
C07630,2016-07-21 18:52:12,2016-07-21 18:52:12
C00056,2016-07-21 18:52:53,2016-12-29 03:17:44
C07869,2016-07-21 18:56:59,2016-10-10 18:05:53
C05612,2016-07-21 19:07:38,2016-09-07 13:52:11
C01537,2016-07-21 19:22:19,2016-07-21 19:22:19
C03832,2016-07-21 19:22:32,2016-10-27 18:17:43
C13077,2016-07-21 19:25:02,2016-12-31 23:57:29
C06492,2016-07-21 19:26:57,2016-07-22 17:04:36
C07623,2016-07-21 19:27:51,2016-11-03 23:23:56
C01393,2016-07-21 19:29:05,2016-12-28 16:20:54
C05614,2016-07-21 19:36:38,2016-09-30 17:02:33
C01196,2016-07-21 19:37:42,2016-12-19 16:51:55
C11289,2016-07-21 19:43:48,2016-07-21 19:43:48
C03592,2016-07-21 19:45:01,2016-12-29 13:28:12
C02290,2016-07-21 19:48:11,2016-12-10 15:49:21
C07542,2016-07-21 19:49:56,2016-07-21 19:49:56
C09372,2016-07-21 19:52:07,2016-07-21 19:52:07
C06719,2016-07-21 19:54:12,2016-11-03 14:57:17
C10257,2016-07-21 19:56:27,2016-08-06 19:44:14
C03630,2016-07-21 19:58:06,2016-11-13 20:28:22
C09720,2016-07-21 19:59:31,2016-07-25 22:11:49
C01831,2016-07-21 20:00:25,2016-07-21 20:00:25
C04350,2016-07-21 20:07:19,2016-12-01 23:38:31
C04552,2016-07-21 20:10:28,2016-12-05 15:29:25
C13049,2016-07-21 20:21:39,2016-08-01 17:40:54
C07025,2016-07-21 20:23:00,2016-12-16 06:01:49
C08526,2016-07-21 20:23:45,2016-09-28 20:38:38
C07417,2016-07-21 20:28:32,2016-07-21 20:28:32
C10635,2016-07-21 20:32:44,2016-07-21 20:32:44
C00981,2016-07-21 20:35:17,2016-07-21 20:58:09
C03754,2016-07-21 20:37:12,2016-07-21 20:37:12
C07095,2016-07-21 20:39:38,2016-07-26 15:08:40
C05944,2016-07-21 20:40:43,2016-09-20 16:45:26
C11527,2016-07-21 20:41:09,2016-12-22 15:31:22
C07129,2016-07-21 20:42:49,2016-07-21 20:42:49
C02098,2016-07-21 20:44:00,2016-07-21 20:44:00
C05759,2016-07-21 20:44:29,2016-12-11 21:29:36
C03129,2016-07-21 20:47:04,2016-10-28 18:17:06
C12235,2016-07-21 20:49:44,2016-07-21 20:49:44
C04546,2016-07-21 20:55:33,2016-12-17 20:43:42
C12092,2016-07-21 20:58:48,2016-12-16 16:16:26
C02571,2016-07-21 21:01:14,2016-12-28 14:41:39
C11334,2016-07-21 21:01:47,2016-07-21 21:01:47
C11603,2016-07-21 21:05:02,2016-09-29 18:25:44
C10815,2016-07-21 21:22:03,2016-10-21 23:09:29
C12434,2016-07-21 21:23:05,2016-07-28 13:55:00
C07827,2016-07-21 21:34:05,2016-12-29 14:39:53
C02410,2016-07-21 21:36:21,2016-12-31 23:57:24
C03165,2016-07-21 21:38:57,2016-07-22 04:17:19
C11667,2016-07-21 21:39:25,2016-09-07 01:41:18
C07189,2016-07-21 21:50:12,2016-12-26 21:41:38
C08170,2016-07-21 21:54:05,2016-12-25 21:07:25
C08018,2016-07-21 21:54:22,2016-07-31 16:59:25
C09690,2016-07-21 22:00:58,2016-09-24 19:02:53
C01398,2016-07-21 22:04:28,2016-12-30 23:29:06
C10118,2016-07-21 22:12:27,2016-07-21 22:12:27
C02815,2016-07-21 22:14:45,2016-07-21 22:14:45
C02688,2016-07-21 22:17:37,2016-08-04 17:02:20
C12308,2016-07-21 22:19:45,2016-07-21 22:19:45
C12710,2016-07-21 22:21:06,2016-07-21 22:21:06
C05254,2016-07-21 22:21:42,2016-07-21 22:21:42
C11669,2016-07-21 22:24:59,2016-07-21 22:24:59
C05724,2016-07-21 22:27:30,2016-11-12 21:22:12
C11554,2016-07-21 22:27:39,2016-12-06 19:03:12
C04854,2016-07-21 22:34:50,2016-08-13 20:04:25
C04387,2016-07-21 22:35:22,2016-07-21 22:35:22
C11510,2016-07-21 22:35:43,2016-08-02 22:13:48
C02455,2016-07-21 22:41:11,2016-12-13 17:10:58
C06842,2016-07-21 22:42:21,2016-12-14 15:47:43
C00052,2016-07-21 22:44:27,2016-12-19 14:02:54
C11943,2016-07-21 22:45:26,2016-07-22 23:38:10
C12444,2016-07-21 22:48:07,2016-11-04 15:23:02
C08868,2016-07-21 23:00:38,2016-08-31 15:05:01
C10452,2016-07-21 23:02:01,2016-12-24 15:23:27
C10415,2016-07-21 23:03:01,2016-12-15 16:11:59
C01067,2016-07-21 23:05:07,2016-12-08 02:05:41
C05699,2016-07-21 23:06:47,2016-08-09 10:33:06
C07419,2016-07-21 23:15:13,2016-07-21 23:15:13
C01157,2016-07-21 23:18:07,2016-12-03 11:29:08
C05141,2016-07-21 23:21:19,2016-09-10 17:59:31
C04702,2016-07-21 23:24:14,2016-11-28 22:00:48
C00001,2016-07-21 23:25:30,2016-07-22 13:29:56
C06592,2016-07-21 23:25:46,2016-07-21 23:25:46
C03768,2016-07-21 23:32:34,2016-07-21 23:32:34
C09968,2016-07-21 23:39:15,2016-11-22 21:48:14
C10646,2016-07-21 23:39:55,2016-07-21 23:39:55
C02980,2016-07-21 23:48:13,2016-10-02 15:49:14
C09273,2016-07-21 23:48:26,2016-07-29 05:24:29
C11128,2016-07-21 23:53:49,2016-10-18 19:16:54
C09807,2016-07-21 23:54:22,2016-10-13 15:47:38
C07455,2016-07-21 23:55:41,2016-08-25 16:55:08
C12566,2016-07-22 00:03:05,2016-12-12 16:40:36
C05720,2016-07-22 00:04:32,2016-12-01 00:16:01
C08606,2016-07-22 00:04:56,2016-08-09 20:21:34
C12093,2016-07-22 00:15:03,2016-12-30 22:44:15
C09126,2016-07-22 00:15:05,2016-12-22 23:45:48
C11112,2016-07-22 00:15:55,2016-11-21 16:34:03
C01878,2016-07-22 00:23:48,2016-07-27 14:27:06
C06770,2016-07-22 00:24:51,2016-12-09 14:33:22
C10377,2016-07-22 00:31:47,2016-11-08 14:51:42
C12387,2016-07-22 00:36:02,2016-12-07 21:44:42
C03938,2016-07-22 00:42:55,2016-12-28 22:48:51
C08250,2016-07-22 00:47:10,2016-11-15 15:23:29
C01244,2016-07-22 00:56:51,2016-12-15 21:12:24
C04453,2016-07-22 00:59:21,2016-12-30 23:03:48
C03333,2016-07-22 01:07:29,2016-07-28 22:50:32
C12845,2016-07-22 01:08:38,2016-11-18 01:13:19
C00314,2016-07-22 01:11:07,2016-07-22 01:11:07
C08141,2016-07-22 01:26:05,2016-10-25 23:24:49
C02314,2016-07-22 01:33:44,2016-12-02 23:10:17
C12266,2016-07-22 02:10:06,2016-07-22 02:10:06
C00734,2016-07-22 02:10:50,2016-12-15 21:01:12
C11135,2016-07-22 02:28:08,2016-11-27 01:56:40
C12503,2016-07-22 02:28:28,2016-07-22 02:28:28
C04266,2016-07-22 02:43:45,2016-12-23 21:53:28
C06989,2016-07-22 02:44:32,2016-12-10 05:03:58
C11782,2016-07-22 03:04:29,2016-08-27 03:02:40
C02913,2016-07-22 03:16:35,2016-07-22 03:16:35
C07031,2016-07-22 03:19:04,2016-09-13 17:17:01
C05325,2016-07-22 03:24:21,2016-07-27 13:00:46
C06652,2016-07-22 03:29:45,2016-07-22 03:29:45
C01328,2016-07-22 03:43:08,2016-08-02 03:52:42
C05707,2016-07-22 03:53:08,2016-12-18 18:08:13
C08425,2016-07-22 03:55:05,2016-10-09 06:58:20
C07891,2016-07-22 03:56:08,2016-12-19 02:54:31
C10544,2016-07-22 04:07:09,2016-07-22 04:07:09
C02238,2016-07-22 04:12:34,2016-07-22 04:12:34
C10485,2016-07-22 04:20:11,2016-09-20 21:21:21
C09436,2016-07-22 04:20:44,2016-12-15 13:57:45
C12754,2016-07-22 04:24:59,2016-12-27 14:23:08
C10910,2016-07-22 04:25:51,2016-10-05 16:41:49
C11125,2016-07-22 04:31:11,2016-07-22 04:31:11
C05207,2016-07-22 05:00:51,2016-07-22 05:00:51
C02617,2016-07-22 05:19:37,2016-07-22 05:19:37
C00491,2016-07-22 05:39:31,2016-11-14 14:54:10
C07054,2016-07-22 06:16:15,2016-07-22 06:25:01
C05055,2016-07-22 06:16:24,2016-12-30 23:18:14
C05533,2016-07-22 06:34:39,2016-07-22 06:34:39
C07807,2016-07-22 06:38:40,2016-09-10 21:40:46
C06180,2016-07-22 08:06:17,2016-10-21 13:54:02
C10180,2016-07-22 12:11:10,2016-07-22 12:11:10
C02486,2016-07-22 12:13:26,2016-07-22 12:13:26
C11517,2016-07-22 12:17:55,2016-07-22 12:17:55
C09499,2016-07-22 12:25:50,2016-09-27 21:22:27
C10461,2016-07-22 12:41:22,2016-08-04 18:48:03
C03049,2016-07-22 12:45:33,2016-07-27 23:19:24
C12413,2016-07-22 12:47:31,2016-12-26 20:49:12
C00445,2016-07-22 12:53:38,2016-07-22 12:53:38
C01617,2016-07-22 13:02:44,2016-12-23 14:59:49
C06527,2016-07-22 13:06:50,2016-11-22 18:17:10
C07241,2016-07-22 13:09:56,2016-10-15 23:30:50
C04156,2016-07-22 13:18:28,2016-10-04 00:32:13
C00869,2016-07-22 13:23:53,2016-11-26 20:00:11
C04896,2016-07-22 13:25:04,2016-12-25 16:30:15
C06072,2016-07-22 13:33:06,2016-12-22 21:43:44
C11921,2016-07-22 13:40:59,2016-11-14 17:04:00
C02056,2016-07-22 13:57:55,2016-12-18 17:02:08
C10173,2016-07-22 14:05:37,2016-07-22 14:05:37
C12904,2016-07-22 14:09:28,2016-07-22 14:09:28
C01359,2016-07-22 14:10:19,2016-12-30 21:44:50
C04027,2016-07-22 14:10:48,2016-07-22 14:10:48
C02409,2016-07-22 14:21:51,2016-07-22 14:44:25
C04236,2016-07-22 14:27:50,2016-11-08 18:04:26
C00646,2016-07-22 14:30:32,2016-07-22 14:30:32
C02283,2016-07-22 14:32:03,2016-12-25 01:02:04
C11484,2016-07-22 14:33:41,2016-12-30 00:56:38
C09074,2016-07-22 14:44:07,2016-11-01 14:11:01
C05070,2016-07-22 14:47:53,2016-12-13 04:35:53
C04220,2016-07-22 14:51:05,2016-11-21 21:20:57
C07653,2016-07-22 14:57:22,2016-09-29 18:20:10
C12202,2016-07-22 15:01:25,2016-07-22 15:01:25
C13010,2016-07-22 15:06:52,2016-07-22 15:06:52
C07559,2016-07-22 15:09:31,2016-07-26 14:57:44
C03447,2016-07-22 15:09:54,2016-10-29 14:36:38
C12319,2016-07-22 15:17:27,2016-07-22 15:17:27
C03392,2016-07-22 15:17:51,2016-09-13 00:25:45
C08138,2016-07-22 15:19:30,2016-12-15 18:16:02
C05588,2016-07-22 15:20:51,2016-07-22 15:20:51
C03784,2016-07-22 15:22:34,2016-12-31 03:53:31
C00885,2016-07-22 15:24:27,2016-12-19 01:34:19
C01836,2016-07-22 15:24:44,2016-11-10 09:59:26
C08344,2016-07-22 15:31:50,2016-07-22 15:31:50
C10748,2016-07-22 15:31:58,2016-11-27 21:38:40
C13417,2016-07-22 15:32:30,2016-10-11 14:19:02
C09960,2016-07-22 15:36:57,2016-11-24 17:02:09
C06960,2016-07-22 15:47:52,2016-07-24 20:30:25
C12822,2016-07-22 15:53:50,2016-10-24 22:49:14
C06425,2016-07-22 16:03:53,2016-12-04 20:16:25
C04032,2016-07-22 16:05:40,2016-11-30 20:36:59
C06625,2016-07-22 16:08:17,2016-11-20 02:51:20
C02703,2016-07-22 16:15:10,2016-08-09 17:42:22
C07330,2016-07-22 16:17:12,2016-12-02 14:59:18
C08193,2016-07-22 16:20:31,2016-11-16 22:44:33
C11280,2016-07-22 16:25:50,2016-11-04 00:20:45
C03566,2016-07-22 16:27:06,2016-12-30 15:10:00
C05358,2016-07-22 16:29:37,2016-11-20 18:11:40
C10579,2016-07-22 16:32:03,2016-11-30 21:31:34
C09466,2016-07-22 16:34:15,2016-11-28 00:22:57
C08774,2016-07-22 16:34:36,2016-07-30 13:47:16
C00890,2016-07-22 16:37:17,2016-09-25 11:41:20
C04944,2016-07-22 16:45:49,2016-12-14 14:51:32
C02990,2016-07-22 16:45:57,2016-12-26 21:19:32
C06865,2016-07-22 16:48:13,2016-12-04 00:22:12
C06281,2016-07-22 16:50:10,2016-12-26 19:46:28
C03147,2016-07-22 16:50:22,2016-07-22 16:50:22
C00682,2016-07-22 16:51:40,2016-11-16 20:35:22
C13028,2016-07-22 16:54:15,2016-12-21 18:36:02
C06012,2016-07-22 16:54:39,2016-12-06 22:26:56
C08154,2016-07-22 16:54:48,2016-07-22 16:58:08
C09237,2016-07-22 16:58:46,2016-08-25 00:41:08
C05266,2016-07-22 17:00:10,2016-07-22 17:00:10
C01193,2016-07-22 17:06:52,2016-11-29 15:03:34
C00300,2016-07-22 17:14:36,2016-07-23 20:35:02
C08175,2016-07-22 17:17:12,2016-07-22 17:17:12
C08958,2016-07-22 17:21:34,2016-12-22 18:32:26
C07467,2016-07-22 17:22:23,2016-09-29 17:25:49
C11751,2016-07-22 17:26:58,2016-12-14 19:23:23
C03655,2016-07-22 17:27:13,2016-07-22 17:27:13
C04379,2016-07-22 17:28:55,2016-11-26 16:23:20
C02531,2016-07-22 17:30:29,2016-11-03 14:46:33
C10022,2016-07-22 17:41:33,2016-07-22 21:16:09
C03632,2016-07-22 17:42:39,2016-12-02 16:36:45
C05306,2016-07-22 17:42:55,2016-11-18 00:03:35
C12976,2016-07-22 17:46:15,2016-09-24 14:13:13
C05396,2016-07-22 18:03:42,2016-10-07 22:23:46
C02928,2016-07-22 18:12:00,2016-08-12 03:59:07
C12757,2016-07-22 18:17:54,2016-10-17 13:57:38
C12008,2016-07-22 18:20:43,2016-07-22 18:20:43
C04613,2016-07-22 18:20:54,2016-07-22 18:34:18
C02435,2016-07-22 18:21:56,2016-12-25 01:15:04
C00211,2016-07-22 18:29:08,2016-07-22 18:29:08
C07121,2016-07-22 18:29:30,2016-12-08 23:39:53
C12608,2016-07-22 18:29:40,2016-09-27 00:41:41
C01001,2016-07-22 18:31:26,2016-12-07 12:06:16
C01274,2016-07-22 18:32:47,2016-11-15 13:42:11
C08862,2016-07-22 18:32:53,2016-07-22 18:32:53
C10713,2016-07-22 18:37:12,2016-11-15 15:53:49
C13345,2016-07-22 18:39:51,2016-12-29 16:37:11
C08849,2016-07-22 18:43:58,2016-12-17 22:32:54
C01639,2016-07-22 18:46:11,2016-12-14 17:36:46
C13368,2016-07-22 18:46:51,2016-07-22 18:50:15
C10939,2016-07-22 18:49:24,2016-07-22 18:49:24
C04457,2016-07-22 18:50:00,2016-07-22 18:50:00
C06030,2016-07-22 18:52:27,2016-11-22 03:05:22
C00224,2016-07-22 18:53:20,2016-07-22 18:53:20
C04143,2016-07-22 19:01:59,2016-11-30 17:34:54
C03182,2016-07-22 19:04:48,2016-12-29 20:23:42
C02808,2016-07-22 19:07:18,2016-12-04 23:10:15
C12450,2016-07-22 19:27:24,2016-12-08 22:56:43
C08144,2016-07-22 19:28:15,2016-07-22 19:28:15
C03528,2016-07-22 19:32:57,2016-11-07 18:42:31
C12516,2016-07-22 19:35:40,2016-07-22 19:35:40
C12270,2016-07-22 19:35:41,2016-12-29 21:04:48
C07371,2016-07-22 19:36:00,2016-10-04 04:41:30
C05590,2016-07-22 19:36:17,2016-07-22 19:48:13
C03336,2016-07-22 19:39:31,2016-07-22 19:39:31
C01015,2016-07-22 19:43:11,2016-07-22 19:43:11
C09909,2016-07-22 19:43:16,2016-12-16 22:43:23
C11555,2016-07-22 19:59:38,2016-11-06 21:58:25
C01814,2016-07-22 19:59:52,2016-12-27 00:06:57
C08364,2016-07-22 20:03:27,2016-08-06 23:08:22
C06617,2016-07-22 20:04:30,2016-12-31 00:12:17
C13030,2016-07-22 20:06:43,2016-11-09 17:58:09
C02885,2016-07-22 20:08:37,2016-11-11 20:07:43
C03082,2016-07-22 20:17:20,2016-11-24 21:38:32
C11989,2016-07-22 20:18:08,2016-12-04 15:32:35
C03062,2016-07-22 20:20:32,2016-07-22 20:20:32
C00248,2016-07-22 20:22:18,2016-10-22 21:14:09
C13301,2016-07-22 20:23:37,2016-07-22 20:23:37
C05228,2016-07-22 20:23:41,2016-07-22 20:23:41
C00465,2016-07-22 20:26:19,2016-07-22 20:26:19
C09096,2016-07-22 20:31:37,2016-08-23 01:42:25
C13042,2016-07-22 20:49:55,2016-07-22 20:49:55
C08439,2016-07-22 20:51:10,2016-12-13 18:06:05
C03420,2016-07-22 20:52:35,2016-07-22 20:52:35
C03359,2016-07-22 20:56:30,2016-11-17 16:49:10
C11089,2016-07-22 20:58:12,2016-12-18 16:36:12
C01023,2016-07-22 20:59:02,2016-07-22 20:59:02
C03086,2016-07-22 21:00:05,2016-10-15 17:22:30
C12424,2016-07-22 21:00:25,2016-11-05 16:24:41
C12147,2016-07-22 21:00:37,2016-07-27 17:44:06
C06904,2016-07-22 21:01:25,2016-07-22 21:01:25
C07629,2016-07-22 21:21:51,2016-12-22 01:40:48
C09913,2016-07-22 21:22:19,2016-07-22 21:22:19
C06843,2016-07-22 21:27:06,2016-12-24 17:28:09
C01277,2016-07-22 21:28:13,2016-07-26 15:26:36
C07373,2016-07-22 21:28:26,2016-07-22 21:28:26
C05700,2016-07-22 21:31:02,2016-11-25 14:28:20
C10503,2016-07-22 21:33:49,2016-07-22 22:02:40
C07595,2016-07-22 21:34:03,2016-07-22 21:34:03
C10341,2016-07-22 21:37:32,2016-09-14 23:31:39
C00191,2016-07-22 21:43:38,2016-07-22 21:43:38
C06537,2016-07-22 21:46:15,2016-09-21 18:23:02
C08604,2016-07-22 21:48:33,2016-11-05 18:38:41
C04942,2016-07-22 21:50:30,2016-09-22 23:48:51
C06620,2016-07-22 21:59:14,2016-07-22 22:30:05
C07952,2016-07-22 22:13:36,2016-12-16 20:48:40
C10189,2016-07-22 22:15:23,2016-11-27 19:11:22
C01270,2016-07-22 22:18:33,2016-07-22 22:18:33
C02591,2016-07-22 22:24:08,2016-12-20 04:35:48
C05687,2016-07-22 22:26:37,2016-11-13 23:20:57
C04714,2016-07-22 22:30:18,2016-07-22 22:30:18
C07016,2016-07-22 22:31:31,2016-12-31 18:34:09
C07246,2016-07-22 22:40:48,2016-07-22 22:40:48
C01275,2016-07-22 22:44:45,2016-11-17 18:40:15
C04555,2016-07-22 22:48:04,2016-12-23 11:39:23
C06156,2016-07-22 22:51:30,2016-12-13 06:06:37
C01524,2016-07-22 22:51:53,2016-12-22 19:05:34
C05270,2016-07-22 22:52:13,2016-11-07 13:15:16
C10067,2016-07-22 22:52:29,2016-07-22 22:52:29
C03767,2016-07-22 22:56:04,2016-10-03 22:21:03
C10201,2016-07-22 22:57:23,2016-07-22 22:57:23
C09343,2016-07-22 22:59:59,2016-11-29 16:36:56
C12813,2016-07-22 23:00:40,2016-08-24 14:28:39
C09848,2016-07-22 23:04:26,2016-12-10 02:13:58
C01570,2016-07-22 23:07:38,2016-11-04 22:12:58
C09931,2016-07-22 23:09:33,2016-07-22 23:09:33
C10226,2016-07-22 23:10:55,2016-12-22 02:15:19
C10619,2016-07-22 23:16:37,2016-07-22 23:16:37
C03417,2016-07-22 23:22:19,2016-08-07 17:17:45
C03567,2016-07-22 23:23:56,2016-12-10 18:00:39
C00419,2016-07-22 23:30:41,2016-12-31 17:47:59
C07350,2016-07-22 23:34:27,2016-10-22 20:03:18
C07499,2016-07-22 23:36:24,2016-12-29 00:32:04
C04097,2016-07-22 23:38:22,2016-12-17 01:08:30
C04646,2016-07-22 23:41:32,2016-11-30 19:23:52
C05544,2016-07-22 23:42:57,2016-10-02 00:31:19
C06564,2016-07-22 23:46:37,2016-07-22 23:46:37
C10000,2016-07-23 00:07:14,2016-09-11 23:43:22
C01672,2016-07-23 00:13:29,2016-12-26 22:55:56
C04328,2016-07-23 00:20:57,2016-11-20 17:52:15
C04059,2016-07-23 00:23:14,2016-11-01 16:16:04
C03117,2016-07-23 00:27:22,2016-12-14 22:16:59
C03197,2016-07-23 00:30:15,2016-09-15 17:15:19
C13439,2016-07-23 00:37:41,2016-12-27 11:59:52
C12341,2016-07-23 00:38:45,2016-07-24 21:13:06
C00957,2016-07-23 00:41:28,2016-10-20 15:08:23
C11652,2016-07-23 01:03:36,2016-12-05 18:56:51
C07991,2016-07-23 01:08:22,2016-11-26 22:38:21
C03424,2016-07-23 01:24:27,2016-12-13 23:06:02
C05069,2016-07-23 01:25:53,2016-07-23 01:25:53
C05537,2016-07-23 01:28:48,2016-12-14 19:22:19
C02153,2016-07-23 01:34:06,2016-11-18 17:58:47
C03059,2016-07-23 01:34:29,2016-12-19 16:08:04
C09901,2016-07-23 01:34:45,2016-12-09 00:09:10
C05461,2016-07-23 01:36:45,2016-11-26 10:06:32
C04013,2016-07-23 01:41:50,2016-12-12 15:15:06
C08798,2016-07-23 01:44:29,2016-12-18 21:39:54
C10330,2016-07-23 01:54:07,2016-07-23 23:43:31
C09140,2016-07-23 02:10:43,2016-08-03 15:40:54
C08089,2016-07-23 02:12:54,2016-08-22 00:47:20
C03585,2016-07-23 02:25:36,2016-07-23 02:25:36
C01207,2016-07-23 02:27:16,2016-10-14 16:32:26
C05458,2016-07-23 02:28:54,2016-07-23 02:28:54
C04174,2016-07-23 02:31:57,2016-10-05 21:44:10
C12555,2016-07-23 02:32:18,2016-12-28 00:17:51
C03152,2016-07-23 02:51:05,2016-07-23 02:51:05
C06312,2016-07-23 02:51:21,2016-07-23 02:51:21
C04505,2016-07-23 02:58:20,2016-12-25 02:57:28
C02121,2016-07-23 02:58:43,2016-07-23 02:58:43
C03512,2016-07-23 03:14:53,2016-07-23 03:14:53
C08009,2016-07-23 03:17:42,2016-12-14 14:53:01
C03377,2016-07-23 03:20:55,2016-12-23 21:33:02
C04151,2016-07-23 03:26:15,2016-12-15 17:45:28
C09114,2016-07-23 03:31:59,2016-07-23 03:31:59
C11084,2016-07-23 03:40:02,2016-09-13 02:13:00
C10249,2016-07-23 03:44:51,2016-12-28 17:15:16
C01115,2016-07-23 03:46:25,2016-12-29 02:30:09
C02261,2016-07-23 03:47:38,2016-12-01 18:37:10
C02911,2016-07-23 03:54:56,2016-12-27 00:44:56
C02139,2016-07-23 03:55:32,2016-11-29 03:09:30
C05955,2016-07-23 04:01:55,2016-07-24 03:07:37
C00193,2016-07-23 04:08:08,2016-07-23 04:08:08
C02948,2016-07-23 04:33:37,2016-07-23 04:33:37
C09346,2016-07-23 04:48:37,2016-10-22 18:49:42
C12120,2016-07-23 04:49:20,2016-07-23 04:49:20
C05603,2016-07-23 04:54:06,2016-12-10 17:39:34
C02813,2016-07-23 06:31:11,2016-11-09 23:46:12
C12026,2016-07-23 06:31:34,2016-07-23 06:31:34
C12101,2016-07-23 06:45:09,2016-07-23 06:51:39
C06148,2016-07-23 06:46:04,2016-12-29 22:16:25
C04014,2016-07-23 07:45:30,2016-08-04 20:32:30
C05997,2016-07-23 08:10:43,2016-07-23 08:10:43
C00145,2016-07-23 11:27:53,2016-07-23 11:27:53
C13263,2016-07-23 11:51:37,2016-12-27 12:34:46
C01082,2016-07-23 11:56:17,2016-11-28 11:54:51
C00427,2016-07-23 12:23:10,2016-10-18 17:49:05
C01663,2016-07-23 12:34:20,2016-07-23 12:34:20
C07724,2016-07-23 12:38:58,2016-12-09 22:19:25
C09318,2016-07-23 12:53:30,2016-07-23 12:53:30
C10450,2016-07-23 13:09:27,2016-07-23 13:09:27
C01417,2016-07-23 13:13:00,2016-11-18 23:12:08
C04225,2016-07-23 13:16:31,2016-11-23 10:36:31
C09017,2016-07-23 13:23:23,2016-12-30 03:37:23
C07239,2016-07-23 13:46:51,2016-12-09 18:20:47
C07597,2016-07-23 13:50:50,2016-09-16 22:17:54
C08975,2016-07-23 13:52:55,2016-12-25 17:01:10
C02686,2016-07-23 13:53:37,2016-12-31 23:36:30
C07567,2016-07-23 13:56:50,2016-07-23 13:56:50
C08311,2016-07-23 14:01:54,2016-12-01 00:31:14
C04382,2016-07-23 14:06:53,2016-10-22 23:27:54
C12143,2016-07-23 14:07:28,2016-07-23 14:07:28
C11207,2016-07-23 14:15:03,2016-12-04 03:37:10
C02203,2016-07-23 14:29:46,2016-08-03 23:10:07
C02677,2016-07-23 14:30:22,2016-11-03 16:51:02
C08094,2016-07-23 14:30:23,2016-10-14 14:08:17
C02211,2016-07-23 14:38:12,2016-09-23 00:34:55
C12216,2016-07-23 14:48:17,2016-07-31 17:37:35
C06037,2016-07-23 14:51:10,2016-12-25 03:11:01
C08172,2016-07-23 14:58:38,2016-12-26 21:36:54
C09613,2016-07-23 15:02:06,2016-12-03 20:07:15
C10283,2016-07-23 15:05:52,2016-12-31 00:48:05
C07331,2016-07-23 15:06:57,2016-07-23 15:06:57
C05682,2016-07-23 15:07:14,2016-12-25 13:59:27
C03114,2016-07-23 15:07:53,2016-07-23 15:07:53
C02543,2016-07-23 15:13:58,2016-07-23 15:16:18
C09317,2016-07-23 15:23:40,2016-12-18 18:13:24
C11130,2016-07-23 15:28:04,2016-07-23 15:28:04
C12684,2016-07-23 15:29:19,2016-07-23 15:29:19
C08046,2016-07-23 15:30:11,2016-11-20 14:20:20
C07899,2016-07-23 15:33:05,2016-08-31 02:14:57
C05870,2016-07-23 15:34:38,2016-07-23 15:34:38
C08252,2016-07-23 15:36:35,2016-07-27 11:45:46
C03652,2016-07-23 15:49:29,2016-07-23 15:49:29
C08319,2016-07-23 15:50:58,2016-09-21 12:06:07
C11544,2016-07-23 15:55:26,2016-12-16 22:03:21
C07364,2016-07-23 16:03:11,2016-07-23 16:03:11
C02465,2016-07-23 16:03:24,2016-07-23 16:03:24
C08524,2016-07-23 16:06:05,2016-12-17 23:17:06
C09694,2016-07-23 16:06:13,2016-07-23 16:06:13
C00791,2016-07-23 16:11:17,2016-11-16 16:35:33
C01961,2016-07-23 16:19:09,2016-11-15 20:42:17
C07873,2016-07-23 16:22:55,2016-08-10 21:41:38
C12151,2016-07-23 16:23:44,2016-12-02 14:41:44
C07280,2016-07-23 16:28:13,2016-07-23 16:28:13
C07361,2016-07-23 16:29:40,2016-07-23 16:29:40
C08694,2016-07-23 16:38:21,2016-07-27 01:07:28
C10808,2016-07-23 16:38:46,2016-09-30 21:57:43
C09758,2016-07-23 16:39:12,2016-07-23 16:39:12
C06291,2016-07-23 16:50:41,2016-07-23 16:50:41
C10956,2016-07-23 16:52:43,2016-07-23 16:52:43
C07791,2016-07-23 16:54:36,2016-07-23 16:54:36
C12709,2016-07-23 16:58:34,2016-07-23 16:58:34
C10276,2016-07-23 17:03:29,2016-08-12 22:15:00
C11981,2016-07-23 17:05:22,2016-11-01 05:40:46
C09353,2016-07-23 17:10:42,2016-12-18 12:39:13
C05229,2016-07-23 17:10:54,2016-07-23 17:19:20
C02327,2016-07-23 17:12:17,2016-07-23 17:12:17
C11469,2016-07-23 17:12:45,2016-11-16 02:55:36
C08040,2016-07-23 17:13:01,2016-07-28 19:16:06
C03924,2016-07-23 17:16:20,2016-12-30 14:52:42
C08495,2016-07-23 17:16:31,2016-09-09 16:21:26
C04428,2016-07-23 17:16:52,2016-07-25 16:59:45
C13004,2016-07-23 17:18:54,2016-08-07 22:13:20
C03485,2016-07-23 17:19:46,2016-12-28 14:15:18
C02634,2016-07-23 17:24:48,2016-09-18 06:18:09
C00715,2016-07-23 17:30:39,2016-12-13 14:51:46
C06557,2016-07-23 17:39:08,2016-12-02 12:50:01
C12589,2016-07-23 17:39:46,2016-07-24 17:55:16
C03615,2016-07-23 17:41:08,2016-11-18 17:08:41
C12571,2016-07-23 17:41:37,2016-11-16 15:53:00
C05952,2016-07-23 17:41:50,2016-07-23 17:41:50
C11448,2016-07-23 17:51:27,2016-07-23 17:51:27
C11741,2016-07-23 17:52:46,2016-12-26 22:14:56
C12199,2016-07-23 17:53:18,2016-12-02 10:47:43
C07536,2016-07-23 17:53:53,2016-07-23 17:53:53
C07083,2016-07-23 17:53:59,2016-07-23 18:21:33
C04956,2016-07-23 18:03:44,2016-07-23 18:03:44
C02086,2016-07-23 18:05:18,2016-12-12 16:52:15
C04376,2016-07-23 18:06:25,2016-07-23 18:06:25
C05110,2016-07-23 18:13:04,2016-11-09 17:35:16
C05601,2016-07-23 18:13:23,2016-12-05 16:50:21
C12428,2016-07-23 18:14:34,2016-09-22 17:00:50
C00299,2016-07-23 18:14:57,2016-12-29 21:24:51
C07716,2016-07-23 18:23:05,2016-07-23 18:23:05
C00792,2016-07-23 18:30:51,2016-10-24 17:35:55
C00879,2016-07-23 18:33:13,2016-12-29 00:27:22
C05054,2016-07-23 18:38:17,2016-08-21 17:28:21
C03546,2016-07-23 18:38:18,2016-07-23 18:38:18
C07400,2016-07-23 18:39:56,2016-12-10 02:11:21
C03968,2016-07-23 18:47:05,2016-11-18 12:36:52
C10357,2016-07-23 18:57:49,2016-07-25 19:54:37
C06646,2016-07-23 19:05:04,2016-07-23 19:21:04
C07128,2016-07-23 19:07:32,2016-08-02 16:29:09
C09382,2016-07-23 19:09:16,2016-12-28 00:27:02
C08261,2016-07-23 19:12:48,2016-11-28 17:33:08
C00919,2016-07-23 19:14:06,2016-07-27 04:27:17
C06574,2016-07-23 19:20:15,2016-10-11 15:54:31
C06519,2016-07-23 19:26:18,2016-10-05 15:41:04
C08950,2016-07-23 19:26:51,2016-10-24 02:19:27
C12278,2016-07-23 19:28:57,2016-12-18 01:14:13
C00284,2016-07-23 19:35:56,2016-07-27 02:02:27
C05840,2016-07-23 19:36:55,2016-09-26 21:06:24
C09635,2016-07-23 19:42:54,2016-12-29 21:55:11
C04292,2016-07-23 19:47:51,2016-09-04 19:56:16
C05788,2016-07-23 19:49:29,2016-10-29 16:32:59
C07548,2016-07-23 19:50:30,2016-07-23 19:50:30
C09243,2016-07-23 19:52:52,2016-11-16 02:23:50
C12237,2016-07-23 19:54:26,2016-10-22 22:12:36
C03466,2016-07-23 19:58:56,2016-07-23 19:58:56
C09718,2016-07-23 19:59:57,2016-08-03 21:25:05
C08813,2016-07-23 20:02:07,2016-12-31 05:18:32
C12514,2016-07-23 20:13:50,2016-12-16 16:55:03
C11351,2016-07-23 20:15:33,2016-09-30 18:33:46
C02779,2016-07-23 20:16:40,2016-07-23 20:16:47
C05666,2016-07-23 20:20:13,2016-07-25 13:16:21
C08284,2016-07-23 20:20:30,2016-07-23 20:20:53
C11195,2016-07-23 20:30:11,2016-07-23 20:30:11
C01888,2016-07-23 20:51:01,2016-12-29 18:40:41
C04487,2016-07-23 20:51:05,2016-10-30 12:12:18
C04600,2016-07-23 20:53:02,2016-11-30 17:26:53
C10982,2016-07-23 20:58:12,2016-07-23 20:58:12
C03013,2016-07-23 21:00:55,2016-12-01 18:29:37
C09046,2016-07-23 21:04:54,2016-07-23 21:04:54
C02383,2016-07-23 21:06:05,2016-12-30 01:06:49
C07057,2016-07-23 21:06:53,2016-12-02 19:37:54
C01952,2016-07-23 21:11:54,2016-11-05 20:40:45
C00082,2016-07-23 21:13:47,2016-10-20 23:56:36
C01514,2016-07-23 21:27:15,2016-07-23 21:27:15
C04432,2016-07-23 21:34:29,2016-10-03 22:55:34
C06667,2016-07-23 21:39:10,2016-10-02 18:05:45
C00817,2016-07-23 21:39:17,2016-12-27 15:13:30
C06351,2016-07-23 21:39:32,2016-12-30 01:30:00
C03521,2016-07-23 21:41:44,2016-07-25 13:47:39
C05155,2016-07-23 21:46:42,2016-08-24 19:25:18
C02215,2016-07-23 21:57:11,2016-07-23 22:11:19
C07306,2016-07-23 21:57:33,2016-09-13 19:55:14
C01071,2016-07-23 21:59:28,2016-12-07 04:34:05
C02230,2016-07-23 22:08:04,2016-07-23 22:09:17
C09123,2016-07-23 22:09:30,2016-11-13 05:13:24
C00407,2016-07-23 22:16:57,2016-09-28 12:46:16
C04251,2016-07-23 22:18:42,2016-12-26 02:02:57
C10307,2016-07-23 22:26:58,2016-11-05 19:20:06
C13101,2016-07-23 22:32:59,2016-09-05 14:13:22
C11449,2016-07-23 22:34:06,2016-07-23 22:34:06
C05579,2016-07-23 22:40:32,2016-12-30 00:54:46
C11983,2016-07-23 22:43:45,2016-07-23 22:43:45
C02376,2016-07-23 22:45:28,2016-12-28 23:47:23
C04730,2016-07-23 22:53:44,2016-10-21 20:42:19
C04715,2016-07-23 22:56:52,2016-12-10 20:17:22
C06878,2016-07-23 22:56:53,2016-07-23 22:56:53
C10478,2016-07-23 22:57:41,2016-07-23 22:57:41
C06254,2016-07-23 23:01:16,2016-12-07 23:33:58
C06819,2016-07-23 23:05:22,2016-07-23 23:05:22
C09407,2016-07-23 23:14:45,2016-08-24 19:38:07
C04243,2016-07-23 23:21:15,2016-09-06 22:05:05
C00472,2016-07-23 23:26:33,2016-12-26 11:50:12
C08488,2016-07-23 23:28:02,2016-08-07 20:53:21
C03188,2016-07-23 23:31:32,2016-07-26 13:10:29
C13376,2016-07-23 23:32:15,2016-07-23 23:32:15
C05101,2016-07-23 23:32:55,2016-07-23 23:54:17
C00408,2016-07-23 23:35:42,2016-12-30 06:50:01
C02199,2016-07-23 23:51:49,2016-12-13 16:00:05
C12549,2016-07-24 00:05:20,2016-12-19 16:50:38
C07190,2016-07-24 00:09:15,2016-10-08 06:58:23
C00670,2016-07-24 00:15:07,2016-09-19 01:57:10
C11284,2016-07-24 00:19:06,2016-07-24 00:19:06
C07150,2016-07-24 00:21:18,2016-07-24 00:21:18
C09765,2016-07-24 00:42:51,2016-07-24 00:42:51
C07294,2016-07-24 00:45:39,2016-07-24 00:45:39
C04585,2016-07-24 01:02:33,2016-07-24 01:02:33
C06831,2016-07-24 01:12:43,2016-09-27 15:13:49
C06261,2016-07-24 01:19:35,2016-10-15 18:13:37
C03681,2016-07-24 01:24:49,2016-09-02 16:24:34
C07501,2016-07-24 01:25:30,2016-10-19 19:19:24
C04071,2016-07-24 01:33:48,2016-08-15 22:08:23
C00958,2016-07-24 01:37:15,2016-11-11 14:03:42
C09748,2016-07-24 01:43:08,2016-07-26 03:03:37
C05479,2016-07-24 01:47:27,2016-07-26 14:52:11
C12362,2016-07-24 01:50:46,2016-07-26 18:42:56
C11393,2016-07-24 01:56:39,2016-12-11 04:03:52
C05581,2016-07-24 01:57:29,2016-07-24 02:13:13
C04342,2016-07-24 01:57:43,2016-12-30 05:13:08
C09987,2016-07-24 02:01:48,2016-12-04 13:15:33
C05875,2016-07-24 02:03:08,2016-07-24 02:03:08
C00169,2016-07-24 02:03:44,2016-10-02 23:40:17
C12518,2016-07-24 02:03:46,2016-07-24 02:03:46
C09288,2016-07-24 02:06:47,2016-12-02 04:15:41
C11411,2016-07-24 02:08:46,2016-08-01 17:13:05
C02832,2016-07-24 02:11:06,2016-12-24 22:29:24
C00098,2016-07-24 02:11:12,2016-09-03 02:34:19
C09951,2016-07-24 02:12:35,2016-12-18 01:46:26
C05956,2016-07-24 02:32:43,2016-07-24 02:32:43
C11407,2016-07-24 02:36:01,2016-12-06 22:48:19
C04235,2016-07-24 02:38:00,2016-10-04 23:54:23
C01845,2016-07-24 02:40:16,2016-07-24 02:40:16
C08385,2016-07-24 02:53:11,2016-12-22 20:56:14
C06365,2016-07-24 02:53:47,2016-09-16 23:41:32
C08785,2016-07-24 02:53:50,2016-07-24 02:53:50
C11432,2016-07-24 02:54:40,2016-10-24 01:24:46
C03376,2016-07-24 02:56:37,2016-12-23 23:36:06
C06256,2016-07-24 02:59:08,2016-10-11 03:28:06
C12965,2016-07-24 03:19:05,2016-07-24 14:30:28
C00323,2016-07-24 03:24:21,2016-12-17 22:52:22
C04803,2016-07-24 03:32:38,2016-11-02 21:39:32
C06054,2016-07-24 03:35:52,2016-11-26 00:09:57
C09799,2016-07-24 03:38:49,2016-12-14 20:17:34
C00385,2016-07-24 03:41:15,2016-12-04 16:36:56
C11503,2016-07-24 03:42:01,2016-11-14 22:28:20
C11800,2016-07-24 04:12:26,2016-11-23 00:11:11
C01223,2016-07-24 04:29:55,2016-12-07 22:43:40
C11589,2016-07-24 04:49:15,2016-07-24 04:49:15
C09481,2016-07-24 05:06:11,2016-12-25 21:19:29
C07941,2016-07-24 05:19:01,2016-07-24 05:19:01
C03825,2016-07-24 05:20:32,2016-12-12 21:45:40
C13020,2016-07-24 05:32:10,2016-07-24 06:43:40
C10305,2016-07-24 05:34:08,2016-10-14 21:35:48
C06417,2016-07-24 05:45:21,2016-07-24 05:45:21
C05057,2016-07-24 06:02:27,2016-12-24 22:50:21
C10684,2016-07-24 07:00:18,2016-07-24 07:00:18
C07658,2016-07-24 07:24:31,2016-12-25 06:35:20
C02585,2016-07-24 09:44:04,2016-12-12 00:53:28
C08523,2016-07-24 10:48:53,2016-09-22 20:03:36
C13405,2016-07-24 11:01:59,2016-07-24 11:01:59
C01305,2016-07-24 12:02:45,2016-07-30 19:48:48
C03602,2016-07-24 12:12:07,2016-07-24 13:09:17
C04074,2016-07-24 12:20:55,2016-12-18 12:31:19
C12347,2016-07-24 12:29:52,2016-12-24 16:52:13
C04767,2016-07-24 12:57:42,2016-12-23 21:42:29
C05250,2016-07-24 13:05:39,2016-11-20 03:08:38
C07453,2016-07-24 13:17:39,2016-07-24 13:24:27
C04686,2016-07-24 13:28:38,2016-07-24 13:28:38
C07765,2016-07-24 13:42:00,2016-11-19 01:17:55
C12664,2016-07-24 13:50:21,2016-10-13 04:44:29
C10460,2016-07-24 13:54:35,2016-07-24 19:48:39
C00708,2016-07-24 13:58:28,2016-07-24 13:58:28
C12767,2016-07-24 14:13:47,2016-07-24 14:13:47
C05938,2016-07-24 14:24:43,2016-09-08 13:54:18
C10445,2016-07-24 14:26:47,2016-08-07 23:15:56
C01837,2016-07-24 14:29:22,2016-08-07 18:26:10
C00799,2016-07-24 14:39:29,2016-07-24 14:39:29
C04884,2016-07-24 14:42:34,2016-12-13 19:14:04
C02674,2016-07-24 14:43:16,2016-07-24 14:43:16
C09736,2016-07-24 14:46:15,2016-10-09 16:59:56
C00816,2016-07-24 14:49:55,2016-11-21 09:10:30
C10945,2016-07-24 14:57:55,2016-11-18 16:00:36
C03828,2016-07-24 14:59:11,2016-12-15 00:15:04
C01095,2016-07-24 15:08:41,2016-07-24 15:08:41
C06023,2016-07-24 15:10:41,2016-10-28 15:22:55
C05163,2016-07-24 15:13:10,2016-12-14 23:17:09
C04380,2016-07-24 15:36:33,2016-12-25 03:30:28
C05111,2016-07-24 15:37:03,2016-07-24 15:37:03
C01133,2016-07-24 15:37:33,2016-12-21 21:28:14
C08313,2016-07-24 15:38:25,2016-07-24 15:38:25
C00428,2016-07-24 15:51:42,2016-12-28 18:31:18
C11126,2016-07-24 15:55:05,2016-12-27 02:09:40
C10033,2016-07-24 15:59:47,2016-07-24 15:59:47
C06881,2016-07-24 16:02:12,2016-12-07 17:17:12
C00343,2016-07-24 16:03:05,2016-07-24 16:03:05
C09777,2016-07-24 16:04:55,2016-12-14 04:11:13
C07890,2016-07-24 16:05:52,2016-12-11 16:04:14
C04647,2016-07-24 16:07:21,2016-08-01 01:12:20
C06242,2016-07-24 16:07:42,2016-10-07 20:48:40
C11296,2016-07-24 16:08:16,2016-12-27 00:34:13
C03723,2016-07-24 16:09:50,2016-12-21 03:25:20
C06701,2016-07-24 16:17:24,2016-07-24 16:17:24
C00786,2016-07-24 16:22:37,2016-07-24 16:43:09
C10494,2016-07-24 16:22:37,2016-07-24 16:22:37
C05899,2016-07-24 16:24:41,2016-11-07 15:09:39
C10086,2016-07-24 16:24:52,2016-12-23 18:54:42
C08658,2016-07-24 16:25:24,2016-11-22 19:58:07
C07205,2016-07-24 16:28:56,2016-09-01 13:30:02
C00086,2016-07-24 16:29:44,2016-12-28 18:00:26
C07953,2016-07-24 16:41:52,2016-09-30 22:45:55
C07365,2016-07-24 16:42:20,2016-12-21 23:33:09
C09923,2016-07-24 17:04:32,2016-07-24 17:04:32
C10767,2016-07-24 17:12:55,2016-07-24 17:19:56
C10754,2016-07-24 17:16:10,2016-07-24 17:41:25
C01703,2016-07-24 17:16:12,2016-12-13 17:28:12
C03249,2016-07-24 17:16:28,2016-07-24 17:16:28
C04522,2016-07-24 17:17:16,2016-12-31 16:24:33
C11199,2016-07-24 17:20:32,2016-08-11 16:29:49
C05433,2016-07-24 17:26:26,2016-12-27 19:44:25
C07146,2016-07-24 17:27:21,2016-12-28 22:12:51
C07310,2016-07-24 17:34:12,2016-08-27 19:18:15
C06588,2016-07-24 17:36:16,2016-11-26 01:03:24
C12050,2016-07-24 17:38:46,2016-07-24 17:38:46
C11708,2016-07-24 17:40:03,2016-09-19 20:18:14
C04208,2016-07-24 17:52:57,2016-09-14 17:45:41
C02671,2016-07-24 17:53:28,2016-10-08 03:44:12
C04462,2016-07-24 18:03:16,2016-12-30 23:36:26
C13072,2016-07-24 18:03:44,2016-12-27 17:21:07
C05243,2016-07-24 18:04:44,2016-12-06 01:51:22
C08432,2016-07-24 18:05:51,2016-12-17 01:32:44
C10663,2016-07-24 18:10:48,2016-07-24 18:10:48
C04578,2016-07-24 18:14:31,2016-07-24 18:14:31
C10830,2016-07-24 18:14:38,2016-07-24 18:14:52
C11565,2016-07-24 18:15:30,2016-07-24 18:15:30
C11744,2016-07-24 18:24:48,2016-07-24 18:24:48
C05091,2016-07-24 18:27:11,2016-09-28 22:05:03
C10850,2016-07-24 18:28:30,2016-12-29 14:23:06
C06058,2016-07-24 18:31:29,2016-11-02 22:49:27
C12716,2016-07-24 18:34:21,2016-07-31 17:14:57
C08654,2016-07-24 18:37:10,2016-07-24 18:37:10
C07621,2016-07-24 18:45:36,2016-12-30 16:52:06
C05126,2016-07-24 18:46:46,2016-12-29 14:42:34
C12868,2016-07-24 18:51:43,2016-07-24 18:51:43
C13120,2016-07-24 18:52:31,2016-10-20 20:14:14
C02141,2016-07-24 18:55:37,2016-12-17 14:27:26
C02837,2016-07-24 18:58:50,2016-07-24 18:58:50
C09837,2016-07-24 18:58:54,2016-10-02 19:10:13
C11056,2016-07-24 19:01:27,2016-07-24 19:01:27
C01431,2016-07-24 19:02:05,2016-11-24 16:35:13
C00604,2016-07-24 19:04:40,2016-08-11 05:47:51
C02385,2016-07-24 19:21:04,2016-07-24 19:32:32
C05923,2016-07-24 19:26:27,2016-07-24 20:05:31
C05045,2016-07-24 19:31:53,2016-07-24 19:31:53
C01297,2016-07-24 19:43:26,2016-07-24 19:43:26
C08535,2016-07-24 19:57:00,2016-11-12 14:03:53
C04419,2016-07-24 19:59:51,2016-12-11 01:23:43
C11225,2016-07-24 20:08:22,2016-12-31 17:09:05
C09698,2016-07-24 20:22:24,2016-12-26 22:35:49
C07397,2016-07-24 20:26:15,2016-12-20 01:36:25
C11745,2016-07-24 20:33:13,2016-12-11 23:55:07
C07531,2016-07-24 20:38:18,2016-10-08 12:54:30
C02162,2016-07-24 20:41:31,2016-11-08 22:21:05
C09186,2016-07-24 20:54:25,2016-07-24 20:54:25
C10099,2016-07-24 20:54:51,2016-12-05 23:37:36
C11306,2016-07-24 20:56:45,2016-10-04 14:05:24
C10848,2016-07-24 21:02:39,2016-11-29 16:51:54
C03010,2016-07-24 21:05:42,2016-07-24 21:05:42
C05195,2016-07-24 21:10:21,2016-12-02 23:53:41
C03454,2016-07-24 21:19:45,2016-07-24 21:19:45
C02251,2016-07-24 21:20:41,2016-11-21 03:34:11
C02549,2016-07-24 21:24:04,2016-09-05 19:55:40
C09475,2016-07-24 21:26:16,2016-12-11 15:04:04
C06503,2016-07-24 21:26:41,2016-07-24 21:26:41
C11288,2016-07-24 21:29:22,2016-07-24 21:29:22
C07776,2016-07-24 21:32:51,2016-07-24 21:32:51
C09761,2016-07-24 21:42:47,2016-07-24 21:42:47
C09849,2016-07-24 21:49:45,2016-07-24 21:49:45
C07506,2016-07-24 21:55:59,2016-08-18 03:43:20
C02938,2016-07-24 22:01:08,2016-12-14 15:47:21
C05105,2016-07-24 22:06:24,2016-07-24 22:06:24
C06788,2016-07-24 22:08:21,2016-08-16 01:50:18
C01183,2016-07-24 22:10:40,2016-12-02 04:18:32
C01870,2016-07-24 22:17:18,2016-10-07 19:35:00
C00850,2016-07-24 22:17:48,2016-12-25 19:39:38
C10373,2016-07-24 22:20:11,2016-12-29 17:02:30
C04371,2016-07-24 22:26:00,2016-07-26 15:16:29
C04988,2016-07-24 22:27:55,2016-08-05 21:12:45
C06949,2016-07-24 22:29:02,2016-12-09 18:38:40
C09386,2016-07-24 22:29:41,2016-08-15 14:43:49
C04133,2016-07-24 22:29:53,2016-11-28 22:35:29
C09724,2016-07-24 22:31:41,2016-11-22 00:54:07
C04598,2016-07-24 22:32:55,2016-07-24 22:32:55
C03588,2016-07-24 22:33:48,2016-07-24 22:33:48
C08440,2016-07-24 22:34:16,2016-07-24 23:03:42
C00846,2016-07-24 22:37:21,2016-07-26 00:54:23
C01281,2016-07-24 22:43:52,2016-07-24 22:43:52
C06715,2016-07-24 22:47:02,2016-10-02 00:30:23
C06584,2016-07-24 22:50:56,2016-08-27 10:09:49
C06091,2016-07-24 22:52:20,2016-07-24 22:52:20
C08803,2016-07-24 22:52:42,2016-12-31 21:08:55
C12163,2016-07-24 22:57:53,2016-11-14 13:41:31
C04771,2016-07-24 22:59:22,2016-07-24 22:59:22
C03769,2016-07-24 23:01:41,2016-07-24 23:01:41
C08500,2016-07-24 23:13:30,2016-12-02 20:18:30
C09689,2016-07-24 23:21:37,2016-07-24 23:21:37
C05398,2016-07-24 23:24:50,2016-11-18 22:36:24
C12457,2016-07-24 23:47:54,2016-07-28 15:32:49
C12054,2016-07-24 23:49:52,2016-09-14 23:34:34
C01085,2016-07-24 23:53:18,2016-12-06 19:10:47
C01500,2016-07-24 23:59:00,2016-11-04 01:12:01
C03555,2016-07-24 23:59:18,2016-10-13 04:27:10
C09510,2016-07-24 23:59:23,2016-07-24 23:59:23
C05500,2016-07-25 00:00:19,2016-12-30 21:20:46
C11498,2016-07-25 00:17:29,2016-07-25 00:17:29
C00963,2016-07-25 00:22:08,2016-12-14 20:21:07
C09619,2016-07-25 00:22:58,2016-07-27 00:35:18
C08732,2016-07-25 00:31:17,2016-11-29 01:48:02
C01079,2016-07-25 00:33:54,2016-12-25 01:49:40
C11987,2016-07-25 00:41:05,2016-09-29 00:02:29
C10367,2016-07-25 00:41:06,2016-07-25 00:41:06
C04273,2016-07-25 00:43:32,2016-07-25 00:43:32
C12406,2016-07-25 00:50:50,2016-12-20 18:17:54
C06451,2016-07-25 00:57:50,2016-12-15 20:43:58
C00736,2016-07-25 01:10:35,2016-11-23 04:12:18
C02221,2016-07-25 01:12:17,2016-07-25 01:12:17
C13013,2016-07-25 01:31:06,2016-11-27 21:41:23
C13275,2016-07-25 01:31:45,2016-07-25 01:31:45
C09070,2016-07-25 01:39:32,2016-07-28 10:12:23
C09489,2016-07-25 01:43:58,2016-10-25 12:47:40
C05978,2016-07-25 01:44:56,2016-12-15 16:37:13
C00336,2016-07-25 02:11:53,2016-09-30 22:56:26
C12948,2016-07-25 02:14:45,2016-12-16 17:12:48
C07850,2016-07-25 02:17:53,2016-11-28 23:43:14
C06616,2016-07-25 02:19:39,2016-07-25 02:19:39
C12977,2016-07-25 02:25:50,2016-11-14 21:27:04
C01970,2016-07-25 02:27:13,2016-12-19 17:24:35
C10833,2016-07-25 02:27:58,2016-10-24 20:45:21
C04271,2016-07-25 02:40:06,2016-11-12 23:28:41
C03026,2016-07-25 02:43:28,2016-12-31 03:37:48
C10358,2016-07-25 02:45:40,2016-12-05 16:26:43
C03004,2016-07-25 02:59:43,2016-07-25 02:59:43
C11520,2016-07-25 03:17:47,2016-07-25 03:17:47
C01731,2016-07-25 03:18:10,2016-09-18 15:23:15
C09540,2016-07-25 03:34:17,2016-07-25 03:34:17
C02036,2016-07-25 03:43:59,2016-12-05 20:00:34
C09780,2016-07-25 03:44:43,2016-12-28 13:36:08
C13040,2016-07-25 03:47:03,2016-07-25 03:47:03
C00071,2016-07-25 04:04:16,2016-11-30 00:39:49
C03724,2016-07-25 04:07:39,2016-07-25 04:07:39
C08073,2016-07-25 04:08:23,2016-08-18 20:10:37
C09961,2016-07-25 04:12:10,2016-12-30 22:07:43
C09055,2016-07-25 04:16:42,2016-07-25 04:34:55
C10161,2016-07-25 04:44:13,2016-12-17 20:13:55
C09011,2016-07-25 04:56:13,2016-07-30 23:20:58
C13213,2016-07-25 05:12:59,2016-12-30 19:38:28
C02372,2016-07-25 05:34:58,2016-11-06 18:10:10
C12212,2016-07-25 05:40:58,2016-12-21 01:00:44
C13351,2016-07-25 06:04:34,2016-08-30 01:52:43
C09517,2016-07-25 06:05:11,2016-07-25 06:05:11
C05826,2016-07-25 06:46:31,2016-11-21 18:41:20
C04121,2016-07-25 06:58:10,2016-12-09 20:04:38
C00568,2016-07-25 07:16:00,2016-10-01 16:11:58
C06381,2016-07-25 08:54:40,2016-07-25 08:54:40
C10670,2016-07-25 11:50:03,2016-11-18 01:49:23
C06654,2016-07-25 12:16:18,2016-10-25 18:43:08
C03229,2016-07-25 12:26:43,2016-12-16 01:32:12
C08259,2016-07-25 13:09:39,2016-12-22 03:23:46
C02323,2016-07-25 13:16:43,2016-07-27 19:36:04
C12031,2016-07-25 13:27:42,2016-11-28 19:32:14
C03149,2016-07-25 13:27:45,2016-07-25 13:27:45
C06857,2016-07-25 13:56:14,2016-12-14 02:54:11
C06577,2016-07-25 14:09:57,2016-08-08 11:19:32
C11661,2016-07-25 14:11:43,2016-07-25 14:11:43
C12079,2016-07-25 14:14:10,2016-12-14 00:24:18
C00388,2016-07-25 14:14:43,2016-08-08 00:15:59
C06891,2016-07-25 14:18:07,2016-11-28 21:09:29
C07674,2016-07-25 14:20:39,2016-07-27 02:12:43
C03865,2016-07-25 14:38:38,2016-09-08 22:37:43
C06056,2016-07-25 14:40:11,2016-09-04 01:12:37
C12687,2016-07-25 14:43:14,2016-10-10 19:03:18
C11772,2016-07-25 14:44:20,2016-12-26 12:53:46
C07824,2016-07-25 14:45:47,2016-12-28 23:06:40
C02264,2016-07-25 14:47:56,2016-07-28 01:34:32
C04468,2016-07-25 14:53:40,2016-07-26 23:39:42
C11465,2016-07-25 14:56:23,2016-07-25 14:56:23
C09803,2016-07-25 15:00:14,2016-11-06 22:20:43
C02623,2016-07-25 15:02:43,2016-10-16 15:28:49
C03922,2016-07-25 15:03:46,2016-12-03 21:53:44
C04859,2016-07-25 15:09:46,2016-08-26 17:44:54
C03118,2016-07-25 15:11:05,2016-11-07 21:36:18
C12707,2016-07-25 15:22:09,2016-11-04 19:32:35
C12720,2016-07-25 15:26:45,2016-08-10 14:22:05
C03329,2016-07-25 15:38:02,2016-12-31 21:31:45
C11442,2016-07-25 15:38:07,2016-07-25 15:38:07
C06936,2016-07-25 15:41:50,2016-12-26 01:27:55
C10051,2016-07-25 15:42:44,2016-08-01 12:02:32
C11406,2016-07-25 15:46:49,2016-11-11 01:03:10
C10082,2016-07-25 15:52:44,2016-12-29 21:22:50
C02805,2016-07-25 15:54:21,2016-07-25 15:54:21
C05340,2016-07-25 15:54:38,2016-10-25 12:54:38
C00115,2016-07-25 15:55:46,2016-07-25 15:55:46
C01794,2016-07-25 16:02:38,2016-10-02 13:59:38
C07040,2016-07-25 16:04:31,2016-07-25 16:04:31
C06798,2016-07-25 16:05:10,2016-12-23 04:15:22
C01667,2016-07-25 16:12:31,2016-07-30 02:26:09
C08226,2016-07-25 16:14:26,2016-12-19 02:35:43
C00237,2016-07-25 16:24:31,2016-08-28 17:37:09
C09357,2016-07-25 16:27:39,2016-12-30 13:52:51
C10297,2016-07-25 16:29:49,2016-11-08 20:33:57
C11311,2016-07-25 16:30:15,2016-08-17 22:51:23
C04621,2016-07-25 16:31:20,2016-12-30 14:58:52
C09425,2016-07-25 16:42:51,2016-07-25 16:42:51
C08939,2016-07-25 16:50:42,2016-07-25 16:50:42
C00638,2016-07-25 16:55:46,2016-09-09 03:06:13
C04042,2016-07-25 16:56:01,2016-07-25 16:56:01
C01698,2016-07-25 16:57:51,2016-10-13 01:15:16
C01728,2016-07-25 17:03:48,2016-07-25 18:34:00
C08594,2016-07-25 17:06:19,2016-12-30 21:54:26
C07760,2016-07-25 17:11:47,2016-12-05 18:46:13
C06013,2016-07-25 17:12:49,2016-12-04 21:05:42
C02418,2016-07-25 17:15:08,2016-10-05 20:23:45
C12554,2016-07-25 17:30:20,2016-08-06 15:56:40
C08896,2016-07-25 17:31:36,2016-07-25 17:31:36
C08153,2016-07-25 17:38:22,2016-07-26 23:06:13
C04483,2016-07-25 17:49:51,2016-11-03 21:49:35
C12105,2016-07-25 17:54:08,2016-08-15 17:24:02
C00270,2016-07-25 18:00:41,2016-11-22 17:12:15
C13313,2016-07-25 18:02:20,2016-12-27 23:27:47
C08859,2016-07-25 18:13:56,2016-07-25 18:13:56
C03541,2016-07-25 18:16:54,2016-10-28 22:41:39
C03257,2016-07-25 18:18:27,2016-09-13 17:33:22
C06918,2016-07-25 18:19:24,2016-12-16 18:17:32
C03707,2016-07-25 18:21:14,2016-12-25 15:59:07
C07509,2016-07-25 18:22:05,2016-07-25 18:22:05
C07929,2016-07-25 18:24:55,2016-11-15 22:47:20
C11815,2016-07-25 18:27:42,2016-11-27 02:00:13
C06004,2016-07-25 18:31:21,2016-11-03 20:05:22
C04484,2016-07-25 18:33:23,2016-12-30 03:38:12
C03621,2016-07-25 18:36:52,2016-11-03 15:43:20
C11202,2016-07-25 18:37:39,2016-07-25 18:37:39
C02666,2016-07-25 18:43:21,2016-11-28 07:59:18
C10692,2016-07-25 18:45:15,2016-07-25 18:45:15
C10302,2016-07-25 18:45:46,2016-12-21 01:42:47
C07528,2016-07-25 18:46:30,2016-07-25 18:46:30
C05503,2016-07-25 18:51:26,2016-12-08 12:47:21
C08963,2016-07-25 19:17:14,2016-07-25 19:17:14
C12465,2016-07-25 19:17:41,2016-07-25 19:17:41
C02318,2016-07-25 19:23:27,2016-09-06 23:54:16
C03976,2016-07-25 19:29:55,2016-09-13 01:13:53
C07270,2016-07-25 19:47:20,2016-11-29 15:18:18
C10081,2016-07-25 19:51:26,2016-07-25 20:01:19
C11147,2016-07-25 19:59:21,2016-07-25 19:59:21
C02300,2016-07-25 20:05:27,2016-08-31 20:11:57
C12263,2016-07-25 20:13:42,2016-07-25 20:13:42
C04332,2016-07-25 20:15:56,2016-12-06 14:28:29
C09037,2016-07-25 20:19:57,2016-12-04 20:58:21
C09204,2016-07-25 20:20:31,2016-12-23 18:00:57
C13173,2016-07-25 20:21:04,2016-07-25 20:21:04
C13427,2016-07-25 20:21:33,2016-07-28 22:15:30
C05742,2016-07-25 20:22:39,2016-09-19 12:05:03
C05225,2016-07-25 20:25:50,2016-12-16 18:41:55
C05847,2016-07-25 20:33:17,2016-08-18 17:35:08
C09927,2016-07-25 20:33:17,2016-11-08 02:17:04
C00655,2016-07-25 20:46:10,2016-09-21 08:13:27
C02374,2016-07-25 20:52:16,2016-10-19 15:44:03
C13240,2016-07-25 20:52:36,2016-07-25 20:52:36
C08097,2016-07-25 20:54:58,2016-10-15 06:40:46
C02528,2016-07-25 21:08:00,2016-07-25 21:08:00
C08883,2016-07-25 21:08:03,2016-07-25 21:08:03
C07999,2016-07-25 21:14:08,2016-11-22 20:08:22
C08427,2016-07-25 21:14:18,2016-11-06 21:37:10
C09009,2016-07-25 21:16:11,2016-07-25 21:59:29
C10555,2016-07-25 21:16:18,2016-12-22 16:17:43
C12389,2016-07-25 21:19:06,2016-12-31 17:39:48
C02478,2016-07-25 21:25:56,2016-07-25 21:25:56
C04736,2016-07-25 21:28:36,2016-07-25 21:28:36
C07651,2016-07-25 21:35:22,2016-07-25 21:35:22
C09143,2016-07-25 21:36:16,2016-10-14 16:29:13
C06669,2016-07-25 21:37:06,2016-11-07 18:13:10
C06575,2016-07-25 21:41:11,2016-10-20 20:55:44
C07199,2016-07-25 21:48:37,2016-12-19 18:29:23
C09044,2016-07-25 21:49:11,2016-10-14 13:57:38
C06177,2016-07-25 21:52:23,2016-11-09 23:45:55
C05001,2016-07-25 22:01:53,2016-07-25 22:01:53
C10697,2016-07-25 22:10:07,2016-12-27 22:22:05
C12108,2016-07-25 22:11:01,2016-09-21 20:50:32
C07243,2016-07-25 22:12:48,2016-07-25 22:12:48
C05288,2016-07-25 22:12:58,2016-11-25 14:09:39
C05246,2016-07-25 22:19:09,2016-07-25 22:19:09
C04694,2016-07-25 22:22:56,2016-10-29 21:21:33
C08137,2016-07-25 22:24:21,2016-12-15 18:04:42
C00375,2016-07-25 22:24:40,2016-12-23 14:33:57
C06472,2016-07-25 22:28:25,2016-10-03 19:26:33
C11825,2016-07-25 22:28:34,2016-07-25 22:28:34
C09753,2016-07-25 22:29:45,2016-09-16 20:15:53
C05426,2016-07-25 22:30:29,2016-12-25 05:08:46
C12492,2016-07-25 22:44:00,2016-12-21 18:25:48
C13174,2016-07-25 22:44:34,2016-09-15 12:07:54
C03744,2016-07-25 22:45:23,2016-12-16 15:51:01
C01396,2016-07-25 22:46:06,2016-07-25 22:46:06
C01588,2016-07-25 23:09:35,2016-12-10 16:04:38
C00442,2016-07-25 23:14:19,2016-12-12 22:35:25
C02048,2016-07-25 23:29:07,2016-10-31 12:38:17
C11025,2016-07-25 23:30:59,2016-07-25 23:30:59
C03854,2016-07-25 23:33:25,2016-07-25 23:33:25
C05894,2016-07-25 23:42:10,2016-10-23 18:45:42
C04245,2016-07-25 23:42:30,2016-12-21 18:53:52
C04123,2016-07-25 23:44:56,2016-10-09 19:24:37
C11120,2016-07-25 23:47:51,2016-10-20 15:36:17
C06668,2016-07-25 23:53:52,2016-10-02 20:19:39
C08067,2016-07-25 23:54:26,2016-12-26 18:17:30
C07165,2016-07-26 00:00:04,2016-11-10 11:11:57
C09667,2016-07-26 00:04:20,2016-07-26 00:04:20
C04427,2016-07-26 00:09:09,2016-07-26 00:09:09
C00184,2016-07-26 00:14:48,2016-12-03 19:25:14
C04931,2016-07-26 00:22:27,2016-09-07 02:06:59
C08636,2016-07-26 00:29:30,2016-07-26 00:29:30
C00643,2016-07-26 00:34:30,2016-08-27 14:31:37
C07420,2016-07-26 00:35:11,2016-11-02 15:05:52
C05354,2016-07-26 00:38:52,2016-12-29 18:39:19
C01613,2016-07-26 00:40:34,2016-11-28 01:46:56
C04544,2016-07-26 00:47:08,2016-07-26 00:47:08
C04001,2016-07-26 01:04:50,2016-07-26 01:04:50
C08400,2016-07-26 01:07:08,2016-12-17 19:16:57
C01141,2016-07-26 01:07:13,2016-10-23 00:43:20
C01250,2016-07-26 01:08:47,2016-11-25 17:57:14
C11685,2016-07-26 01:08:58,2016-09-08 13:01:03
C04724,2016-07-26 01:19:16,2016-12-24 14:20:46
C10343,2016-07-26 01:24:53,2016-10-03 22:40:04
C00891,2016-07-26 01:25:42,2016-12-06 22:16:32
C00590,2016-07-26 01:28:39,2016-12-06 16:28:46
C02208,2016-07-26 01:30:53,2016-07-26 01:30:53
C03071,2016-07-26 01:33:49,2016-08-29 01:48:26
C09264,2016-07-26 01:35:44,2016-07-26 01:35:44
C01939,2016-07-26 01:39:24,2016-12-12 01:57:10
C09525,2016-07-26 01:42:44,2016-07-26 01:42:44
C09225,2016-07-26 01:45:35,2016-08-22 16:50:22
C01350,2016-07-26 01:55:34,2016-12-14 15:30:53
C03659,2016-07-26 02:14:11,2016-07-26 02:53:53
C08731,2016-07-26 02:16:29,2016-07-26 02:32:57
C12300,2016-07-26 02:16:47,2016-08-07 21:48:44
C05275,2016-07-26 02:22:34,2016-11-24 21:44:08
C11134,2016-07-26 02:27:57,2016-08-10 21:54:52
C03408,2016-07-26 02:33:23,2016-12-18 01:31:36
C10073,2016-07-26 02:38:03,2016-07-26 04:47:25
C12928,2016-07-26 02:55:39,2016-11-01 19:12:53
C05583,2016-07-26 03:07:54,2016-08-05 05:02:33
C03618,2016-07-26 03:23:32,2016-07-26 03:23:32
C09590,2016-07-26 03:24:33,2016-11-24 21:48:07
C04128,2016-07-26 03:32:30,2016-12-30 23:49:24
C10528,2016-07-26 03:33:14,2016-12-24 06:41:04
C04496,2016-07-26 03:42:27,2016-09-27 17:09:59
C09937,2016-07-26 03:44:11,2016-09-28 02:21:22
C01512,2016-07-26 03:48:57,2016-07-26 03:48:57
C11205,2016-07-26 03:54:56,2016-07-26 03:54:56
C13132,2016-07-26 04:14:16,2016-07-27 01:05:43
C12027,2016-07-26 04:36:04,2016-12-19 20:11:10
C04959,2016-07-26 05:01:25,2016-07-26 15:29:14
C11099,2016-07-26 05:01:28,2016-12-20 00:57:54
C04985,2016-07-26 05:19:49,2016-07-26 05:19:49
C05348,2016-07-26 05:25:19,2016-07-26 05:25:19
C03280,2016-07-26 05:57:26,2016-07-26 05:57:26
C01808,2016-07-26 06:16:12,2016-07-26 06:16:12
C12299,2016-07-26 06:30:00,2016-11-07 15:24:32
C12695,2016-07-26 07:16:59,2016-12-31 23:55:12
C08574,2016-07-26 07:17:26,2016-12-31 04:01:07
C05884,2016-07-26 08:34:48,2016-07-26 08:34:48
C03930,2016-07-26 08:39:25,2016-12-22 20:15:40
C03035,2016-07-26 09:19:40,2016-12-14 10:41:39
C13025,2016-07-26 11:47:46,2016-10-03 20:32:47
C01217,2016-07-26 12:29:41,2016-09-23 18:18:24
C02012,2016-07-26 12:34:40,2016-07-29 19:07:06
C02810,2016-07-26 13:07:00,2016-11-02 12:20:32
C02568,2016-07-26 13:07:28,2016-11-25 18:57:58
C10122,2016-07-26 13:21:15,2016-07-26 13:21:15
C09215,2016-07-26 13:25:24,2016-11-13 05:19:10
C11404,2016-07-26 13:34:21,2016-07-26 13:45:46
C07230,2016-07-26 13:45:53,2016-08-11 15:50:19
C03057,2016-07-26 13:57:08,2016-12-06 17:32:14
C07706,2016-07-26 14:08:38,2016-12-20 03:03:25
C00182,2016-07-26 14:10:54,2016-09-15 23:27:08
C00356,2016-07-26 14:13:47,2016-07-26 14:25:00
C13478,2016-07-26 14:19:46,2016-11-24 10:39:43
C11550,2016-07-26 14:34:24,2016-07-26 14:34:24
C03127,2016-07-26 14:37:16,2016-11-22 20:00:19
C08392,2016-07-26 14:40:20,2016-07-26 14:40:20
C10512,2016-07-26 14:43:43,2016-12-18 19:10:34
C09565,2016-07-26 14:45:42,2016-11-15 15:18:27
C10645,2016-07-26 15:01:07,2016-12-24 00:16:05
C02212,2016-07-26 15:01:58,2016-12-24 19:22:24
C10420,2016-07-26 15:04:01,2016-12-21 17:31:58
C01606,2016-07-26 15:11:27,2016-07-26 15:11:27
C00344,2016-07-26 15:12:41,2016-07-26 15:12:41
C10891,2016-07-26 15:14:42,2016-07-26 15:14:42
C01765,2016-07-26 15:14:47,2016-12-31 22:55:59
C11083,2016-07-26 15:23:19,2016-12-31 17:05:11
C00636,2016-07-26 15:34:58,2016-07-26 15:34:58
C06670,2016-07-26 15:36:18,2016-07-26 15:57:19
C00893,2016-07-26 15:38:25,2016-10-12 19:52:17
C02378,2016-07-26 15:41:02,2016-10-07 09:50:29
C00367,2016-07-26 15:42:15,2016-07-26 15:42:15
C05630,2016-07-26 15:42:56,2016-12-28 22:14:13
C02833,2016-07-26 15:46:00,2016-10-04 18:25:49
C00679,2016-07-26 15:46:42,2016-12-12 15:59:16
C12934,2016-07-26 15:52:54,2016-08-17 21:03:41
C08754,2016-07-26 16:04:02,2016-07-26 16:04:02
C03489,2016-07-26 16:07:28,2016-11-09 17:42:15
C06943,2016-07-26 16:08:28,2016-11-11 23:00:13
C09100,2016-07-26 16:15:06,2016-07-26 16:15:06
C12047,2016-07-26 16:16:55,2016-12-24 13:51:14
C00802,2016-07-26 16:17:08,2016-09-16 23:17:13
C10311,2016-07-26 16:19:57,2016-07-26 16:19:57
C07136,2016-07-26 16:25:10,2016-11-19 13:02:20
C04333,2016-07-26 16:25:18,2016-12-16 13:20:14
C01641,2016-07-26 16:27:26,2016-12-10 23:01:58
C03819,2016-07-26 16:51:42,2016-07-26 16:51:42
C07914,2016-07-26 16:56:14,2016-12-26 14:06:34
C04590,2016-07-26 16:58:10,2016-12-24 13:55:48
C05903,2016-07-26 17:01:22,2016-11-20 17:06:57
C12970,2016-07-26 17:03:29,2016-09-17 17:02:32
C00153,2016-07-26 17:11:21,2016-08-30 15:27:54
C00420,2016-07-26 17:19:30,2016-11-19 19:24:03
C05041,2016-07-26 17:23:44,2016-07-26 17:23:44
C07200,2016-07-26 17:25:46,2016-11-20 14:42:49
C00971,2016-07-26 17:27:08,2016-11-16 20:35:24
C05401,2016-07-26 17:27:09,2016-12-12 20:23:07
C06761,2016-07-26 17:30:12,2016-07-26 17:30:12
C00043,2016-07-26 17:36:26,2016-08-07 16:03:28
C02415,2016-07-26 17:38:28,2016-11-26 11:21:13
C02375,2016-07-26 17:47:08,2016-11-30 12:19:44
C05205,2016-07-26 18:22:05,2016-12-31 15:57:38
C10793,2016-07-26 18:30:22,2016-09-06 14:28:32
C01341,2016-07-26 18:30:57,2016-07-26 18:30:57
C00825,2016-07-26 18:34:18,2016-07-26 18:34:18
C06132,2016-07-26 18:36:41,2016-12-31 14:57:44
C01669,2016-07-26 18:45:00,2016-07-26 18:45:00
C05941,2016-07-26 18:51:33,2016-10-10 03:06:52
C12071,2016-07-26 19:00:33,2016-07-26 19:00:33
C01802,2016-07-26 19:01:00,2016-07-26 19:01:00
C03007,2016-07-26 19:01:11,2016-10-14 20:22:12
C06567,2016-07-26 19:06:35,2016-07-31 01:46:49
C10202,2016-07-26 19:18:27,2016-08-07 19:15:34
C04524,2016-07-26 19:23:41,2016-10-18 17:39:18
C05296,2016-07-26 19:25:50,2016-07-26 19:25:50
C02644,2016-07-26 19:29:09,2016-07-26 19:29:09
C06975,2016-07-26 19:31:00,2016-12-18 23:47:14
C08077,2016-07-26 19:33:56,2016-07-29 18:07:14
C01523,2016-07-26 19:37:32,2016-10-04 17:28:10
C00896,2016-07-26 19:43:37,2016-10-25 17:04:06
C00579,2016-07-26 19:47:42,2016-09-23 15:53:10
C08434,2016-07-26 19:51:19,2016-07-26 19:51:19
C05441,2016-07-26 19:51:41,2016-07-26 19:51:41
C02421,2016-07-26 19:54:24,2016-07-31 18:44:55
C10509,2016-07-26 19:55:55,2016-12-21 19:18:14
C11580,2016-07-26 19:56:56,2016-07-26 19:56:56
C00928,2016-07-26 20:08:18,2016-12-04 04:40:30
C01912,2016-07-26 20:10:51,2016-07-26 20:10:51
C10926,2016-07-26 20:16:08,2016-11-16 00:28:14
C10371,2016-07-26 20:25:43,2016-12-27 00:12:34
C04122,2016-07-26 20:28:53,2016-07-26 20:28:53
C08331,2016-07-26 20:34:07,2016-07-26 20:34:07
C11350,2016-07-26 20:34:10,2016-09-19 19:30:00
C00521,2016-07-26 20:40:17,2016-07-26 20:40:17
C02085,2016-07-26 20:43:06,2016-11-27 13:44:33
C08711,2016-07-26 20:50:12,2016-12-27 16:55:30
C12394,2016-07-26 20:53:42,2016-08-21 23:08:29
C10578,2016-07-26 20:58:45,2016-12-16 22:43:50
C07926,2016-07-26 21:04:17,2016-12-03 20:24:02
C05109,2016-07-26 21:12:30,2016-11-13 00:19:12
C11048,2016-07-26 21:20:08,2016-07-26 21:20:08
C09052,2016-07-26 21:25:31,2016-12-01 15:27:31
C09781,2016-07-26 21:47:00,2016-07-26 21:47:00
C10657,2016-07-26 21:51:56,2016-12-12 20:55:30
C07460,2016-07-26 21:53:23,2016-07-26 22:02:19
C12313,2016-07-26 21:54:00,2016-07-26 21:54:00
C12443,2016-07-26 21:57:05,2016-12-11 21:12:14
C05517,2016-07-26 22:04:09,2016-12-16 15:47:17
C03450,2016-07-26 22:04:13,2016-11-12 04:12:25
C03678,2016-07-26 22:04:51,2016-12-22 16:15:44
C00516,2016-07-26 22:07:05,2016-07-26 22:07:05
C02785,2016-07-26 22:07:36,2016-10-05 14:55:35
C13320,2016-07-26 22:08:55,2016-12-29 16:03:03
C07861,2016-07-26 22:16:10,2016-12-31 13:30:41
C03554,2016-07-26 22:20:48,2016-08-15 22:44:31
C08927,2016-07-26 22:29:02,2016-11-04 22:02:06
C02281,2016-07-26 22:30:36,2016-09-30 21:23:40
C10293,2016-07-26 22:31:21,2016-08-03 19:09:27
C02402,2016-07-26 22:32:24,2016-12-29 23:01:09
C01200,2016-07-26 22:33:48,2016-07-26 22:33:48
C08718,2016-07-26 22:43:21,2016-10-15 23:21:16
C08351,2016-07-26 22:54:05,2016-12-01 16:55:10
C01872,2016-07-26 22:57:12,2016-09-13 21:23:50
C02307,2016-07-26 23:16:29,2016-07-26 23:16:29
C06109,2016-07-26 23:18:19,2016-12-19 14:25:50
C10691,2016-07-26 23:42:33,2016-07-26 23:42:33
C04638,2016-07-26 23:52:12,2016-10-04 02:00:01
C11174,2016-07-26 23:58:36,2016-07-26 23:58:36
C04513,2016-07-27 00:03:53,2016-07-27 00:13:09
C02806,2016-07-27 00:07:25,2016-10-22 15:01:11
C04797,2016-07-27 00:09:12,2016-12-29 01:50:16
C05995,2016-07-27 00:12:08,2016-07-27 00:26:50
C10686,2016-07-27 00:23:32,2016-09-30 03:09:57
C05133,2016-07-27 00:30:54,2016-09-03 23:54:41
C07253,2016-07-27 00:33:20,2016-07-27 00:33:20
C02471,2016-07-27 00:41:10,2016-10-16 01:48:42
C04009,2016-07-27 00:48:32,2016-12-01 16:05:29
C07091,2016-07-27 00:59:29,2016-10-25 02:34:20
C11476,2016-07-27 01:06:15,2016-12-17 16:39:34
C07261,2016-07-27 01:13:18,2016-07-27 01:13:18
C00985,2016-07-27 01:18:31,2016-10-23 23:54:02
C02798,2016-07-27 01:26:37,2016-12-14 21:23:31
C11264,2016-07-27 01:33:02,2016-07-29 01:15:26
C10730,2016-07-27 01:37:35,2016-09-15 01:41:42
C06790,2016-07-27 01:43:21,2016-08-24 06:19:42
C00033,2016-07-27 01:47:07,2016-07-31 14:26:38
C08827,2016-07-27 01:47:55,2016-07-27 01:47:55
C02034,2016-07-27 01:50:40,2016-10-26 20:39:14
C09427,2016-07-27 01:53:12,2016-10-31 14:31:49
C04674,2016-07-27 02:02:13,2016-07-27 02:02:13
C11592,2016-07-27 02:04:21,2016-08-25 17:29:45
C04738,2016-07-27 02:06:41,2016-10-28 22:15:21
C11230,2016-07-27 02:08:25,2016-12-12 22:05:56
C10426,2016-07-27 02:15:11,2016-07-28 21:52:08
C08117,2016-07-27 02:50:04,2016-12-09 12:09:09
C13348,2016-07-27 03:21:10,2016-09-10 10:54:05
C02625,2016-07-27 03:24:41,2016-07-27 03:24:41
C06520,2016-07-27 03:26:19,2016-12-10 00:04:59
C12939,2016-07-27 03:33:31,2016-12-19 23:36:28
C07077,2016-07-27 04:09:48,2016-12-30 17:38:38
C06827,2016-07-27 04:10:41,2016-11-20 04:32:41
C09058,2016-07-27 04:11:10,2016-07-27 04:11:10
C00481,2016-07-27 04:12:46,2016-07-27 04:12:46
C13115,2016-07-27 04:26:00,2016-07-27 04:26:00
C10787,2016-07-27 04:37:36,2016-12-18 16:11:37
C01306,2016-07-27 04:39:15,2016-12-30 21:51:13
C09544,2016-07-27 05:01:29,2016-11-29 14:08:23
C04606,2016-07-27 05:12:33,2016-07-27 05:31:50
C10629,2016-07-27 05:15:00,2016-11-19 23:15:45
C05962,2016-07-27 05:58:21,2016-07-27 05:58:21
C03672,2016-07-27 06:26:41,2016-12-29 15:23:33
C10742,2016-07-27 06:42:10,2016-12-18 23:59:54
C00274,2016-07-27 06:58:25,2016-12-23 06:36:06
C11320,2016-07-27 08:17:41,2016-11-22 21:32:12
C00848,2016-07-27 08:29:34,2016-07-27 08:29:34
C02526,2016-07-27 10:10:48,2016-09-04 03:40:05
C10446,2016-07-27 10:32:16,2016-12-01 18:53:46
C07055,2016-07-27 10:42:24,2016-08-13 00:51:53
C07260,2016-07-27 12:11:23,2016-07-27 12:11:23
C09593,2016-07-27 12:53:39,2016-07-27 12:53:39
C12844,2016-07-27 13:20:30,2016-07-27 13:20:30
C12074,2016-07-27 13:47:12,2016-07-27 13:47:12
C04722,2016-07-27 13:58:14,2016-07-27 13:58:14
C06956,2016-07-27 14:29:49,2016-08-04 20:30:37
C06516,2016-07-27 14:30:44,2016-12-20 02:17:09
C08701,2016-07-27 14:35:50,2016-08-17 14:56:38
C07983,2016-07-27 14:36:43,2016-12-14 14:43:37
C09192,2016-07-27 14:39:24,2016-10-26 20:42:16
C12178,2016-07-27 14:40:05,2016-12-25 23:25:36
C11253,2016-07-27 14:42:40,2016-12-15 11:47:18
C07428,2016-07-27 14:44:40,2016-11-14 16:48:59
C07115,2016-07-27 14:50:33,2016-12-22 13:13:54
C13365,2016-07-27 14:52:15,2016-12-26 14:38:31
C06911,2016-07-27 14:54:27,2016-11-27 06:14:11
C07866,2016-07-27 15:11:28,2016-07-27 15:11:28
C12244,2016-07-27 15:12:20,2016-11-08 16:08:39
C07177,2016-07-27 15:16:30,2016-07-27 15:16:30
C11259,2016-07-27 15:17:25,2016-10-02 01:12:26
C06987,2016-07-27 15:25:41,2016-12-06 11:12:42
C02876,2016-07-27 15:42:46,2016-07-27 15:42:46
C05702,2016-07-27 15:43:39,2016-12-21 23:22:38
C03687,2016-07-27 15:52:56,2016-07-27 15:52:56
C07654,2016-07-27 16:11:53,2016-12-05 17:47:01
C00884,2016-07-27 16:18:26,2016-12-25 14:27:11
C10355,2016-07-27 16:21:30,2016-11-15 20:31:15
C03139,2016-07-27 16:23:41,2016-07-27 16:23:41
C08608,2016-07-27 16:24:20,2016-07-27 16:39:01
C10488,2016-07-27 16:25:20,2016-09-15 16:31:00
C01993,2016-07-27 16:25:23,2016-12-16 01:06:54
C03988,2016-07-27 16:36:30,2016-09-25 22:18:26
C00016,2016-07-27 16:37:43,2016-12-04 12:47:53
C00839,2016-07-27 16:38:28,2016-10-03 18:06:47
C03845,2016-07-27 16:40:52,2016-08-29 22:16:28
C09571,2016-07-27 16:41:18,2016-10-15 01:01:52
C12820,2016-07-27 16:42:43,2016-10-01 20:59:30
C08618,2016-07-27 16:54:13,2016-12-30 21:03:41
C08091,2016-07-27 17:22:01,2016-07-27 17:22:01
C08561,2016-07-27 17:22:23,2016-12-21 21:17:03
C13308,2016-07-27 17:28:30,2016-09-18 15:26:24
C10580,2016-07-27 17:29:37,2016-07-27 17:29:37
C00482,2016-07-27 17:33:19,2016-07-28 21:02:31
C03793,2016-07-27 17:41:16,2016-08-24 18:46:50
C04782,2016-07-27 17:42:45,2016-12-27 21:56:37
C03284,2016-07-27 17:49:39,2016-12-28 22:52:59
C09562,2016-07-27 17:54:31,2016-12-21 20:21:54
C05980,2016-07-27 18:00:12,2016-12-31 19:57:46
C11710,2016-07-27 18:15:32,2016-11-02 19:13:35
C06793,2016-07-27 18:33:09,2016-12-18 04:54:48
C02834,2016-07-27 18:41:34,2016-07-27 18:41:34
C02382,2016-07-27 18:48:25,2016-12-31 15:08:56
C13386,2016-07-27 18:57:05,2016-11-15 22:54:36
C03219,2016-07-27 19:03:57,2016-12-26 17:39:59
C12376,2016-07-27 19:14:37,2016-09-13 13:01:00
C03157,2016-07-27 19:15:20,2016-12-10 14:11:10
C06422,2016-07-27 19:38:57,2016-12-16 16:55:15
C13432,2016-07-27 19:47:36,2016-12-13 14:11:52
C00735,2016-07-27 19:51:30,2016-11-03 16:43:04
C09886,2016-07-27 19:53:37,2016-12-25 03:14:27
C00722,2016-07-27 20:06:25,2016-12-30 17:09:26
C07234,2016-07-27 20:08:37,2016-07-27 20:08:37
C08669,2016-07-27 20:19:17,2016-09-29 22:22:00
C08696,2016-07-27 20:20:04,2016-12-23 12:43:03
C05060,2016-07-27 20:35:37,2016-07-27 20:35:37
C12017,2016-07-27 20:49:29,2016-11-25 17:41:56
C10851,2016-07-27 21:02:22,2016-12-28 21:26:35
C10846,2016-07-27 21:09:42,2016-12-26 15:59:06
C01007,2016-07-27 21:14:35,2016-12-02 20:35:38
C03665,2016-07-27 21:16:10,2016-07-27 21:16:10
C06315,2016-07-27 21:33:25,2016-11-11 14:13:43
C12717,2016-07-27 21:34:45,2016-08-18 23:59:32
C07013,2016-07-27 21:34:48,2016-10-17 20:40:20
C02890,2016-07-27 21:35:43,2016-12-02 20:25:48
C00634,2016-07-27 21:36:51,2016-10-25 21:20:12
C11078,2016-07-27 21:43:21,2016-10-24 21:36:12
C11226,2016-07-27 21:44:27,2016-12-26 23:20:39
C11756,2016-07-27 22:07:16,2016-11-06 02:32:49
C02816,2016-07-27 22:19:06,2016-11-26 19:36:43
C05247,2016-07-27 22:31:38,2016-12-03 21:18:45
C05452,2016-07-27 22:42:55,2016-10-19 04:57:56
C11784,2016-07-27 23:03:31,2016-07-27 23:03:31
C10951,2016-07-27 23:05:22,2016-12-27 11:31:38
C00177,2016-07-27 23:12:54,2016-07-27 23:12:54
C10281,2016-07-27 23:28:20,2016-07-27 23:28:20
C11414,2016-07-27 23:28:41,2016-09-09 23:51:49
C03833,2016-07-27 23:29:30,2016-07-27 23:29:30
C13497,2016-07-27 23:34:04,2016-07-27 23:34:04
C01474,2016-07-27 23:42:44,2016-07-27 23:42:44
C12943,2016-07-27 23:47:14,2016-10-09 05:23:40
C03029,2016-07-28 00:14:33,2016-07-28 00:14:33
C09378,2016-07-28 00:19:19,2016-12-10 16:34:39
C01338,2016-07-28 00:20:53,2016-07-28 00:20:53
C04712,2016-07-28 00:44:20,2016-07-28 00:52:59
C12768,2016-07-28 00:51:18,2016-12-27 00:50:58
C12064,2016-07-28 00:54:49,2016-12-23 02:00:04
C00471,2016-07-28 00:59:21,2016-07-28 00:59:21
C07097,2016-07-28 01:07:11,2016-07-28 01:07:11
C06581,2016-07-28 01:11:43,2016-10-13 03:05:15
C13084,2016-07-28 01:12:32,2016-07-28 01:14:40
C12779,2016-07-28 01:18:47,2016-08-14 18:58:22
C09469,2016-07-28 01:25:33,2016-12-29 08:32:19
C08681,2016-07-28 01:31:51,2016-08-30 20:55:39
C00827,2016-07-28 01:34:28,2016-07-28 01:34:28
C12548,2016-07-28 01:38:15,2016-08-26 23:21:18
C03092,2016-07-28 01:38:34,2016-07-28 01:38:34
C02636,2016-07-28 01:41:57,2016-10-21 02:34:28
C03951,2016-07-28 01:59:58,2016-07-28 01:59:58
C11868,2016-07-28 02:15:49,2016-07-28 02:15:49
C13185,2016-07-28 02:36:31,2016-10-21 22:19:00
C10995,2016-07-28 02:36:59,2016-09-06 19:28:15
C04052,2016-07-28 02:41:55,2016-07-28 02:41:55
C09611,2016-07-28 02:43:52,2016-12-14 18:10:50
C00325,2016-07-28 02:47:57,2016-09-16 00:56:12
C06175,2016-07-28 02:57:02,2016-11-17 07:15:47
C02670,2016-07-28 03:03:54,2016-09-29 16:21:30
C06991,2016-07-28 03:11:20,2016-12-23 00:22:00
C12646,2016-07-28 03:25:13,2016-12-24 21:28:31
C00518,2016-07-28 03:34:13,2016-07-28 03:34:13
C04051,2016-07-28 03:35:20,2016-08-09 20:01:18
C00042,2016-07-28 03:40:23,2016-11-22 04:17:46
C07860,2016-07-28 03:42:51,2016-07-28 04:03:27
C11875,2016-07-28 03:54:05,2016-10-25 21:53:33
C02888,2016-07-28 04:07:05,2016-11-23 20:58:31
C06529,2016-07-28 04:11:14,2016-12-08 16:55:04
C00096,2016-07-28 04:22:07,2016-07-28 04:22:07
C09345,2016-07-28 04:38:59,2016-12-19 03:51:01
C13163,2016-07-28 04:55:49,2016-11-21 21:31:41
C09307,2016-07-28 04:56:52,2016-12-07 13:44:44
C01117,2016-07-28 05:08:33,2016-07-28 15:13:19
C07179,2016-07-28 05:32:32,2016-09-04 15:38:23
C12630,2016-07-28 05:42:34,2016-07-28 05:42:34
C00346,2016-07-28 05:51:08,2016-12-02 06:37:18
C03703,2016-07-28 06:00:03,2016-12-19 04:02:09
C04836,2016-07-28 06:04:06,2016-12-31 15:44:06
C08585,2016-07-28 06:07:28,2016-09-18 00:22:03
C09040,2016-07-28 06:34:04,2016-12-19 18:51:42
C11525,2016-07-28 06:45:43,2016-07-28 06:45:43
C02801,2016-07-28 07:20:29,2016-07-28 07:20:29
C08404,2016-07-28 09:10:33,2016-07-28 09:10:33
C09617,2016-07-28 09:53:16,2016-07-28 09:53:16
C03199,2016-07-28 12:37:57,2016-07-28 12:37:57
C00055,2016-07-28 12:49:49,2016-10-13 20:35:35
C07418,2016-07-28 13:22:33,2016-12-08 23:50:21
C13226,2016-07-28 13:34:02,2016-08-01 03:38:54
C03535,2016-07-28 13:36:54,2016-11-12 16:06:46
C13431,2016-07-28 13:57:18,2016-07-28 13:57:18
C07705,2016-07-28 14:29:41,2016-07-28 14:29:41
C13400,2016-07-28 14:41:52,2016-07-28 14:41:52
C04006,2016-07-28 14:54:08,2016-10-20 16:10:00
C12795,2016-07-28 15:05:44,2016-07-28 15:05:44
C10839,2016-07-28 15:19:44,2016-12-18 23:56:36
C06944,2016-07-28 15:26:36,2016-10-01 16:52:55
C12563,2016-07-28 15:29:33,2016-07-28 15:29:33
C10319,2016-07-28 15:41:21,2016-12-15 14:23:29
C00087,2016-07-28 15:42:00,2016-11-07 02:08:33
C11145,2016-07-28 15:43:04,2016-12-30 01:56:49
C01165,2016-07-28 15:44:12,2016-11-11 15:42:19
C07625,2016-07-28 15:49:57,2016-07-28 15:49:57
C10526,2016-07-28 15:50:09,2016-08-17 19:35:09
C12601,2016-07-28 15:57:24,2016-07-28 15:57:24
C11291,2016-07-28 15:57:25,2016-12-15 00:49:57
C05827,2016-07-28 15:59:48,2016-07-28 15:59:48
C06745,2016-07-28 16:02:20,2016-12-15 18:08:50
C02935,2016-07-28 16:03:21,2016-11-26 04:05:47
C02687,2016-07-28 16:22:19,2016-12-14 13:20:49
C10958,2016-07-28 16:31:52,2016-07-28 16:31:52
C04218,2016-07-28 16:53:02,2016-12-15 15:08:32
C06533,2016-07-28 16:55:15,2016-11-22 05:07:22
C11553,2016-07-28 16:55:28,2016-07-28 16:55:28
C10522,2016-07-28 17:00:20,2016-08-02 20:51:04
C03216,2016-07-28 17:12:35,2016-09-08 15:13:28
C07748,2016-07-28 17:18:20,2016-07-28 17:37:24
C08327,2016-07-28 17:20:13,2016-07-28 17:20:13
C06732,2016-07-28 17:32:46,2016-09-11 16:12:44
C01683,2016-07-28 17:36:21,2016-07-28 17:36:21
C02500,2016-07-28 17:40:02,2016-07-28 17:40:02
C01069,2016-07-28 17:45:00,2016-08-31 18:53:06
C07664,2016-07-28 17:45:33,2016-12-30 09:23:59
C11382,2016-07-28 17:53:39,2016-12-06 05:17:37
C09934,2016-07-28 17:58:20,2016-08-17 14:12:24
C12183,2016-07-28 18:05:22,2016-07-28 18:05:22
C01542,2016-07-28 18:06:41,2016-11-15 22:23:44
C04070,2016-07-28 18:09:15,2016-12-09 16:13:33
C02484,2016-07-28 18:10:40,2016-11-29 22:13:12
C13096,2016-07-28 18:18:20,2016-12-26 14:11:45
C09404,2016-07-28 18:22:53,2016-10-25 21:38:09
C12088,2016-07-28 18:27:26,2016-12-31 04:47:34
C06618,2016-07-28 18:28:30,2016-12-20 17:09:47
C06871,2016-07-28 18:36:34,2016-11-07 14:12:14
C13424,2016-07-28 18:37:19,2016-12-24 16:25:42
C12625,2016-07-28 18:51:52,2016-11-10 12:50:06
C07229,2016-07-28 19:09:39,2016-12-02 14:11:04
C10565,2016-07-28 19:12:36,2016-11-08 05:02:06
C04586,2016-07-28 19:19:57,2016-07-28 19:20:59
C06933,2016-07-28 19:21:07,2016-07-28 19:21:07
C04768,2016-07-28 19:21:27,2016-07-28 19:21:27
C07069,2016-07-28 19:29:33,2016-12-23 05:12:12
C11696,2016-07-28 19:31:29,2016-07-28 19:31:29
C09268,2016-07-28 19:41:55,2016-12-30 19:44:44
C10421,2016-07-28 19:50:14,2016-10-16 23:34:44
C11908,2016-07-28 19:53:14,2016-10-12 00:50:20
C09971,2016-07-28 19:53:25,2016-12-23 00:44:50
C02448,2016-07-28 19:53:33,2016-07-28 19:53:33
C04063,2016-07-28 20:03:33,2016-07-28 20:03:33
C01759,2016-07-28 20:06:34,2016-12-24 03:00:59
C12419,2016-07-28 20:08:16,2016-09-16 13:05:17
C03145,2016-07-28 20:08:17,2016-07-28 20:08:17
C00142,2016-07-28 20:21:05,2016-07-28 20:39:31
C01915,2016-07-28 20:36:33,2016-07-28 20:36:33
C04645,2016-07-28 20:38:32,2016-08-03 13:13:48
C13123,2016-07-28 20:44:32,2016-07-28 20:44:32
C09311,2016-07-28 21:00:15,2016-12-31 20:26:41
C03952,2016-07-28 21:13:14,2016-07-28 21:13:14
C08848,2016-07-28 21:24:46,2016-07-28 21:24:46
C03011,2016-07-28 21:27:31,2016-11-01 21:08:40
C12550,2016-07-28 21:30:00,2016-11-17 22:45:39
C02253,2016-07-28 21:38:32,2016-12-23 04:46:52
C07376,2016-07-28 21:52:34,2016-07-28 21:52:34
C01600,2016-07-28 22:02:46,2016-12-14 15:12:38
C03827,2016-07-28 22:06:33,2016-07-28 22:06:33
C09073,2016-07-28 22:09:29,2016-12-28 23:47:16
C09229,2016-07-28 22:17:21,2016-08-06 00:53:25
C09302,2016-07-28 22:26:18,2016-07-28 22:26:18
C03623,2016-07-28 22:31:43,2016-07-28 22:31:43
C00312,2016-07-28 22:37:52,2016-11-16 18:08:20
C06895,2016-07-28 22:45:05,2016-08-16 05:22:06
C12038,2016-07-28 22:46:31,2016-07-28 23:05:08
C10038,2016-07-28 22:55:34,2016-07-28 22:55:34
C01551,2016-07-28 23:00:11,2016-12-22 02:07:52
C13383,2016-07-28 23:08:19,2016-12-27 22:01:39
C05210,2016-07-28 23:11:19,2016-07-28 23:11:19
C06854,2016-07-28 23:14:27,2016-12-29 21:27:45
C13023,2016-07-28 23:17:18,2016-10-25 15:37:54
C11452,2016-07-28 23:18:07,2016-12-15 15:27:41
C09110,2016-07-28 23:21:25,2016-07-28 23:21:25
C05740,2016-07-28 23:23:12,2016-07-28 23:23:12
C08960,2016-07-28 23:31:51,2016-07-28 23:31:51
C06562,2016-07-28 23:48:42,2016-07-28 23:48:42
C01378,2016-07-28 23:53:25,2016-07-28 23:53:25
C13476,2016-07-29 00:00:50,2016-11-14 23:12:37
C11646,2016-07-29 00:01:51,2016-07-29 00:01:51
C09592,2016-07-29 00:16:54,2016-12-11 12:12:41
C06699,2016-07-29 00:43:33,2016-12-14 21:32:30
C05454,2016-07-29 00:46:12,2016-11-19 06:25:43
C03644,2016-07-29 01:29:48,2016-10-28 01:54:19
C02064,2016-07-29 01:41:32,2016-12-24 21:40:34
C12483,2016-07-29 02:14:24,2016-09-21 23:33:57
C04149,2016-07-29 02:15:58,2016-12-29 03:09:54
C03929,2016-07-29 02:16:00,2016-12-20 15:03:12
C07655,2016-07-29 02:21:22,2016-07-29 04:44:16
C08971,2016-07-29 02:27:40,2016-12-25 01:27:10
C04362,2016-07-29 02:31:51,2016-10-24 14:52:02
C01676,2016-07-29 02:41:14,2016-12-27 05:28:27
C10622,2016-07-29 02:45:54,2016-11-28 19:43:31
C05464,2016-07-29 02:46:28,2016-11-29 20:41:49
C13296,2016-07-29 03:22:36,2016-10-03 18:33:38
C08944,2016-07-29 03:28:23,2016-11-03 22:02:38
C11718,2016-07-29 03:42:00,2016-12-29 00:24:07
C05838,2016-07-29 03:47:39,2016-07-29 03:47:39
C06246,2016-07-29 03:49:10,2016-12-08 02:56:07
C11820,2016-07-29 04:16:31,2016-07-29 04:16:31
C11903,2016-07-29 04:17:28,2016-09-10 17:55:11
C01049,2016-07-29 04:56:34,2016-09-10 18:07:52
C12702,2016-07-29 05:03:04,2016-09-17 02:01:21
C10977,2016-07-29 05:07:14,2016-12-17 04:08:32
C07620,2016-07-29 05:41:24,2016-12-21 22:35:39
C02593,2016-07-29 06:45:43,2016-11-11 02:48:38
C05799,2016-07-29 09:08:51,2016-12-25 12:07:27
C06081,2016-07-29 10:04:15,2016-08-26 18:03:02
C08769,2016-07-29 12:09:44,2016-07-29 12:09:44
C01616,2016-07-29 13:10:41,2016-12-04 17:18:48
C02029,2016-07-29 13:38:32,2016-07-29 13:38:32
C06717,2016-07-29 13:58:13,2016-07-31 20:06:34
C00121,2016-07-29 14:13:54,2016-07-29 14:13:54
C12402,2016-07-29 14:21:18,2016-07-29 14:21:18
C03458,2016-07-29 14:23:27,2016-08-13 14:00:23
C09379,2016-07-29 14:29:40,2016-12-27 00:06:20
C12181,2016-07-29 14:32:39,2016-11-07 18:03:39
C02966,2016-07-29 14:35:59,2016-11-22 21:29:59
C08022,2016-07-29 14:39:47,2016-07-29 14:39:47
C06098,2016-07-29 14:41:39,2016-12-11 03:18:41
C10110,2016-07-29 14:41:51,2016-12-12 17:43:44
C00515,2016-07-29 14:46:55,2016-10-15 20:25:48
C01612,2016-07-29 15:00:40,2016-11-13 01:53:07
C09327,2016-07-29 15:24:44,2016-07-31 17:50:01
C03846,2016-07-29 15:29:07,2016-07-29 15:29:07
C03349,2016-07-29 15:47:21,2016-08-27 02:42:06
C03534,2016-07-29 15:53:45,2016-10-25 22:19:56
C10832,2016-07-29 15:59:30,2016-07-29 15:59:30
C07849,2016-07-29 16:01:21,2016-11-13 16:14:17
C05418,2016-07-29 16:04:03,2016-07-29 16:04:03
C02202,2016-07-29 16:07:09,2016-11-02 23:57:31
C05917,2016-07-29 16:08:24,2016-07-29 16:08:24
C08160,2016-07-29 16:15:58,2016-08-22 19:47:51
C12158,2016-07-29 16:21:59,2016-12-02 21:22:18
C03901,2016-07-29 16:41:49,2016-09-27 17:40:31
C10719,2016-07-29 16:43:06,2016-12-11 17:36:42
C04188,2016-07-29 16:47:15,2016-11-29 20:11:15
C09814,2016-07-29 16:48:06,2016-07-29 16:48:06
C00648,2016-07-29 16:55:32,2016-10-06 18:30:48
C05047,2016-07-29 16:57:41,2016-11-18 00:10:56
C02427,2016-07-29 17:04:23,2016-09-30 15:44:19
C00010,2016-07-29 17:11:03,2016-08-14 22:23:11
C12986,2016-07-29 17:19:47,2016-12-29 14:41:39
C12498,2016-07-29 17:30:27,2016-10-25 15:11:11
C02463,2016-07-29 17:34:27,2016-11-27 20:41:15
C07772,2016-07-29 17:41:38,2016-12-01 14:42:56
C10564,2016-07-29 17:46:02,2016-10-02 16:13:11
C09656,2016-07-29 17:47:32,2016-12-28 23:37:19
C11773,2016-07-29 17:52:28,2016-09-18 21:45:08
C13071,2016-07-29 18:09:14,2016-07-29 18:09:14
C08398,2016-07-29 18:14:39,2016-11-07 11:57:00
C07825,2016-07-29 18:18:36,2016-12-29 11:03:45
C00035,2016-07-29 18:29:14,2016-12-13 02:02:45
C11955,2016-07-29 18:34:30,2016-07-29 18:34:30
C03586,2016-07-29 18:38:09,2016-12-25 19:37:01
C01774,2016-07-29 18:42:16,2016-07-29 18:42:16
C05663,2016-07-29 18:52:39,2016-07-29 18:52:39
C07843,2016-07-29 18:54:40,2016-07-29 19:10:46
C09535,2016-07-29 18:54:42,2016-07-29 19:50:46
C09166,2016-07-29 18:55:44,2016-09-02 13:51:54
C06782,2016-07-29 19:07:37,2016-11-17 14:31:00
C07342,2016-07-29 19:14:53,2016-12-20 20:08:13
C08996,2016-07-29 19:17:32,2016-08-22 13:44:54
C02954,2016-07-29 19:18:16,2016-11-29 19:15:49
C02292,2016-07-29 19:29:32,2016-12-29 15:02:58
C09707,2016-07-29 19:30:01,2016-10-06 22:48:26
C02825,2016-07-29 19:30:05,2016-07-29 19:30:05
C01271,2016-07-29 19:35:20,2016-11-30 19:28:35
C07353,2016-07-29 19:39:03,2016-07-29 19:39:03
C06844,2016-07-29 19:46:39,2016-12-12 23:50:55
C13515,2016-07-29 19:54:34,2016-11-14 17:46:33
C10143,2016-07-29 19:59:55,2016-09-12 15:32:14
C06773,2016-07-29 20:02:58,2016-09-17 23:33:13
C12927,2016-07-29 20:03:49,2016-08-31 17:56:26
C11502,2016-07-29 20:19:45,2016-09-24 21:46:39
C09406,2016-07-29 20:26:45,2016-07-29 20:26:45
C09512,2016-07-29 20:41:53,2016-07-29 20:41:53
C09643,2016-07-29 21:17:17,2016-12-28 21:04:20
C08275,2016-07-29 21:36:57,2016-11-04 15:58:04
C05817,2016-07-29 21:39:35,2016-09-10 00:44:36
C03753,2016-07-29 22:04:28,2016-11-14 18:21:43
C05403,2016-07-29 22:23:01,2016-07-29 22:23:01
C12442,2016-07-29 22:43:58,2016-07-29 23:11:40
C08591,2016-07-29 23:00:41,2016-08-24 17:01:25
C06119,2016-07-29 23:01:28,2016-10-09 22:20:43
C13167,2016-07-29 23:06:30,2016-10-09 00:37:00
C02442,2016-07-29 23:07:28,2016-07-29 23:07:28
C08241,2016-07-29 23:09:23,2016-09-15 00:07:38
C07213,2016-07-29 23:33:51,2016-12-13 23:07:19
C11588,2016-07-29 23:36:12,2016-12-15 18:20:35
C07556,2016-07-29 23:45:50,2016-09-03 17:34:44
C10997,2016-07-30 00:31:52,2016-07-30 00:31:52
C05565,2016-07-30 00:32:02,2016-09-09 17:14:49
C07010,2016-07-30 00:49:46,2016-07-30 00:49:46
C09818,2016-07-30 01:01:52,2016-07-30 01:01:52
C04126,2016-07-30 01:03:15,2016-12-30 18:53:02
C08572,2016-07-30 01:07:12,2016-12-22 16:18:57
C07283,2016-07-30 01:12:26,2016-07-30 01:12:26
C10158,2016-07-30 01:28:40,2016-07-30 01:54:06
C13002,2016-07-30 01:42:45,2016-07-30 01:42:45
C03495,2016-07-30 01:42:55,2016-07-30 01:42:55
C05907,2016-07-30 01:55:07,2016-07-30 01:55:07
C02860,2016-07-30 01:58:05,2016-08-15 20:30:44
C00305,2016-07-30 02:19:24,2016-07-30 02:19:24
C02912,2016-07-30 02:20:55,2016-12-05 01:11:44
C01401,2016-07-30 02:22:04,2016-10-08 14:39:00
C02263,2016-07-30 02:34:10,2016-10-20 01:31:10
C08969,2016-07-30 02:47:44,2016-10-11 22:00:13
C10313,2016-07-30 03:06:28,2016-09-29 22:57:29
C03614,2016-07-30 04:22:04,2016-07-30 04:22:04
C10298,2016-07-30 04:26:30,2016-11-21 04:00:26
C02723,2016-07-30 04:44:31,2016-12-19 01:27:02
C06907,2016-07-30 08:03:57,2016-10-26 15:43:32
C07971,2016-07-30 08:09:43,2016-07-30 08:09:43
C12929,2016-07-30 13:04:23,2016-09-12 22:50:33
C03128,2016-07-30 13:13:35,2016-12-14 20:23:54
C08330,2016-07-30 13:48:14,2016-07-30 13:48:14
C09809,2016-07-30 14:46:18,2016-10-05 16:22:26
C11648,2016-07-30 14:58:39,2016-11-12 20:40:38
C05628,2016-07-30 15:05:14,2016-08-14 01:17:28
C10240,2016-07-30 15:06:38,2016-12-21 23:56:36
C06032,2016-07-30 15:17:03,2016-07-30 15:17:03
C07221,2016-07-30 15:20:48,2016-08-09 00:56:52
C03352,2016-07-30 15:23:35,2016-12-12 02:43:05
C07652,2016-07-30 15:41:21,2016-10-31 13:59:36
C04494,2016-07-30 15:47:31,2016-09-19 18:10:04
C10659,2016-07-30 16:03:23,2016-07-30 16:03:23
C06586,2016-07-30 16:07:32,2016-08-09 05:05:16
C02555,2016-07-30 16:12:36,2016-09-15 17:16:02
C04675,2016-07-30 16:13:10,2016-07-30 16:13:10
C06160,2016-07-30 16:16:08,2016-12-28 10:51:36
C04175,2016-07-30 16:23:38,2016-07-30 16:23:38
C06760,2016-07-30 16:32:47,2016-11-24 21:25:03
C12938,2016-07-30 16:36:37,2016-07-30 16:40:11
C04335,2016-07-30 16:49:23,2016-07-30 16:49:23
C11602,2016-07-30 17:04:19,2016-07-30 17:08:09
C08399,2016-07-30 17:07:40,2016-07-30 17:07:40
C12688,2016-07-30 17:08:33,2016-07-30 17:08:33
C07436,2016-07-30 17:23:19,2016-07-30 17:23:19
C02308,2016-07-30 17:30:14,2016-08-03 17:08:21
C08878,2016-07-30 17:36:34,2016-12-30 10:14:53
C03647,2016-07-30 17:38:55,2016-12-20 22:24:40
C08329,2016-07-30 18:04:32,2016-11-22 22:30:24
C02505,2016-07-30 18:10:27,2016-11-21 15:06:59
C04019,2016-07-30 18:12:53,2016-07-30 18:12:53
C09266,2016-07-30 18:17:13,2016-09-21 18:44:14
C08743,2016-07-30 18:28:53,2016-07-30 18:28:53
C01456,2016-07-30 18:47:10,2016-07-30 18:47:10
C01868,2016-07-30 19:00:29,2016-12-12 22:54:10
C02577,2016-07-30 19:02:44,2016-12-11 00:04:20
C04199,2016-07-30 19:24:57,2016-08-22 22:02:15
C00677,2016-07-30 19:43:32,2016-12-04 23:45:23
C12653,2016-07-30 19:44:49,2016-07-30 19:44:49
C09776,2016-07-30 20:01:57,2016-07-30 20:01:57
C00625,2016-07-30 20:07:17,2016-10-26 16:50:32
C05395,2016-07-30 20:08:26,2016-12-16 19:20:28
C00721,2016-07-30 20:12:50,2016-09-30 23:41:50
C00838,2016-07-30 20:17:57,2016-12-16 14:22:29
C01044,2016-07-30 20:51:48,2016-07-30 20:51:48
C08609,2016-07-30 21:05:18,2016-12-16 20:51:23
C07498,2016-07-30 21:08:29,2016-11-13 01:24:10
C12323,2016-07-30 21:16:54,2016-10-11 00:18:13
C00201,2016-07-30 21:22:34,2016-07-30 21:22:34
C12789,2016-07-30 21:31:16,2016-12-30 21:25:29
C00289,2016-07-30 21:36:31,2016-07-30 21:36:31
C04144,2016-07-30 21:42:42,2016-12-08 04:23:31
C00157,2016-07-30 21:47:46,2016-12-30 17:53:28
C13536,2016-07-30 22:09:25,2016-12-08 17:08:05
C12282,2016-07-30 22:14:24,2016-12-29 19:52:00
C06697,2016-07-30 22:15:14,2016-07-30 22:15:14
C09255,2016-07-30 22:25:00,2016-07-30 22:25:00
C06222,2016-07-30 22:29:04,2016-07-30 22:29:04
C12736,2016-07-30 22:29:46,2016-07-30 22:29:46
C08505,2016-07-30 22:38:40,2016-07-30 22:38:40
C09136,2016-07-30 23:09:43,2016-07-30 23:09:43
C07161,2016-07-30 23:21:11,2016-08-22 02:17:47
C03683,2016-07-30 23:43:50,2016-07-30 23:43:50
C05815,2016-07-30 23:45:48,2016-07-30 23:45:48
C09053,2016-07-30 23:50:09,2016-11-28 17:51:59
C13278,2016-07-31 00:08:16,2016-07-31 00:08:16
C12315,2016-07-31 00:14:23,2016-12-01 23:29:46
C13051,2016-07-31 00:29:25,2016-12-25 23:33:33
C10268,2016-07-31 00:32:53,2016-07-31 00:32:53
C11141,2016-07-31 00:38:20,2016-07-31 00:38:20
C00585,2016-07-31 00:50:50,2016-07-31 00:50:50
C09036,2016-07-31 01:45:22,2016-12-24 18:22:57
C11680,2016-07-31 02:00:45,2016-07-31 02:00:45
C02151,2016-07-31 02:24:05,2016-10-26 22:59:30
C08884,2016-07-31 02:57:56,2016-09-17 19:42:08
C12344,2016-07-31 03:00:48,2016-07-31 03:00:48
C07904,2016-07-31 03:19:23,2016-11-27 14:47:00
C01282,2016-07-31 03:23:24,2016-08-01 13:28:12
C10724,2016-07-31 03:23:29,2016-12-24 13:12:41
C07526,2016-07-31 03:28:32,2016-12-15 02:22:53
C05890,2016-07-31 03:56:08,2016-07-31 03:56:08
C03224,2016-07-31 04:11:08,2016-12-07 20:40:08
C12326,2016-07-31 04:27:29,2016-12-14 13:53:59
C06280,2016-07-31 04:35:47,2016-07-31 04:35:47
C11096,2016-07-31 05:15:41,2016-07-31 05:15:41
C00490,2016-07-31 05:20:09,2016-07-31 05:20:09
C06017,2016-07-31 05:23:06,2016-11-29 02:35:41
C07053,2016-07-31 06:19:56,2016-12-01 21:47:57
C04433,2016-07-31 06:55:55,2016-07-31 07:01:24
C12332,2016-07-31 07:22:24,2016-07-31 07:22:24
C08386,2016-07-31 12:10:22,2016-12-31 02:33:09
C05892,2016-07-31 12:28:36,2016-07-31 12:44:05
C04512,2016-07-31 12:43:50,2016-12-08 23:07:12
C01651,2016-07-31 12:47:26,2016-09-29 15:04:14
C13085,2016-07-31 13:48:33,2016-07-31 13:48:33
C03225,2016-07-31 13:56:11,2016-07-31 13:56:11
C08441,2016-07-31 14:06:55,2016-11-22 17:04:30
C07892,2016-07-31 14:09:03,2016-09-24 14:57:04
C00143,2016-07-31 14:24:36,2016-11-30 17:44:26
C12421,2016-07-31 14:24:53,2016-12-08 23:53:26
C02599,2016-07-31 14:45:44,2016-08-30 17:10:15
C05921,2016-07-31 15:01:07,2016-12-16 16:54:24
C04731,2016-07-31 15:23:58,2016-12-22 02:05:13
C04093,2016-07-31 15:32:39,2016-08-26 13:35:35
C08105,2016-07-31 15:33:51,2016-12-27 18:02:57
C07992,2016-07-31 15:35:34,2016-07-31 15:35:34
C00137,2016-07-31 15:38:21,2016-09-10 19:01:02
C04197,2016-07-31 15:40:30,2016-12-28 14:50:48
C06910,2016-07-31 16:15:10,2016-12-19 15:21:43
C03995,2016-07-31 16:24:40,2016-11-16 18:23:47
C12274,2016-07-31 16:43:22,2016-12-18 14:40:13
C01454,2016-07-31 17:10:09,2016-07-31 17:10:09
C03445,2016-07-31 17:25:10,2016-10-24 16:07:01
C01879,2016-07-31 17:30:21,2016-12-20 20:22:42
C11293,2016-07-31 17:40:23,2016-10-08 16:27:36
C08725,2016-07-31 17:50:05,2016-10-11 04:58:55
C05323,2016-07-31 18:07:02,2016-11-04 15:14:56
C03897,2016-07-31 18:13:18,2016-07-31 18:13:18
C09169,2016-07-31 18:44:48,2016-12-09 14:39:07
C00453,2016-07-31 19:09:07,2016-12-21 17:41:29
C00278,2016-07-31 19:10:38,2016-08-14 20:15:54
C02429,2016-07-31 19:24:55,2016-12-30 16:17:38
C09161,2016-07-31 19:46:28,2016-07-31 19:46:28
C00155,2016-07-31 19:49:11,2016-08-06 22:04:11
C04092,2016-07-31 19:50:43,2016-10-22 17:38:25
C08713,2016-07-31 19:53:39,2016-07-31 19:53:39
C02213,2016-07-31 20:13:28,2016-09-16 14:12:01
C01290,2016-07-31 20:33:00,2016-12-07 17:29:29
C05438,2016-07-31 20:35:02,2016-12-03 10:58:29
C05208,2016-07-31 20:37:51,2016-10-24 07:43:45
C10881,2016-07-31 20:40:07,2016-12-25 20:50:38
C04324,2016-07-31 20:43:21,2016-11-06 18:49:25
C12227,2016-07-31 20:53:48,2016-10-09 02:12:51
C13212,2016-07-31 20:56:27,2016-07-31 20:56:27
C12248,2016-07-31 20:58:33,2016-11-30 14:14:18
C06802,2016-07-31 21:24:29,2016-07-31 21:24:29
C04799,2016-07-31 21:34:10,2016-08-04 23:01:44
C07048,2016-07-31 22:16:49,2016-09-21 21:19:18
C11997,2016-07-31 22:27:14,2016-12-22 16:45:35
C11189,2016-07-31 22:48:13,2016-09-05 17:50:46
C11897,2016-07-31 22:48:16,2016-12-11 17:05:38
C05473,2016-07-31 23:00:37,2016-12-10 18:44:23
C09411,2016-07-31 23:03:26,2016-12-23 16:01:16
C04270,2016-07-31 23:19:40,2016-07-31 23:19:40
C03514,2016-08-01 00:07:42,2016-11-13 23:12:39
C05508,2016-08-01 00:11:39,2016-12-28 22:50:31
C12528,2016-08-01 00:22:48,2016-09-13 23:51:59
C01130,2016-08-01 00:31:53,2016-08-01 00:31:53
C01662,2016-08-01 00:42:49,2016-10-21 19:16:33
C02452,2016-08-01 01:06:21,2016-12-07 10:37:44
C10262,2016-08-01 01:28:25,2016-08-01 01:28:25
C08522,2016-08-01 01:39:17,2016-12-27 22:12:48
C00047,2016-08-01 01:56:50,2016-08-10 04:04:24
C09024,2016-08-01 02:08:38,2016-11-03 17:03:56
C00824,2016-08-01 02:22:05,2016-12-16 22:21:56
C07490,2016-08-01 02:59:23,2016-11-05 04:53:11
C08853,2016-08-01 03:02:58,2016-12-22 16:41:06
C04215,2016-08-01 03:11:08,2016-08-01 03:11:08
C05366,2016-08-01 03:18:20,2016-09-03 00:08:12
C07809,2016-08-01 04:02:56,2016-09-24 14:57:18
C11220,2016-08-01 04:10:11,2016-10-31 23:54:32
C08412,2016-08-01 04:32:30,2016-12-19 22:36:14
C00676,2016-08-01 05:15:14,2016-10-09 21:04:45
C05102,2016-08-01 06:44:01,2016-08-01 06:44:01
C08497,2016-08-01 08:20:13,2016-11-06 23:51:45
C11281,2016-08-01 11:33:27,2016-11-17 20:38:39
C00698,2016-08-01 13:17:35,2016-08-01 13:17:35
C04015,2016-08-01 14:21:16,2016-12-13 16:21:13
C11087,2016-08-01 15:13:27,2016-08-01 15:13:27
C00108,2016-08-01 15:20:05,2016-12-21 17:47:46
C06457,2016-08-01 15:21:14,2016-11-01 18:16:48
C11455,2016-08-01 15:26:31,2016-08-01 15:26:31
C04765,2016-08-01 15:30:03,2016-10-13 00:14:11
C01686,2016-08-01 15:41:34,2016-08-01 15:41:34
C13532,2016-08-01 15:50:38,2016-10-18 15:38:39
C05365,2016-08-01 15:51:10,2016-12-30 19:34:38
C11826,2016-08-01 15:51:17,2016-08-01 15:51:17
C02316,2016-08-01 16:04:47,2016-09-13 21:51:48
C03116,2016-08-01 16:41:50,2016-10-06 13:47:17
C13062,2016-08-01 16:54:28,2016-12-25 13:35:08
C08521,2016-08-01 16:56:05,2016-08-01 16:56:05
C07231,2016-08-01 17:32:56,2016-10-30 21:39:49
C10246,2016-08-01 17:40:05,2016-10-19 16:09:31
C05021,2016-08-01 17:48:24,2016-12-25 01:20:22
C10551,2016-08-01 18:04:50,2016-10-09 00:13:02
C04442,2016-08-01 18:06:00,2016-11-25 01:42:48
C02548,2016-08-01 18:09:14,2016-12-29 20:24:10
C04805,2016-08-01 18:38:00,2016-10-14 00:43:41
C05065,2016-08-01 18:39:56,2016-08-01 18:39:56
C05399,2016-08-01 18:51:04,2016-12-08 18:59:25
C06662,2016-08-01 19:06:18,2016-08-01 19:06:18
C05493,2016-08-01 19:20:31,2016-10-19 20:33:12
C08869,2016-08-01 19:24:35,2016-11-30 23:23:39
C02977,2016-08-01 19:26:22,2016-08-01 19:26:22
C07233,2016-08-01 19:27:43,2016-12-20 00:15:13
C00026,2016-08-01 19:40:54,2016-08-01 19:50:39
C12059,2016-08-01 20:02:27,2016-12-24 03:27:16
C06282,2016-08-01 20:14:00,2016-12-05 21:16:23
C05269,2016-08-01 20:17:02,2016-10-05 22:11:33
C07381,2016-08-01 20:24:38,2016-08-01 20:24:38
C10627,2016-08-01 20:25:45,2016-08-01 20:25:45
C13482,2016-08-01 20:26:07,2016-12-31 01:50:46
C04882,2016-08-01 20:29:34,2016-09-03 21:02:11
C02451,2016-08-01 20:35:18,2016-12-04 02:52:09
C03749,2016-08-01 20:54:37,2016-12-25 13:01:46
C02031,2016-08-01 21:02:00,2016-12-11 13:14:38
C07484,2016-08-01 21:13:10,2016-08-01 21:13:10
C09734,2016-08-01 21:15:41,2016-08-01 21:15:41
C06495,2016-08-01 21:21:45,2016-08-01 21:31:50
C10583,2016-08-01 21:25:15,2016-12-25 21:06:15
C01219,2016-08-01 21:58:00,2016-12-26 17:28:07
C06399,2016-08-01 21:58:07,2016-12-30 19:14:44
C08964,2016-08-01 22:02:28,2016-11-30 00:27:24
C11779,2016-08-01 22:12:58,2016-12-23 18:06:02
C06718,2016-08-01 22:35:43,2016-08-14 04:31:12
C12668,2016-08-01 22:41:18,2016-08-01 22:41:18
C06251,2016-08-01 22:43:41,2016-08-01 22:43:41
C07851,2016-08-01 23:03:08,2016-12-24 16:34:01
C08644,2016-08-01 23:04:19,2016-11-19 19:45:10
C06703,2016-08-01 23:05:32,2016-08-01 23:05:32
C12353,2016-08-01 23:17:15,2016-12-19 15:50:09
C04868,2016-08-01 23:47:03,2016-12-31 13:12:12
C02328,2016-08-01 23:47:03,2016-12-20 01:07:31
C10662,2016-08-01 23:52:25,2016-11-09 14:34:29
C03766,2016-08-01 23:55:37,2016-10-25 00:23:26
C00762,2016-08-01 23:59:58,2016-09-07 21:32:08
C11366,2016-08-02 00:22:27,2016-08-24 22:09:55
C06892,2016-08-02 00:35:43,2016-12-13 13:40:05
C01444,2016-08-02 00:36:48,2016-12-24 16:20:33
C00700,2016-08-02 01:06:35,2016-12-28 22:17:49
C10807,2016-08-02 01:22:21,2016-10-10 22:24:00
C08536,2016-08-02 01:39:17,2016-09-19 21:06:25
C08345,2016-08-02 01:43:02,2016-10-01 20:32:15
C03936,2016-08-02 02:22:41,2016-08-02 05:02:18
C02759,2016-08-02 02:51:08,2016-11-30 20:50:35
C11623,2016-08-02 02:58:33,2016-08-02 02:58:33
C09640,2016-08-02 03:07:20,2016-09-20 03:06:09
C09419,2016-08-02 03:49:19,2016-10-14 19:10:13
C11163,2016-08-02 03:59:53,2016-12-14 17:43:26
C02470,2016-08-02 04:26:50,2016-08-13 17:43:05
C00858,2016-08-02 04:51:42,2016-12-27 15:58:00
C02362,2016-08-02 05:27:53,2016-10-30 17:43:35
C12851,2016-08-02 06:58:40,2016-10-19 03:57:30
C07269,2016-08-02 08:19:30,2016-08-02 08:19:30
C04831,2016-08-02 08:31:32,2016-08-02 08:31:32
C01381,2016-08-02 12:14:22,2016-08-02 12:14:22
C07582,2016-08-02 12:45:00,2016-09-07 06:49:52
C00239,2016-08-02 13:09:11,2016-08-05 14:50:45
C10054,2016-08-02 14:10:34,2016-12-29 00:14:41
C06010,2016-08-02 14:28:16,2016-12-25 03:02:47
C03361,2016-08-02 15:00:02,2016-12-24 01:09:33
C08979,2016-08-02 15:13:12,2016-08-04 15:49:51
C07092,2016-08-02 15:30:56,2016-08-02 15:30:56
C11053,2016-08-02 15:51:04,2016-11-09 03:09:57
C09784,2016-08-02 16:19:17,2016-08-02 16:19:17
C05212,2016-08-02 16:47:59,2016-12-31 19:12:41
C09176,2016-08-02 16:55:08,2016-08-02 16:55:08
C06803,2016-08-02 16:59:29,2016-08-02 16:59:29
C05475,2016-08-02 17:28:23,2016-12-11 21:31:36
C11077,2016-08-02 17:47:51,2016-08-02 17:47:51
C08531,2016-08-02 18:43:03,2016-12-31 18:43:04
C02447,2016-08-02 18:46:11,2016-10-29 03:09:32
C08768,2016-08-02 19:09:48,2016-08-22 02:49:18
C06262,2016-08-02 19:19:56,2016-12-04 00:57:55
C02179,2016-08-02 19:31:08,2016-12-12 03:31:05
C01087,2016-08-02 19:36:14,2016-08-02 19:36:14
C03105,2016-08-02 19:46:47,2016-08-02 19:58:04
C01012,2016-08-02 19:50:59,2016-11-05 22:16:46
C01696,2016-08-02 19:57:52,2016-08-02 19:57:52
C10612,2016-08-02 20:07:33,2016-08-02 20:12:57
C00783,2016-08-02 20:30:55,2016-12-15 20:21:31
C05122,2016-08-02 20:38:01,2016-11-09 21:01:51
C01738,2016-08-02 20:42:03,2016-09-04 18:17:40
C11254,2016-08-02 20:50:22,2016-08-02 20:50:22
C13239,2016-08-02 21:07:05,2016-10-12 23:11:37
C12269,2016-08-02 21:14:59,2016-08-02 21:14:59
C08324,2016-08-02 21:18:09,2016-09-28 02:44:43
C03500,2016-08-02 21:19:21,2016-09-14 19:55:32
C03178,2016-08-02 21:29:09,2016-12-06 01:14:25
C07529,2016-08-02 21:37:17,2016-11-29 15:09:46
C05549,2016-08-02 21:56:56,2016-08-02 21:56:56
C02768,2016-08-02 22:13:00,2016-08-02 22:13:00
C12152,2016-08-02 22:21:06,2016-10-28 03:40:25
C04874,2016-08-02 22:30:38,2016-10-04 17:08:59
C01160,2016-08-02 22:38:37,2016-10-12 19:25:27
C06157,2016-08-02 23:12:49,2016-08-02 23:12:49
C05988,2016-08-02 23:29:24,2016-11-24 02:36:01
C08692,2016-08-02 23:37:31,2016-08-28 01:39:10
C02461,2016-08-02 23:39:59,2016-12-29 22:53:26
C07124,2016-08-02 23:44:21,2016-08-02 23:58:22
C06468,2016-08-03 00:05:08,2016-08-03 00:05:08
C08586,2016-08-03 00:16:50,2016-12-27 11:27:08
C11566,2016-08-03 00:27:12,2016-11-21 04:02:47
C12800,2016-08-03 00:41:07,2016-10-27 16:54:28
C11278,2016-08-03 01:33:12,2016-08-03 01:33:12
C12850,2016-08-03 01:46:51,2016-08-03 01:46:51
C03140,2016-08-03 03:00:22,2016-10-04 02:04:09
C01531,2016-08-03 03:06:22,2016-10-04 16:04:20
C04489,2016-08-03 04:42:33,2016-08-03 04:56:50
C04297,2016-08-03 08:31:19,2016-08-03 08:31:19
C04418,2016-08-03 12:15:39,2016-11-19 13:55:27
C11594,2016-08-03 14:24:50,2016-08-03 14:24:50
C05095,2016-08-03 14:47:54,2016-12-25 16:31:03
C09260,2016-08-03 15:02:22,2016-08-03 15:02:22
C13184,2016-08-03 15:16:23,2016-09-11 17:38:14
C04509,2016-08-03 15:20:00,2016-12-25 23:02:26
C03380,2016-08-03 15:26:39,2016-08-12 16:11:19
C12355,2016-08-03 15:33:08,2016-08-13 17:04:47
C00695,2016-08-03 15:47:24,2016-08-03 15:47:24
C11863,2016-08-03 15:50:22,2016-09-05 23:36:06
C12188,2016-08-03 16:08:19,2016-08-03 16:13:35
C12051,2016-08-03 16:22:01,2016-11-14 02:20:42
C10182,2016-08-03 16:51:46,2016-12-18 16:31:42
C12606,2016-08-03 17:25:10,2016-10-19 15:57:21
C05317,2016-08-03 17:26:54,2016-12-09 20:33:44
C00511,2016-08-03 17:30:04,2016-11-09 17:17:07
C10944,2016-08-03 17:30:17,2016-11-25 18:35:42
C10722,2016-08-03 17:49:49,2016-12-14 18:24:42
C02002,2016-08-03 17:54:45,2016-08-03 17:54:45
C02406,2016-08-03 18:15:31,2016-12-01 23:40:03
C04962,2016-08-03 18:15:35,2016-09-03 00:49:10
C10535,2016-08-03 18:23:15,2016-08-23 22:54:14
C06637,2016-08-03 18:29:39,2016-08-06 15:59:05
C07084,2016-08-03 18:42:57,2016-10-11 18:18:29
C05693,2016-08-03 18:56:49,2016-10-11 02:33:20
C00588,2016-08-03 19:09:08,2016-08-03 19:09:08
C04444,2016-08-03 19:09:24,2016-09-01 15:34:11
C09723,2016-08-03 19:14:44,2016-12-22 13:44:47
C01943,2016-08-03 19:29:04,2016-12-19 17:10:58
C10219,2016-08-03 19:35:31,2016-11-08 23:10:59
C10083,2016-08-03 19:36:13,2016-12-20 14:45:44
C09983,2016-08-03 20:14:42,2016-08-26 00:40:12
C07806,2016-08-03 20:14:59,2016-08-03 20:14:59
C07393,2016-08-03 20:15:07,2016-11-30 17:35:56
C11947,2016-08-03 20:27:37,2016-08-03 20:27:37
C03173,2016-08-03 20:31:55,2016-12-08 13:07:21
C09935,2016-08-03 20:32:48,2016-12-01 01:32:06
C09032,2016-08-03 20:46:12,2016-10-11 22:06:16
C09118,2016-08-03 20:56:23,2016-12-16 23:24:57
C01224,2016-08-03 20:57:51,2016-08-03 20:57:51
C06742,2016-08-03 20:58:01,2016-08-03 20:58:01
C05422,2016-08-03 21:05:50,2016-08-03 21:05:50
C06543,2016-08-03 21:06:45,2016-12-27 15:58:22
C00246,2016-08-03 22:01:20,2016-12-01 19:32:09
C04769,2016-08-03 22:25:01,2016-12-20 20:34:01
C08867,2016-08-03 22:54:40,2016-08-03 22:54:40
C11437,2016-08-03 23:13:22,2016-11-01 21:22:07
C04973,2016-08-03 23:14:34,2016-10-24 19:37:21
C00795,2016-08-03 23:16:02,2016-11-09 14:57:20
C00959,2016-08-03 23:18:24,2016-08-03 23:18:24
C01178,2016-08-03 23:22:33,2016-12-30 17:05:24
C05162,2016-08-03 23:29:43,2016-09-24 03:55:24
C12330,2016-08-03 23:30:53,2016-10-07 22:32:52
C06965,2016-08-03 23:32:25,2016-12-22 19:48:19
C05037,2016-08-03 23:54:26,2016-12-11 23:02:53
C01491,2016-08-04 00:05:18,2016-08-04 00:05:18
C09743,2016-08-04 00:09:55,2016-08-04 00:09:55
C08109,2016-08-04 00:34:30,2016-08-04 00:34:30
C06610,2016-08-04 00:42:01,2016-12-07 17:04:32
C06061,2016-08-04 00:50:16,2016-12-06 00:19:49
C09515,2016-08-04 00:54:58,2016-12-02 18:20:26
C09474,2016-08-04 00:58:12,2016-08-04 00:58:12
C12058,2016-08-04 01:00:31,2016-08-04 01:00:31
C07798,2016-08-04 01:04:33,2016-08-04 01:04:33
C07862,2016-08-04 01:06:58,2016-12-26 18:07:29
C03729,2016-08-04 01:28:15,2016-12-17 22:52:38
C08928,2016-08-04 01:38:54,2016-12-28 01:31:47
C10677,2016-08-04 01:48:20,2016-08-04 01:48:20
C12529,2016-08-04 01:54:21,2016-08-04 01:54:21
C02689,2016-08-04 01:56:03,2016-12-19 23:24:37
C12588,2016-08-04 02:19:56,2016-08-05 05:58:45
C12600,2016-08-04 02:32:24,2016-10-15 00:14:57
C12018,2016-08-04 02:39:28,2016-11-02 13:11:38
C06866,2016-08-04 03:04:54,2016-08-04 03:04:54
C10416,2016-08-04 03:48:22,2016-08-04 03:48:22
C08320,2016-08-04 04:22:04,2016-08-04 04:22:04
C00253,2016-08-04 05:20:42,2016-12-22 15:56:12
C05018,2016-08-04 06:35:48,2016-08-04 06:35:48
C06369,2016-08-04 12:31:40,2016-11-05 16:43:06
C09589,2016-08-04 13:17:07,2016-11-07 14:27:33
C05985,2016-08-04 13:49:07,2016-12-15 04:01:54
C03713,2016-08-04 13:52:40,2016-08-04 13:52:40
C09153,2016-08-04 14:38:10,2016-12-14 14:38:19
C12325,2016-08-04 14:50:52,2016-12-29 12:22:55
C04021,2016-08-04 15:16:26,2016-12-26 20:42:51
C00116,2016-08-04 15:18:20,2016-11-23 15:58:07
C03524,2016-08-04 15:42:22,2016-12-29 09:55:16
C09637,2016-08-04 16:03:43,2016-10-07 17:14:47
C04336,2016-08-04 16:06:00,2016-12-28 17:36:23
C12077,2016-08-04 16:29:48,2016-08-04 16:29:48
C04806,2016-08-04 16:30:02,2016-08-04 16:30:02
C05813,2016-08-04 16:37:51,2016-11-24 10:30:18
C12432,2016-08-04 17:01:46,2016-12-07 06:30:07
C10111,2016-08-04 17:37:32,2016-11-12 20:00:03
C01295,2016-08-04 17:53:40,2016-08-29 20:30:46
C08773,2016-08-04 18:00:36,2016-12-26 02:54:16
C05671,2016-08-04 18:09:14,2016-08-04 18:09:14
C12792,2016-08-04 18:18:01,2016-08-04 18:18:01
C10230,2016-08-04 18:20:16,2016-08-04 18:20:16
C05658,2016-08-04 18:33:44,2016-08-27 19:02:18
C00913,2016-08-04 18:49:17,2016-10-12 00:09:37
C02564,2016-08-04 18:50:15,2016-10-03 21:46:32
C06011,2016-08-04 18:58:37,2016-11-09 00:29:50
C08059,2016-08-04 19:06:04,2016-08-04 19:06:04
C01064,2016-08-04 19:07:27,2016-12-16 20:35:35
C04751,2016-08-04 19:09:45,2016-11-25 12:10:42
C10634,2016-08-04 19:20:46,2016-08-06 23:50:54
C10828,2016-08-04 19:29:35,2016-08-04 19:29:35
C04253,2016-08-04 20:16:29,2016-09-16 19:56:02
C09385,2016-08-04 20:25:26,2016-11-08 21:40:02
C06441,2016-08-04 20:27:19,2016-08-04 20:27:19
C05649,2016-08-04 20:28:38,2016-08-08 23:15:22
C00070,2016-08-04 20:32:10,2016-10-17 01:21:51
C04550,2016-08-04 20:34:04,2016-08-04 20:34:04
C07448,2016-08-04 20:38:05,2016-08-04 20:38:05
C12882,2016-08-04 21:23:38,2016-12-22 09:54:36
C07668,2016-08-04 21:27:31,2016-10-21 14:49:37
C06555,2016-08-04 21:29:30,2016-08-04 21:29:30
C06297,2016-08-04 21:35:30,2016-12-07 17:07:39
C06619,2016-08-04 21:40:04,2016-10-06 01:28:39
C02669,2016-08-04 21:41:16,2016-08-04 21:41:16
C12744,2016-08-04 21:45:09,2016-12-10 15:51:35
C01158,2016-08-04 21:48:53,2016-08-28 18:36:16
C06653,2016-08-04 21:53:32,2016-08-04 21:53:32
C07235,2016-08-04 22:06:43,2016-11-18 23:06:48
C01146,2016-08-04 22:09:53,2016-08-04 22:09:53
C03372,2016-08-04 22:11:46,2016-10-03 20:11:31
C00748,2016-08-04 22:27:40,2016-12-24 22:19:57
C02991,2016-08-04 22:29:41,2016-08-04 22:29:41
C04810,2016-08-04 22:37:30,2016-10-05 20:52:08
C13116,2016-08-04 22:42:44,2016-09-03 23:12:07
C13186,2016-08-04 22:53:25,2016-08-04 22:53:25
C06917,2016-08-04 22:55:23,2016-12-31 05:22:44
C12399,2016-08-04 23:17:11,2016-11-15 23:15:41
C07133,2016-08-04 23:41:38,2016-12-21 22:37:26
C09410,2016-08-05 00:03:27,2016-12-29 00:33:47
C03167,2016-08-05 00:03:45,2016-08-05 00:03:45
C03563,2016-08-05 00:37:43,2016-08-10 07:14:57
C05114,2016-08-05 00:38:31,2016-08-05 00:38:31
C03386,2016-08-05 00:40:27,2016-11-23 02:42:37
C04200,2016-08-05 00:41:17,2016-12-15 03:54:04
C07477,2016-08-05 00:47:28,2016-12-25 22:15:28
C10597,2016-08-05 01:03:47,2016-11-24 19:24:11
C11658,2016-08-05 01:04:11,2016-10-02 15:22:43
C03776,2016-08-05 01:20:33,2016-11-13 05:24:19
C07857,2016-08-05 01:37:01,2016-09-27 20:24:21
C12743,2016-08-05 01:45:53,2016-08-05 01:45:53
C01446,2016-08-05 01:51:43,2016-10-05 00:15:47
C00205,2016-08-05 01:51:47,2016-12-16 11:09:39
C08459,2016-08-05 02:15:21,2016-11-28 17:25:21
C10042,2016-08-05 02:17:09,2016-12-08 17:26:47
C00158,2016-08-05 02:35:46,2016-10-11 03:05:55
C08802,2016-08-05 02:36:38,2016-08-05 02:36:38
C08090,2016-08-05 02:40:56,2016-08-05 02:40:56
C06458,2016-08-05 03:31:20,2016-12-31 04:00:57
C03520,2016-08-05 04:14:06,2016-08-05 04:14:06
C01762,2016-08-05 04:29:49,2016-09-03 10:46:17
C08626,2016-08-05 05:52:20,2016-10-24 14:31:42
C03823,2016-08-05 06:43:17,2016-08-05 07:01:24
C13507,2016-08-05 09:47:21,2016-12-13 16:41:47
C12462,2016-08-05 13:14:37,2016-12-11 07:26:27
C02857,2016-08-05 13:48:15,2016-08-05 13:48:15
C02835,2016-08-05 13:56:03,2016-08-09 01:21:47
C07170,2016-08-05 14:13:58,2016-08-11 14:09:26
C11901,2016-08-05 14:17:03,2016-10-30 14:37:54
C09802,2016-08-05 15:28:50,2016-12-01 11:56:28
C07362,2016-08-05 15:47:20,2016-12-02 17:10:52
C12073,2016-08-05 16:21:16,2016-08-05 16:21:16
C12526,2016-08-05 16:22:41,2016-08-05 16:22:41
C10280,2016-08-05 16:28:06,2016-08-05 16:28:06
C05592,2016-08-05 16:33:02,2016-10-01 14:38:35
C04619,2016-08-05 16:48:23,2016-12-28 17:02:17
C03973,2016-08-05 16:58:11,2016-08-05 16:58:11
C08462,2016-08-05 17:06:29,2016-11-23 22:08:38
C09101,2016-08-05 17:07:15,2016-12-31 23:34:11
C02489,2016-08-05 17:11:57,2016-11-05 22:14:12
C02482,2016-08-05 17:26:28,2016-08-05 17:26:28
C07145,2016-08-05 17:35:20,2016-08-05 17:35:20
C03831,2016-08-05 17:50:48,2016-12-09 20:46:16
C08961,2016-08-05 17:50:52,2016-08-05 17:59:12
C07692,2016-08-05 17:53:19,2016-09-28 02:04:55
C04003,2016-08-05 18:09:20,2016-08-05 18:09:20
C00432,2016-08-05 18:29:38,2016-08-05 18:45:14
C08966,2016-08-05 18:40:35,2016-08-05 18:40:35
C06142,2016-08-05 18:54:08,2016-11-13 09:01:38
C07712,2016-08-05 19:13:37,2016-09-30 08:04:41
C06847,2016-08-05 19:14:29,2016-11-28 21:34:13
C03935,2016-08-05 19:55:18,2016-12-05 16:13:39
C08955,2016-08-05 19:57:56,2016-12-27 16:06:36
C03491,2016-08-05 20:10:43,2016-08-05 20:10:43
C01268,2016-08-05 20:24:08,2016-08-05 20:24:08
C10368,2016-08-05 20:28:38,2016-08-05 20:28:38
C01232,2016-08-05 20:33:40,2016-08-05 20:33:40
C00949,2016-08-05 20:43:16,2016-11-07 15:17:53
C00917,2016-08-05 20:50:53,2016-12-24 05:44:34
C10329,2016-08-05 20:52:30,2016-11-24 21:08:18
C12764,2016-08-05 21:40:07,2016-08-07 19:26:34
C06325,2016-08-05 22:10:45,2016-11-22 01:57:38
C00172,2016-08-05 22:21:27,2016-08-05 22:21:27
C07642,2016-08-05 22:33:45,2016-11-02 18:47:57
C00208,2016-08-05 22:39:51,2016-10-08 13:42:10
C05272,2016-08-05 22:56:45,2016-09-21 04:08:53
C10213,2016-08-05 22:59:36,2016-08-05 22:59:36
C06159,2016-08-06 00:02:22,2016-12-31 12:38:35
C13271,2016-08-06 00:03:41,2016-12-29 16:43:16
C01866,2016-08-06 00:10:30,2016-08-06 00:10:30
C06600,2016-08-06 00:17:55,2016-12-11 01:03:44
C02645,2016-08-06 00:22:04,2016-10-12 03:20:19
C11208,2016-08-06 00:42:23,2016-12-31 22:11:20
C11424,2016-08-06 00:46:00,2016-12-17 19:47:36
C10036,2016-08-06 00:48:03,2016-12-24 14:03:59
C07634,2016-08-06 01:03:04,2016-10-16 00:36:32
C07839,2016-08-06 01:10:27,2016-08-06 01:10:27
C10802,2016-08-06 01:27:52,2016-08-06 01:27:52
C08613,2016-08-06 01:29:25,2016-10-13 19:33:06
C03989,2016-08-06 01:42:26,2016-08-06 01:42:26
C03741,2016-08-06 01:57:56,2016-12-29 01:15:16
C00433,2016-08-06 02:02:45,2016-12-22 20:00:36
C06015,2016-08-06 02:47:35,2016-09-12 01:05:48
C11088,2016-08-06 03:22:22,2016-12-07 21:28:14
C13162,2016-08-06 03:47:58,2016-12-22 14:15:38
C11461,2016-08-06 03:54:09,2016-11-15 13:26:50
C03313,2016-08-06 05:41:10,2016-12-31 20:55:03
C11075,2016-08-06 06:14:09,2016-08-09 00:54:23
C03662,2016-08-06 09:37:37,2016-09-29 20:30:56
C00018,2016-08-06 11:56:26,2016-11-06 16:17:27
C03160,2016-08-06 12:27:04,2016-08-06 12:27:04
C02091,2016-08-06 13:51:38,2016-08-07 21:59:33
C05370,2016-08-06 14:01:48,2016-09-15 22:23:17
C08028,2016-08-06 14:21:56,2016-08-06 14:21:56
C05819,2016-08-06 14:32:54,2016-12-28 13:38:29
C01339,2016-08-06 15:05:38,2016-11-24 09:48:17
C00918,2016-08-06 15:18:37,2016-08-06 15:18:37
C03960,2016-08-06 15:19:51,2016-11-07 20:22:35
C12032,2016-08-06 15:31:18,2016-08-06 15:31:18
C07752,2016-08-06 15:41:53,2016-12-18 12:20:48
C06225,2016-08-06 15:47:39,2016-12-19 00:10:13
C13327,2016-08-06 15:55:43,2016-12-06 23:24:12
C11146,2016-08-06 16:31:32,2016-12-12 03:18:19
C05137,2016-08-06 16:35:28,2016-08-17 18:42:00
C08781,2016-08-06 16:45:07,2016-10-19 14:29:19
C10668,2016-08-06 17:03:41,2016-08-12 14:33:38
C03919,2016-08-06 17:10:11,2016-08-06 17:10:11
C03456,2016-08-06 17:17:26,2016-08-27 17:55:52
C08082,2016-08-06 17:49:52,2016-12-03 19:12:00
C00315,2016-08-06 18:09:14,2016-10-31 14:11:36
C03142,2016-08-06 18:09:25,2016-12-25 12:18:52
C00243,2016-08-06 18:10:09,2016-12-03 21:46:22
C07702,2016-08-06 18:12:01,2016-10-20 16:54:50
C00965,2016-08-06 18:24:32,2016-08-06 18:24:32
C12700,2016-08-06 18:31:42,2016-12-01 16:01:40
C03705,2016-08-06 18:32:36,2016-12-02 19:41:45
C10607,2016-08-06 18:36:38,2016-08-06 18:36:38
C12847,2016-08-06 18:45:18,2016-08-06 18:45:18
C11900,2016-08-06 18:52:52,2016-09-04 14:35:07
C02368,2016-08-06 18:56:10,2016-12-01 16:48:17
C12160,2016-08-06 19:27:35,2016-12-11 10:57:49
C07680,2016-08-06 19:32:51,2016-08-06 19:32:51
C09857,2016-08-06 19:50:11,2016-08-06 19:50:11
C02337,2016-08-06 20:01:44,2016-12-24 19:16:38
C12154,2016-08-06 20:07:03,2016-12-09 03:32:10
C11204,2016-08-06 20:22:05,2016-10-30 11:14:08
C09242,2016-08-06 20:26:47,2016-12-10 22:44:42
C10197,2016-08-06 20:40:23,2016-11-17 17:24:55
C06366,2016-08-06 20:44:50,2016-12-26 15:34:48
C08556,2016-08-06 20:44:53,2016-08-06 20:44:53
C03052,2016-08-06 21:13:41,2016-12-25 17:07:09
C09459,2016-08-06 21:31:09,2016-12-31 21:32:59
C01784,2016-08-06 22:02:58,2016-08-06 22:02:58
C10836,2016-08-06 22:10:47,2016-08-06 22:10:47
C08188,2016-08-06 22:11:24,2016-10-26 01:08:17
C12427,2016-08-06 22:25:47,2016-12-24 02:45:56
C00505,2016-08-06 22:46:20,2016-12-28 20:44:58
C01907,2016-08-06 22:56:01,2016-08-06 22:56:01
C02574,2016-08-06 23:06:38,2016-08-06 23:06:38
C05202,2016-08-06 23:21:28,2016-08-06 23:21:28
C11290,2016-08-06 23:42:14,2016-12-28 23:54:24
C04778,2016-08-06 23:43:05,2016-12-14 18:32:47
C11150,2016-08-06 23:59:51,2016-08-06 23:59:51
C12173,2016-08-07 00:26:40,2016-11-22 17:56:37
C09914,2016-08-07 01:11:25,2016-11-26 20:35:28
C08124,2016-08-07 01:39:34,2016-08-07 01:39:34
C11732,2016-08-07 01:40:33,2016-12-29 18:29:20
C00684,2016-08-07 01:43:23,2016-08-07 02:50:24
C09796,2016-08-07 01:48:40,2016-10-08 17:48:12
C12414,2016-08-07 02:18:04,2016-12-18 18:06:54
C01786,2016-08-07 02:23:15,2016-09-24 19:32:43
C00531,2016-08-07 03:11:49,2016-08-09 23:27:59
C12381,2016-08-07 03:47:15,2016-09-01 18:23:47
C01316,2016-08-07 04:05:01,2016-08-07 04:05:01
C11063,2016-08-07 04:34:50,2016-08-07 04:34:50
C10191,2016-08-07 04:35:35,2016-12-25 21:38:43
C12437,2016-08-07 05:06:10,2016-12-25 11:31:00
C11260,2016-08-07 05:30:43,2016-08-07 05:30:43
C07949,2016-08-07 05:41:37,2016-10-31 20:07:21
C05796,2016-08-07 09:04:19,2016-10-16 18:02:38
C07963,2016-08-07 12:59:20,2016-11-01 14:11:05
C06333,2016-08-07 13:20:23,2016-08-07 13:20:23
C07566,2016-08-07 13:36:58,2016-08-13 12:44:27
C13208,2016-08-07 13:37:19,2016-08-07 13:37:19
C06812,2016-08-07 14:26:06,2016-12-29 21:06:22
C00593,2016-08-07 14:58:19,2016-08-07 14:58:19
C01767,2016-08-07 15:03:15,2016-11-24 14:23:22
C05662,2016-08-07 15:38:14,2016-08-07 15:38:14
C00154,2016-08-07 15:41:48,2016-08-07 15:41:48
C06117,2016-08-07 15:48:40,2016-12-30 15:25:35
C04756,2016-08-07 15:50:50,2016-12-30 03:36:00
C02611,2016-08-07 15:56:50,2016-12-12 17:38:03
C10437,2016-08-07 15:59:07,2016-12-04 18:08:17
C03775,2016-08-07 16:14:47,2016-12-08 00:26:12
C02386,2016-08-07 16:25:13,2016-12-31 23:49:09
C03852,2016-08-07 16:38:26,2016-09-26 19:02:39
C06593,2016-08-07 17:00:12,2016-12-08 17:17:38
C10822,2016-08-07 17:08:34,2016-08-07 17:08:34
C03054,2016-08-07 17:22:03,2016-08-07 17:22:03
C03971,2016-08-07 17:24:53,2016-08-07 17:24:53
C13292,2016-08-07 17:40:24,2016-10-20 14:24:13
C11507,2016-08-07 17:49:51,2016-08-07 17:49:51
C05850,2016-08-07 17:58:14,2016-08-07 17:58:14
C03628,2016-08-07 18:03:10,2016-10-08 03:10:38
C02046,2016-08-07 18:08:39,2016-12-30 16:19:49
C10247,2016-08-07 18:49:52,2016-08-07 18:49:52
C05154,2016-08-07 19:09:44,2016-08-07 19:09:44
C11483,2016-08-07 19:12:42,2016-08-07 19:12:42
C12100,2016-08-07 19:25:05,2016-08-07 19:25:05
C03982,2016-08-07 19:29:24,2016-08-07 19:29:24
C12875,2016-08-07 19:29:32,2016-12-11 01:45:54
C05425,2016-08-07 19:32:39,2016-08-07 19:32:39
C08242,2016-08-07 19:38:22,2016-08-07 19:38:22
C05691,2016-08-07 19:44:21,2016-11-29 03:12:04
C06184,2016-08-07 20:03:20,2016-12-22 00:06:31
C09072,2016-08-07 20:04:12,2016-11-14 17:03:21
C11679,2016-08-07 20:08:40,2016-12-03 14:45:48
C07503,2016-08-07 20:09:53,2016-08-07 20:09:53
C00747,2016-08-07 20:26:06,2016-10-09 21:20:40
C10021,2016-08-07 20:45:03,2016-08-07 20:45:03
C00247,2016-08-07 20:46:31,2016-08-07 20:46:31
C04377,2016-08-07 20:47:30,2016-08-07 20:47:30
C01111,2016-08-07 21:21:37,2016-08-18 21:36:06
C03691,2016-08-07 21:37:26,2016-11-08 17:06:04
C13344,2016-08-07 21:42:21,2016-08-07 21:42:21
C08553,2016-08-07 21:48:05,2016-11-03 19:38:00
C05901,2016-08-07 21:57:52,2016-08-07 21:57:52
C07590,2016-08-07 22:04:12,2016-08-07 22:30:25
C12219,2016-08-07 22:20:56,2016-12-27 21:03:41
C09326,2016-08-07 23:06:02,2016-12-06 13:27:26
C03583,2016-08-07 23:21:17,2016-09-10 22:09:45
C02093,2016-08-07 23:25:05,2016-09-09 17:16:37
C10059,2016-08-07 23:54:54,2016-12-06 03:22:02
C13207,2016-08-07 23:55:36,2016-10-02 22:42:43
C10484,2016-08-08 00:06:49,2016-08-08 00:06:49
C08210,2016-08-08 00:10:57,2016-08-08 00:10:57
C06826,2016-08-08 00:15:14,2016-08-08 00:15:14
C04465,2016-08-08 00:24:11,2016-12-28 01:06:22
C01680,2016-08-08 00:47:06,2016-08-08 00:47:06
C03335,2016-08-08 00:52:36,2016-08-08 00:52:36
C06094,2016-08-08 00:59:40,2016-11-08 02:55:16
C12213,2016-08-08 01:52:22,2016-11-28 18:31:13
C11152,2016-08-08 02:56:55,2016-12-02 18:47:50
C10620,2016-08-08 05:48:12,2016-08-08 05:48:12
C02720,2016-08-08 11:03:37,2016-09-02 11:19:56
C00812,2016-08-08 12:34:27,2016-09-26 22:38:17
C06206,2016-08-08 12:46:55,2016-08-08 12:57:03
C01896,2016-08-08 13:36:07,2016-12-30 21:36:36
C11337,2016-08-08 13:51:07,2016-09-21 05:51:48
C12906,2016-08-08 13:53:43,2016-10-22 15:40:25
C05187,2016-08-08 14:12:01,2016-10-05 21:07:22
C12701,2016-08-08 14:52:15,2016-08-08 14:52:15
C10214,2016-08-08 15:43:17,2016-11-10 16:03:09
C02204,2016-08-08 15:46:22,2016-12-04 22:56:21
C04979,2016-08-08 15:53:19,2016-08-08 15:53:19
C07530,2016-08-08 16:12:49,2016-08-09 16:11:30
C01046,2016-08-08 16:27:23,2016-08-08 16:27:23
C10765,2016-08-08 16:35:58,2016-08-08 17:13:22
C08900,2016-08-08 17:13:15,2016-08-08 17:13:15
C12253,2016-08-08 17:23:15,2016-08-08 17:23:15
C02067,2016-08-08 17:56:47,2016-11-16 19:32:13
C08021,2016-08-08 18:28:19,2016-09-30 00:58:19
C07790,2016-08-08 18:54:50,2016-08-08 18:54:50
C12297,2016-08-08 19:44:39,2016-11-03 13:39:39
C05916,2016-08-08 20:02:16,2016-09-26 19:11:51
C07061,2016-08-08 20:11:26,2016-08-15 13:13:04
C12095,2016-08-08 20:19:34,2016-08-08 20:19:34
C08678,2016-08-08 20:30:38,2016-08-08 20:30:38
C04961,2016-08-08 20:43:31,2016-08-08 20:43:31
C07749,2016-08-08 20:43:34,2016-11-23 23:49:25
C04998,2016-08-08 20:55:59,2016-11-28 11:20:33
C11761,2016-08-08 21:06:27,2016-09-20 02:16:10
C04344,2016-08-08 21:17:39,2016-12-10 17:51:42
C04293,2016-08-08 21:19:21,2016-08-08 21:19:21
C03239,2016-08-08 21:48:52,2016-08-08 21:48:52
C07639,2016-08-08 22:07:04,2016-12-20 17:29:06
C03909,2016-08-08 22:31:11,2016-12-24 13:10:37
C03202,2016-08-08 22:48:19,2016-12-22 19:05:41
C10458,2016-08-08 23:23:44,2016-08-08 23:23:44
C06680,2016-08-09 00:08:45,2016-12-12 02:39:09
C07214,2016-08-09 00:15:08,2016-12-13 22:14:56
C01108,2016-08-09 00:17:03,2016-12-26 07:54:13
C05665,2016-08-09 00:25:27,2016-10-19 05:30:07
C07108,2016-08-09 00:27:39,2016-10-04 23:46:23
C00122,2016-08-09 00:36:51,2016-12-10 17:51:26
C12919,2016-08-09 00:49:16,2016-12-15 19:46:43
C03072,2016-08-09 01:30:49,2016-12-23 20:34:18
C08706,2016-08-09 01:33:34,2016-08-09 01:33:34
C01106,2016-08-09 01:52:15,2016-10-07 15:00:41
C09621,2016-08-09 01:58:32,2016-11-14 23:47:33
C09557,2016-08-09 01:59:45,2016-12-16 04:45:01
C13237,2016-08-09 02:17:40,2016-08-09 02:17:40
C08693,2016-08-09 02:29:30,2016-08-09 02:29:30
C00882,2016-08-09 02:34:54,2016-12-23 16:01:13
C06606,2016-08-09 02:46:20,2016-08-09 02:46:20
C09755,2016-08-09 03:12:48,2016-08-09 03:12:48
C03496,2016-08-09 03:55:58,2016-12-27 18:51:54
C02997,2016-08-09 04:29:39,2016-09-18 01:53:11
C04937,2016-08-09 04:36:16,2016-08-09 04:36:16
C04789,2016-08-09 04:46:09,2016-09-06 16:27:00
C04833,2016-08-09 04:51:42,2016-12-13 20:06:15
C13311,2016-08-09 04:59:47,2016-08-09 05:16:48
C03824,2016-08-09 05:12:14,2016-08-09 05:12:14
C11552,2016-08-09 10:50:51,2016-08-13 18:18:10
C01771,2016-08-09 14:19:21,2016-12-30 15:13:14
C04863,2016-08-09 15:11:09,2016-10-13 21:08:45
C11949,2016-08-09 15:14:49,2016-12-23 13:47:59
C12839,2016-08-09 15:48:24,2016-08-09 16:29:37
C05606,2016-08-09 16:02:53,2016-08-09 16:02:53
C09819,2016-08-09 16:40:08,2016-12-16 14:41:18
C05784,2016-08-09 17:12:16,2016-08-09 17:12:16
C13256,2016-08-09 17:16:50,2016-08-09 17:16:50
C00592,2016-08-09 17:26:44,2016-11-06 12:37:05
C05777,2016-08-09 17:34:58,2016-12-30 16:43:35
C12333,2016-08-09 17:36:48,2016-08-09 17:36:48
C13095,2016-08-09 18:24:29,2016-08-15 17:10:43
C04429,2016-08-09 18:31:11,2016-08-09 18:31:11
C08041,2016-08-09 18:38:06,2016-12-07 19:54:05
C08429,2016-08-09 19:11:18,2016-12-24 18:51:38
C09047,2016-08-09 19:25:08,2016-09-03 02:29:04
C07611,2016-08-09 19:47:00,2016-08-09 19:47:00
C00966,2016-08-09 19:54:23,2016-11-07 19:49:10
C00566,2016-08-09 20:30:30,2016-08-09 20:30:30
C11813,2016-08-09 20:43:06,2016-11-04 17:16:46
C07570,2016-08-09 20:54:59,2016-08-13 01:23:36
C01749,2016-08-09 21:38:29,2016-12-17 16:32:53
C11837,2016-08-09 22:10:15,2016-08-09 22:10:15
C03646,2016-08-09 22:12:18,2016-10-23 22:55:00
C08814,2016-08-09 22:13:41,2016-09-11 16:25:31
C11933,2016-08-09 22:18:45,2016-08-09 22:18:45
C09506,2016-08-09 22:35:55,2016-12-19 17:21:55
C06052,2016-08-09 23:14:35,2016-08-09 23:14:35
C06513,2016-08-09 23:15:17,2016-08-31 14:12:40
C13392,2016-08-09 23:21:09,2016-09-05 23:08:25
C05165,2016-08-09 23:45:08,2016-08-09 23:45:08
C02925,2016-08-10 00:00:22,2016-12-19 03:46:25
C06558,2016-08-10 00:12:28,2016-08-10 00:12:28
C07691,2016-08-10 00:18:23,2016-08-10 00:18:23
C04353,2016-08-10 00:26:53,2016-12-10 20:49:03
C13047,2016-08-10 00:27:59,2016-12-14 02:17:52
C04448,2016-08-10 00:42:42,2016-08-10 00:42:42
C01462,2016-08-10 01:01:03,2016-11-01 18:24:52
C04659,2016-08-10 01:07:00,2016-08-14 18:54:32
C10856,2016-08-10 01:13:44,2016-08-10 01:13:44
C07976,2016-08-10 01:38:10,2016-12-02 05:19:25
C04950,2016-08-10 01:43:43,2016-11-03 20:37:32
C00190,2016-08-10 01:44:29,2016-08-10 01:44:29
C04682,2016-08-10 02:09:40,2016-09-24 02:18:20
C03102,2016-08-10 02:16:25,2016-12-23 01:45:07
C11757,2016-08-10 02:42:27,2016-08-10 02:42:27
C11251,2016-08-10 02:54:07,2016-08-28 01:31:58
C01227,2016-08-10 03:21:26,2016-12-17 16:45:15
C09538,2016-08-10 03:26:45,2016-10-01 21:51:55
C04535,2016-08-10 03:53:17,2016-09-20 14:26:43
C00136,2016-08-10 03:57:19,2016-12-07 20:08:54
C10034,2016-08-10 04:47:51,2016-08-10 04:47:51
C10125,2016-08-10 05:20:18,2016-09-19 07:02:13
C05695,2016-08-10 08:17:13,2016-11-11 16:23:01
C07673,2016-08-10 13:27:54,2016-12-17 13:43:40
C01716,2016-08-10 14:09:39,2016-12-20 11:33:37
C11123,2016-08-10 14:46:42,2016-10-25 15:41:09
C11905,2016-08-10 15:03:38,2016-08-10 15:03:38
C09662,2016-08-10 16:01:50,2016-12-25 22:05:52
C00391,2016-08-10 16:03:28,2016-08-10 16:03:28
C10117,2016-08-10 16:27:03,2016-08-10 16:27:03
C06421,2016-08-10 17:26:05,2016-12-24 23:25:48
C02169,2016-08-10 17:31:24,2016-12-20 01:41:49
C04664,2016-08-10 18:02:41,2016-08-10 18:35:52
C10527,2016-08-10 18:16:17,2016-11-07 14:49:21
C09770,2016-08-10 18:18:01,2016-08-10 18:18:01
C10653,2016-08-10 18:48:59,2016-08-10 18:48:59
C13548,2016-08-10 18:50:15,2016-08-10 18:50:15
C04286,2016-08-10 19:15:00,2016-08-10 19:15:00
C13157,2016-08-10 19:15:09,2016-08-10 19:15:09
C10207,2016-08-10 19:24:20,2016-09-06 20:49:37
C01978,2016-08-10 19:32:59,2016-08-10 19:32:59
C00984,2016-08-10 19:41:55,2016-11-09 20:37:39
C10524,2016-08-10 19:51:39,2016-12-26 18:31:34
C10803,2016-08-10 20:15:28,2016-12-29 16:24:43
C12412,2016-08-10 20:34:21,2016-12-25 01:24:05
C10120,2016-08-10 21:27:42,2016-12-22 00:34:19
C02246,2016-08-10 21:28:24,2016-08-10 21:28:24
C04002,2016-08-10 21:32:49,2016-10-03 21:35:41
C01278,2016-08-10 21:44:44,2016-08-10 21:44:44
C12242,2016-08-10 21:45:12,2016-08-10 21:45:12
C01848,2016-08-10 21:51:45,2016-12-07 21:20:43
C04036,2016-08-10 22:23:07,2016-08-10 22:23:07
C03747,2016-08-10 22:25:57,2016-12-26 18:25:51
C02530,2016-08-10 22:28:30,2016-12-04 21:59:07
C11681,2016-08-10 22:34:37,2016-12-28 23:39:04
C12374,2016-08-10 22:59:44,2016-08-10 22:59:44
C09853,2016-08-10 23:02:33,2016-12-19 02:52:20
C06029,2016-08-10 23:07:24,2016-12-22 00:46:58
C09158,2016-08-10 23:23:05,2016-11-04 16:42:42
C01795,2016-08-10 23:42:05,2016-12-22 13:26:09
C01404,2016-08-10 23:53:09,2016-08-10 23:53:09
C03200,2016-08-11 00:55:23,2016-10-31 18:21:57
C10853,2016-08-11 01:03:33,2016-12-31 01:50:44
C06734,2016-08-11 02:08:36,2016-12-31 22:33:48
C01457,2016-08-11 03:34:18,2016-08-16 04:43:47
C01382,2016-08-11 03:54:06,2016-11-04 18:43:39
C07737,2016-08-11 04:54:47,2016-08-11 04:54:47
C06463,2016-08-11 05:15:58,2016-11-07 23:20:10
C06090,2016-08-11 06:34:57,2016-08-11 06:34:57
C03266,2016-08-11 09:07:05,2016-12-03 21:47:13
C08378,2016-08-11 10:52:53,2016-08-13 16:38:03
C11345,2016-08-11 13:25:29,2016-08-26 18:01:01
C02297,2016-08-11 13:42:05,2016-10-07 17:17:06
C01637,2016-08-11 13:44:33,2016-08-26 22:40:28
C13347,2016-08-11 14:56:15,2016-08-19 02:48:36
C07956,2016-08-11 15:13:35,2016-11-05 01:26:44
C05966,2016-08-11 15:16:28,2016-12-23 21:19:38
C08973,2016-08-11 15:18:17,2016-08-11 15:18:17
C08501,2016-08-11 15:37:56,2016-08-11 15:37:56
C00038,2016-08-11 16:22:32,2016-12-28 13:49:39
C01003,2016-08-11 16:57:16,2016-08-11 16:57:16
C01715,2016-08-11 17:14:59,2016-12-11 21:18:30
C00355,2016-08-11 17:15:24,2016-09-30 17:42:30
C06609,2016-08-11 18:09:07,2016-12-08 07:05:01
C00729,2016-08-11 18:19:45,2016-08-11 18:19:45
C05871,2016-08-11 18:32:10,2016-12-28 14:16:25
C10225,2016-08-11 18:56:10,2016-12-26 23:09:17
C08335,2016-08-11 19:01:45,2016-08-11 19:01:45
C00809,2016-08-11 19:06:37,2016-10-07 23:19:50
C01257,2016-08-11 19:09:38,2016-10-03 20:44:06
C09787,2016-08-11 19:15:10,2016-12-07 02:10:06
C03226,2016-08-11 19:59:58,2016-12-26 19:13:06
C06801,2016-08-11 20:38:26,2016-12-14 21:23:22
C10700,2016-08-11 20:39:20,2016-11-08 16:50:59
C10462,2016-08-11 20:46:46,2016-09-01 02:24:28
C05633,2016-08-11 20:56:18,2016-12-27 17:27:23
C05608,2016-08-11 21:36:24,2016-08-15 23:29:16
C00565,2016-08-11 21:47:03,2016-11-12 15:03:58
C00100,2016-08-11 21:48:11,2016-08-11 21:48:11
C11982,2016-08-11 22:00:50,2016-12-29 13:09:58
C03900,2016-08-11 22:04:09,2016-10-14 16:58:54
C09775,2016-08-11 22:52:47,2016-08-11 22:52:47
C00939,2016-08-11 23:31:55,2016-12-12 02:52:37
C02078,2016-08-11 23:54:36,2016-08-11 23:54:36
C13411,2016-08-12 00:09:36,2016-11-14 18:06:38
C02651,2016-08-12 00:18:01,2016-08-12 00:18:01
C02880,2016-08-12 00:18:38,2016-11-26 21:32:51
C07588,2016-08-12 00:40:00,2016-08-12 00:55:29
C04541,2016-08-12 01:24:12,2016-11-27 00:11:45
C08792,2016-08-12 01:27:34,2016-09-19 15:31:48
C11561,2016-08-12 01:32:21,2016-12-31 02:57:31
C02868,2016-08-12 01:58:09,2016-12-27 18:44:31
C12422,2016-08-12 02:13:09,2016-08-12 02:13:09
C06792,2016-08-12 02:26:28,2016-08-12 15:09:44
C12035,2016-08-12 03:02:33,2016-09-30 01:42:48
C10658,2016-08-12 03:13:14,2016-08-12 03:13:14
C02752,2016-08-12 03:28:39,2016-08-30 03:18:06
C01318,2016-08-12 03:54:33,2016-08-12 03:54:33
C12480,2016-08-12 04:01:01,2016-08-26 19:05:40
C04641,2016-08-12 04:06:33,2016-09-19 16:23:06
C09878,2016-08-12 04:59:56,2016-12-15 02:51:26
C04226,2016-08-12 06:14:31,2016-08-12 06:14:31
C11703,2016-08-12 06:23:06,2016-08-26 17:04:52
C12610,2016-08-12 06:48:35,2016-11-07 20:15:15
C00964,2016-08-12 08:19:02,2016-08-12 08:19:02
C10441,2016-08-12 12:43:56,2016-08-12 13:11:48
C04538,2016-08-12 14:30:07,2016-12-22 17:59:33
C02602,2016-08-12 14:34:01,2016-08-12 14:34:01
C00024,2016-08-12 14:58:34,2016-08-21 23:53:51
C08437,2016-08-12 15:04:10,2016-08-25 15:43:23
C10481,2016-08-12 15:05:35,2016-12-20 18:20:28
C05391,2016-08-12 15:34:47,2016-12-19 05:41:37
C11676,2016-08-12 15:39:41,2016-08-12 15:39:41
C08529,2016-08-12 15:42:24,2016-09-18 18:08:45
C09815,2016-08-12 15:55:49,2016-08-12 15:55:49
C06048,2016-08-12 16:36:44,2016-08-26 02:03:43
C06651,2016-08-12 16:41:19,2016-12-12 21:09:42
C11211,2016-08-12 16:47:13,2016-08-22 00:44:06
C05143,2016-08-12 17:33:30,2016-08-12 17:33:30
C11978,2016-08-12 18:12:27,2016-08-12 18:12:27
C02178,2016-08-12 18:43:26,2016-08-12 18:43:26
C11563,2016-08-12 18:44:04,2016-10-06 13:33:51
C10408,2016-08-12 18:52:59,2016-10-11 09:40:55
C10124,2016-08-12 19:16:38,2016-10-19 14:00:18
C11697,2016-08-12 19:27:33,2016-10-03 21:26:18
C09154,2016-08-12 19:49:18,2016-09-28 12:31:10
C11538,2016-08-12 19:49:46,2016-08-12 19:49:46
C06186,2016-08-12 19:57:03,2016-11-12 22:48:51
C00618,2016-08-12 20:05:14,2016-11-30 15:21:41
C08322,2016-08-12 20:19:23,2016-12-22 23:42:01
C00960,2016-08-12 20:26:01,2016-11-09 18:15:34
C05904,2016-08-12 20:32:48,2016-11-11 20:53:28
C01838,2016-08-12 20:54:47,2016-12-31 22:27:32
C09014,2016-08-12 20:56:50,2016-08-12 20:56:50
C10196,2016-08-12 21:07:56,2016-12-04 16:39:11
C12461,2016-08-12 21:08:36,2016-08-12 21:08:36
C02992,2016-08-12 21:17:27,2016-08-12 23:28:45
C11156,2016-08-12 21:20:49,2016-08-12 21:20:49
C01833,2016-08-12 21:49:22,2016-08-12 21:49:22
C04022,2016-08-12 21:54:49,2016-08-12 22:11:00
C09205,2016-08-12 21:59:31,2016-11-18 22:34:19
C06490,2016-08-12 22:17:50,2016-12-14 00:39:33
C09284,2016-08-12 22:31:47,2016-12-29 18:09:38
C09675,2016-08-12 22:46:10,2016-11-17 23:19:29
C05099,2016-08-12 23:14:48,2016-12-28 20:06:14
C10543,2016-08-12 23:21:29,2016-11-30 22:38:24
C06172,2016-08-13 01:00:54,2016-12-14 19:53:17
C07440,2016-08-13 01:18:21,2016-08-13 01:18:21
C05526,2016-08-13 01:25:12,2016-08-13 01:25:12
C12679,2016-08-13 01:29:42,2016-08-15 00:42:45
C08513,2016-08-13 02:04:33,2016-11-26 17:55:33
C04443,2016-08-13 02:29:17,2016-08-13 02:29:17
C07100,2016-08-13 02:54:09,2016-12-06 17:57:32
C06412,2016-08-13 03:42:21,2016-11-13 23:35:09
C06807,2016-08-13 04:38:38,2016-08-13 04:38:38
C03940,2016-08-13 06:35:15,2016-12-12 19:59:55
C04480,2016-08-13 06:54:12,2016-08-13 06:54:12
C11780,2016-08-13 07:14:34,2016-12-22 01:40:13
C00463,2016-08-13 08:41:12,2016-08-13 08:41:12
C01211,2016-08-13 12:44:49,2016-08-17 13:40:24
C12318,2016-08-13 13:58:12,2016-08-13 13:58:12
C12048,2016-08-13 14:12:09,2016-08-13 14:12:09
C05983,2016-08-13 14:22:20,2016-10-07 11:39:31
C02509,2016-08-13 14:43:17,2016-10-04 03:30:54
C00392,2016-08-13 15:26:31,2016-12-07 04:27:11
C10841,2016-08-13 15:40:17,2016-10-17 14:09:14
C04855,2016-08-13 15:40:32,2016-10-16 13:18:11
C05539,2016-08-13 15:45:36,2016-12-15 19:13:52
C08162,2016-08-13 16:05:16,2016-12-26 23:40:16
C12179,2016-08-13 16:30:38,2016-08-13 16:34:59
C00970,2016-08-13 16:37:40,2016-08-13 16:37:40
C12196,2016-08-13 16:54:16,2016-08-13 16:54:16
C07120,2016-08-13 17:47:09,2016-08-13 17:47:09
C04594,2016-08-13 18:04:04,2016-08-13 18:04:04
C04109,2016-08-13 18:28:11,2016-09-22 22:52:57
C09976,2016-08-13 18:30:23,2016-08-13 18:30:23
C07313,2016-08-13 18:31:56,2016-08-27 17:16:40
C02240,2016-08-13 18:32:48,2016-12-30 19:16:12
C04815,2016-08-13 18:46:39,2016-08-13 18:46:39
C11793,2016-08-13 18:53:14,2016-12-28 18:31:00
C07627,2016-08-13 19:30:05,2016-08-13 19:30:05
C13537,2016-08-13 19:32:43,2016-11-17 00:05:34
C12773,2016-08-13 19:34:22,2016-08-13 19:34:22
C12669,2016-08-13 20:10:45,2016-09-11 15:47:06
C01552,2016-08-13 20:12:44,2016-12-08 18:48:12
C02299,2016-08-13 20:26:07,2016-08-13 20:26:07
C13412,2016-08-13 21:09:26,2016-11-23 22:22:34
C04829,2016-08-13 21:22:43,2016-08-13 21:22:43
C08289,2016-08-13 21:56:08,2016-08-13 21:56:08
C03998,2016-08-13 22:11:30,2016-08-13 22:11:30
C09653,2016-08-13 22:16:31,2016-10-29 19:08:03
C08592,2016-08-13 22:47:24,2016-12-26 05:29:46
C09098,2016-08-13 23:06:54,2016-09-07 15:45:23
C01597,2016-08-13 23:07:49,2016-10-15 20:23:07
C03426,2016-08-13 23:09:22,2016-10-25 22:07:17
C00467,2016-08-13 23:10:29,2016-10-19 21:46:46
C02871,2016-08-13 23:28:44,2016-10-03 21:29:03
C09599,2016-08-13 23:29:49,2016-08-13 23:29:49
C00602,2016-08-13 23:35:10,2016-10-12 01:35:26
C08514,2016-08-13 23:49:54,2016-12-16 21:39:19
C01293,2016-08-14 00:07:58,2016-08-14 00:07:58
C03887,2016-08-14 00:10:11,2016-08-29 16:56:58
C09005,2016-08-14 00:26:12,2016-09-26 14:15:45
C00441,2016-08-14 00:34:39,2016-08-14 00:34:39
C02770,2016-08-14 00:40:41,2016-10-01 17:39:49
C03383,2016-08-14 01:07:16,2016-08-14 01:08:14
C13307,2016-08-14 01:17:57,2016-08-14 01:17:57
C02397,2016-08-14 01:29:04,2016-08-14 01:29:04
C03207,2016-08-14 01:32:47,2016-11-28 21:46:59
C08757,2016-08-14 01:39:28,2016-11-16 11:32:45
C13508,2016-08-14 01:55:11,2016-12-08 00:12:01
C06544,2016-08-14 01:57:02,2016-11-28 09:13:50
C05334,2016-08-14 02:24:26,2016-08-14 02:24:26
C12926,2016-08-14 02:42:38,2016-08-14 02:42:38
C11018,2016-08-14 03:07:18,2016-08-14 03:07:18
C00517,2016-08-14 03:34:56,2016-09-19 23:12:12
C11582,2016-08-14 05:30:37,2016-08-14 05:30:37
C12080,2016-08-14 05:46:30,2016-08-28 21:18:06
C08724,2016-08-14 10:57:34,2016-08-14 10:57:34
C08683,2016-08-14 15:21:47,2016-09-28 00:21:47
C05524,2016-08-14 15:34:20,2016-12-27 21:01:17
C12798,2016-08-14 15:55:14,2016-08-14 15:55:14
C06047,2016-08-14 16:00:16,2016-11-30 18:46:15
C13288,2016-08-14 16:03:57,2016-08-14 16:03:57
C09313,2016-08-14 16:29:21,2016-08-30 14:41:27
C12617,2016-08-14 16:43:10,2016-08-14 16:43:10
C09173,2016-08-14 16:45:23,2016-08-14 17:00:32
C12400,2016-08-14 16:57:46,2016-08-23 13:18:46
C07388,2016-08-14 17:03:40,2016-08-14 17:03:40
C02009,2016-08-14 17:08:58,2016-10-17 21:52:55
C01920,2016-08-14 17:30:54,2016-11-07 05:38:24
C06614,2016-08-14 17:35:24,2016-12-04 00:50:17
C10903,2016-08-14 17:56:09,2016-09-30 03:25:04
C11240,2016-08-14 17:57:29,2016-12-12 17:34:53
C09797,2016-08-14 18:05:37,2016-12-30 17:44:29
C07994,2016-08-14 18:38:07,2016-08-14 18:38:07
C04592,2016-08-14 18:40:56,2016-12-12 19:10:56
C01021,2016-08-14 20:37:08,2016-10-04 22:36:11
C06580,2016-08-14 20:38:57,2016-12-25 13:44:18
C07446,2016-08-14 20:53:27,2016-12-31 19:08:14
C13006,2016-08-14 21:37:31,2016-08-14 21:37:31
C07734,2016-08-14 21:57:41,2016-12-02 23:12:07
C00347,2016-08-14 22:18:45,2016-08-14 22:18:45
C03328,2016-08-14 23:07:45,2016-10-20 03:06:58
C05294,2016-08-14 23:31:19,2016-08-14 23:31:19
C05188,2016-08-15 00:48:42,2016-12-20 13:22:51
C09015,2016-08-15 01:13:44,2016-12-14 12:29:58
C04565,2016-08-15 01:23:24,2016-12-03 12:58:10
C05009,2016-08-15 01:40:01,2016-10-25 17:51:05
C01854,2016-08-15 01:53:16,2016-11-03 02:20:33
C12142,2016-08-15 02:02:17,2016-12-29 23:00:51
C10475,2016-08-15 02:15:57,2016-12-11 04:08:22
C01608,2016-08-15 02:20:04,2016-11-26 16:09:19
C01168,2016-08-15 02:27:56,2016-12-19 01:09:41
C04583,2016-08-15 02:28:30,2016-08-15 02:28:30
C10055,2016-08-15 02:42:36,2016-10-01 21:22:33
C11689,2016-08-15 03:44:58,2016-11-29 10:09:33
C06643,2016-08-15 04:44:52,2016-10-25 14:21:32
C13452,2016-08-15 09:48:25,2016-11-08 20:18:40
C05863,2016-08-15 11:48:19,2016-12-30 16:43:54
C07290,2016-08-15 15:39:42,2016-12-22 20:27:28
C02668,2016-08-15 15:45:03,2016-09-28 04:01:31
C09531,2016-08-15 16:37:01,2016-08-15 16:37:01
C10263,2016-08-15 16:52:03,2016-10-16 00:33:21
C09721,2016-08-15 16:58:58,2016-08-15 16:58:58
C07158,2016-08-15 17:02:21,2016-08-15 17:02:21
C00671,2016-08-15 17:11:34,2016-08-15 17:11:34
C05159,2016-08-15 17:16:53,2016-08-15 17:16:53
C07254,2016-08-15 17:20:17,2016-11-03 21:35:34
C11977,2016-08-15 17:38:25,2016-10-09 02:22:08
C03525,2016-08-15 18:07:24,2016-09-08 22:17:08
C03032,2016-08-15 18:22:34,2016-08-31 18:36:36
C10770,2016-08-15 18:29:04,2016-12-24 21:16:07
C10652,2016-08-15 19:26:49,2016-09-07 23:50:52
C11892,2016-08-15 19:28:33,2016-08-15 19:28:33
C07876,2016-08-15 19:32:32,2016-08-15 19:32:32
C13495,2016-08-15 19:43:12,2016-11-24 18:59:47
C05715,2016-08-15 19:55:56,2016-12-13 18:16:47
C12878,2016-08-15 20:02:57,2016-08-15 20:02:57
C11273,2016-08-15 20:18:07,2016-12-29 02:41:25
C13218,2016-08-15 20:24:41,2016-12-18 19:19:15
C02313,2016-08-15 20:43:43,2016-12-28 00:31:12
C03540,2016-08-15 21:10:24,2016-12-30 03:37:15
C00861,2016-08-15 21:23:41,2016-10-06 19:48:27
C04774,2016-08-15 21:24:11,2016-08-15 21:24:11
C00789,2016-08-15 21:41:49,2016-09-25 12:06:21
C05032,2016-08-15 22:18:33,2016-10-18 00:37:57
C10863,2016-08-15 22:32:54,2016-12-26 16:22:30
C12603,2016-08-15 22:58:05,2016-08-15 22:58:05
C07830,2016-08-15 23:13:00,2016-08-15 23:13:00
C11243,2016-08-15 23:31:59,2016-08-15 23:31:59
C04177,2016-08-16 00:44:44,2016-12-26 22:21:35
C09609,2016-08-16 01:26:33,2016-08-16 05:29:57
C08629,2016-08-16 01:43:20,2016-12-20 19:41:56
C09316,2016-08-16 02:06:40,2016-11-02 21:35:04
C01775,2016-08-16 02:10:25,2016-12-28 04:44:22
C11849,2016-08-16 02:23:37,2016-08-16 02:23:37
C11839,2016-08-16 02:36:19,2016-12-26 02:33:47
C04363,2016-08-16 03:11:10,2016-08-16 03:11:10
C10496,2016-08-16 04:34:37,2016-10-17 18:00:51
C12067,2016-08-16 05:41:58,2016-09-04 20:12:33
C00271,2016-08-16 06:50:58,2016-10-01 01:45:30
C00979,2016-08-16 07:52:22,2016-08-16 07:58:28
C03034,2016-08-16 08:16:21,2016-08-16 08:16:21
C02329,2016-08-16 09:32:01,2016-08-16 09:32:01
C01842,2016-08-16 11:33:23,2016-12-22 23:16:55
C05897,2016-08-16 13:00:48,2016-10-23 23:18:17
C04742,2016-08-16 14:37:23,2016-12-28 18:41:37
C03138,2016-08-16 15:38:19,2016-12-09 16:22:18
C00569,2016-08-16 16:24:21,2016-12-16 04:03:23
C01498,2016-08-16 17:32:20,2016-09-24 03:39:22
C05660,2016-08-16 18:04:42,2016-08-16 18:04:42
C05468,2016-08-16 18:16:31,2016-12-19 20:28:07
C02039,2016-08-16 18:27:15,2016-10-01 17:09:18
C10534,2016-08-16 19:21:57,2016-10-26 03:33:44
C01853,2016-08-16 19:39:36,2016-12-23 02:58:42
C12782,2016-08-16 19:58:33,2016-12-26 05:09:34
C03338,2016-08-16 20:07:43,2016-12-23 09:51:25
C13471,2016-08-16 20:40:15,2016-12-17 00:52:43
C05414,2016-08-16 20:43:29,2016-11-27 03:20:24
C03322,2016-08-16 20:48:14,2016-08-16 20:48:14
C02445,2016-08-16 20:51:54,2016-12-28 16:37:43
C08938,2016-08-16 21:16:33,2016-08-16 21:16:33
C06691,2016-08-16 21:25:53,2016-08-16 21:25:53
C07833,2016-08-16 21:54:08,2016-12-26 00:39:45
C08828,2016-08-16 21:59:46,2016-08-16 22:13:34
C05431,2016-08-16 22:10:16,2016-08-16 22:10:16
C08362,2016-08-16 22:11:28,2016-08-24 22:35:47
C11942,2016-08-16 22:14:51,2016-11-27 18:09:45
C01218,2016-08-16 22:15:09,2016-12-31 14:35:07
C10991,2016-08-16 22:18:44,2016-12-04 19:31:19
C04966,2016-08-16 22:21:55,2016-11-08 19:00:06
C00027,2016-08-16 22:31:25,2016-12-18 01:58:05
C08079,2016-08-16 22:41:03,2016-08-28 06:00:01
C03895,2016-08-16 22:44:04,2016-08-16 22:44:04
C12385,2016-08-16 22:53:38,2016-08-22 03:52:52
C02491,2016-08-16 22:54:09,2016-08-21 21:18:52
C10342,2016-08-16 23:08:49,2016-08-16 23:08:49
C02661,2016-08-16 23:43:15,2016-11-16 17:47:16
C06938,2016-08-16 23:56:10,2016-08-21 22:58:51
C12814,2016-08-17 00:41:48,2016-10-25 20:50:19
C11634,2016-08-17 00:45:22,2016-08-23 04:03:23
C06181,2016-08-17 01:41:39,2016-12-27 18:07:35
C07003,2016-08-17 01:51:43,2016-08-17 01:51:43
C00745,2016-08-17 01:56:42,2016-08-17 01:56:42
C06176,2016-08-17 04:00:22,2016-12-24 15:40:49
C01707,2016-08-17 04:24:25,2016-10-29 16:39:33
C00596,2016-08-17 05:07:50,2016-09-28 16:44:15
C04268,2016-08-17 05:17:04,2016-08-25 20:20:26
C06411,2016-08-17 05:20:35,2016-10-07 21:16:27
C00968,2016-08-17 06:35:15,2016-08-21 05:07:13
C05546,2016-08-17 12:06:13,2016-12-02 22:33:51
C13404,2016-08-17 12:33:53,2016-08-17 12:33:53
C11501,2016-08-17 13:55:53,2016-12-10 21:03:13
C02052,2016-08-17 14:34:19,2016-11-21 04:06:20
C12576,2016-08-17 15:18:09,2016-08-17 15:18:09
C02408,2016-08-17 15:42:28,2016-11-25 02:11:10
C00923,2016-08-17 16:44:03,2016-08-17 16:44:03
C08794,2016-08-17 16:51:16,2016-08-18 14:51:15
C00146,2016-08-17 17:05:40,2016-08-17 17:05:40
C07117,2016-08-17 17:31:06,2016-12-04 17:18:31
C04943,2016-08-17 17:39:07,2016-12-28 12:13:58
C09228,2016-08-17 17:40:01,2016-12-25 20:14:44
C05960,2016-08-17 18:11:35,2016-08-17 18:11:35
C05668,2016-08-17 18:17:37,2016-08-17 18:17:37
C00841,2016-08-17 18:19:33,2016-12-21 18:08:33
C07059,2016-08-17 18:25:20,2016-09-14 17:52:56
C08101,2016-08-17 19:04:05,2016-08-17 19:04:05
C13276,2016-08-17 19:04:35,2016-08-17 19:04:35
C08600,2016-08-17 19:39:33,2016-12-22 02:40:47
C05421,2016-08-17 20:18:50,2016-08-17 20:18:50
C06779,2016-08-17 20:24:23,2016-08-17 21:40:01
C05998,2016-08-17 20:41:10,2016-11-06 01:53:00
C05291,2016-08-17 21:05:12,2016-11-08 19:49:42
C09107,2016-08-17 21:20:06,2016-10-30 21:29:30
C11564,2016-08-17 21:21:41,2016-08-17 21:21:41
C11300,2016-08-17 21:24:49,2016-09-24 18:10:15
C01906,2016-08-17 21:35:53,2016-08-17 21:35:53
C08812,2016-08-17 23:09:26,2016-10-28 21:54:35
C12464,2016-08-17 23:20:15,2016-09-12 23:02:50
C07684,2016-08-17 23:21:30,2016-08-17 23:29:53
C10236,2016-08-17 23:37:29,2016-08-17 23:37:29
C12435,2016-08-18 00:15:45,2016-08-18 00:15:45
C04354,2016-08-18 00:22:30,2016-08-18 00:22:30
C09132,2016-08-18 00:23:07,2016-12-28 15:30:50
C09516,2016-08-18 00:30:33,2016-08-18 02:10:43
C11604,2016-08-18 00:51:27,2016-08-18 01:01:40
C02757,2016-08-18 00:59:04,2016-08-18 16:11:10
C11268,2016-08-18 01:00:29,2016-09-27 11:45:06
C10282,2016-08-18 01:41:25,2016-08-18 01:41:25
C00351,2016-08-18 01:49:15,2016-08-18 01:49:15
C01177,2016-08-18 01:50:38,2016-10-23 22:29:20
C09223,2016-08-18 01:57:13,2016-09-15 23:16:02
C07404,2016-08-18 02:15:54,2016-08-18 02:36:48
C00552,2016-08-18 02:17:16,2016-08-18 02:17:16
C09832,2016-08-18 02:40:40,2016-08-18 18:18:39
C06455,2016-08-18 02:53:39,2016-11-24 16:11:18
C12880,2016-08-18 02:56:23,2016-08-18 03:05:36
C08787,2016-08-18 03:18:20,2016-08-18 03:18:20
C00151,2016-08-18 03:22:19,2016-09-08 23:02:34
C05113,2016-08-18 03:48:10,2016-12-25 03:13:34
C09616,2016-08-18 04:22:13,2016-12-08 14:14:33
C05315,2016-08-18 05:15:16,2016-08-18 05:15:16
C09231,2016-08-18 13:01:16,2016-12-30 16:45:10
C09488,2016-08-18 13:57:03,2016-09-15 15:36:38
C08053,2016-08-18 14:30:12,2016-08-18 14:30:12
C10486,2016-08-18 14:40:47,2016-08-18 15:28:01
C03788,2016-08-18 16:01:18,2016-10-05 20:08:28
C09888,2016-08-18 16:23:18,2016-09-11 14:53:29
C04416,2016-08-18 16:27:57,2016-12-30 17:33:29
C08642,2016-08-18 16:29:11,2016-08-18 16:36:28
C07399,2016-08-18 16:39:18,2016-08-18 16:39:18
C03848,2016-08-18 16:43:17,2016-12-21 20:42:25
C08937,2016-08-18 16:59:06,2016-08-18 16:59:06
C02129,2016-08-18 16:59:33,2016-08-21 01:02:34
C02325,2016-08-18 16:59:56,2016-08-18 16:59:56
C04050,2016-08-18 17:17:48,2016-08-18 17:17:48
C05937,2016-08-18 17:22:32,2016-09-21 00:37:21
C11713,2016-08-18 17:30:19,2016-08-18 17:30:19
C03863,2016-08-18 17:36:58,2016-08-18 17:36:58
C11412,2016-08-18 17:50:16,2016-10-05 18:01:24
C06353,2016-08-18 18:25:20,2016-09-26 17:11:18
C11707,2016-08-18 18:27:18,2016-12-22 12:42:33
C04912,2016-08-18 18:28:05,2016-09-20 22:14:08
C01732,2016-08-18 18:36:27,2016-08-25 04:16:57
C04368,2016-08-18 18:42:46,2016-09-01 04:26:37
C06497,2016-08-18 18:50:13,2016-09-29 00:08:22
C00656,2016-08-18 18:58:11,2016-08-18 18:58:11
C00262,2016-08-18 19:40:10,2016-08-20 00:26:41
C02696,2016-08-18 19:59:18,2016-10-14 00:51:13
C08049,2016-08-18 20:06:38,2016-11-14 15:37:03
C05783,2016-08-18 20:07:06,2016-12-14 20:46:54
C03760,2016-08-18 20:13:11,2016-12-16 23:44:52
C09944,2016-08-18 20:46:00,2016-12-13 20:42:03
C10950,2016-08-18 20:58:38,2016-08-18 20:58:38
C05800,2016-08-18 22:10:30,2016-12-10 19:10:52
C11276,2016-08-18 22:11:20,2016-09-18 17:05:57
C10733,2016-08-18 22:36:05,2016-08-18 22:36:05
C05570,2016-08-18 22:45:21,2016-08-18 22:45:21
C07080,2016-08-18 22:50:46,2016-12-22 23:09:08
C12556,2016-08-18 23:01:09,2016-10-07 14:24:00
C05180,2016-08-18 23:04:52,2016-08-18 23:09:32
C03221,2016-08-18 23:37:18,2016-08-18 23:37:18
C10549,2016-08-19 00:14:46,2016-09-26 15:40:48
C04315,2016-08-19 00:28:57,2016-08-19 00:28:57
C03765,2016-08-19 00:36:28,2016-09-25 22:23:06
C07720,2016-08-19 00:41:49,2016-12-25 01:39:30
C13133,2016-08-19 01:05:14,2016-08-19 01:05:14
C06191,2016-08-19 01:07:22,2016-12-27 19:43:00
C02694,2016-08-19 01:19:04,2016-08-19 01:19:04
C00370,2016-08-19 01:43:06,2016-11-14 19:34:55
C03543,2016-08-19 01:46:01,2016-08-19 01:46:01
C13314,2016-08-19 02:03:06,2016-11-28 23:56:49
C03243,2016-08-19 02:07:34,2016-08-19 02:07:34
C06924,2016-08-19 02:52:31,2016-08-27 23:24:35
C02707,2016-08-19 02:52:32,2016-08-21 01:08:37
C00766,2016-08-19 02:55:28,2016-10-15 17:45:34
C03442,2016-08-19 03:24:11,2016-08-19 03:24:11
C06673,2016-08-19 03:25:08,2016-08-19 03:34:56
C08923,2016-08-19 04:00:55,2016-12-20 02:18:30
C00084,2016-08-19 12:26:44,2016-08-19 21:47:31
C06525,2016-08-19 13:14:27,2016-08-19 13:14:27
C02396,2016-08-19 14:27:15,2016-12-16 23:06:16
C10608,2016-08-19 14:57:21,2016-12-31 16:49:42
C02534,2016-08-19 15:22:05,2016-08-22 18:45:05
C10917,2016-08-19 15:28:46,2016-08-20 18:29:11
C00032,2016-08-19 15:48:47,2016-08-20 21:45:29
C02679,2016-08-19 16:26:36,2016-08-19 16:26:36
C10604,2016-08-19 16:35:36,2016-08-19 19:05:32
C00309,2016-08-19 16:53:15,2016-12-11 04:18:46
C04065,2016-08-19 16:58:55,2016-08-19 17:42:28
C08550,2016-08-19 17:15:55,2016-08-19 17:15:55
C05437,2016-08-19 17:27:58,2016-11-14 15:44:20
C04713,2016-08-19 17:37:15,2016-12-31 16:54:00
C01769,2016-08-19 17:40:12,2016-08-20 16:18:37
C09121,2016-08-19 17:55:25,2016-11-15 21:53:30
C02184,2016-08-19 18:01:32,2016-08-19 18:01:32
C08901,2016-08-19 18:29:14,2016-08-19 18:29:14
C03777,2016-08-19 18:32:24,2016-10-23 00:11:08
C04153,2016-08-19 18:42:07,2016-10-16 19:52:11
C09281,2016-08-19 19:37:38,2016-08-19 19:37:38
C02404,2016-08-19 20:27:43,2016-12-21 18:35:08
C00993,2016-08-19 20:30:26,2016-12-14 20:24:27
C02340,2016-08-19 20:34:24,2016-10-29 19:44:13
C11316,2016-08-19 20:39:19,2016-11-07 12:21:09
C00763,2016-08-19 20:44:42,2016-12-17 15:57:57
C07394,2016-08-19 21:03:02,2016-12-31 22:13:19
C03590,2016-08-19 21:58:04,2016-08-19 21:58:04
C06633,2016-08-19 22:03:45,2016-12-29 17:51:51
C11394,2016-08-19 22:58:04,2016-08-19 22:58:04
C04609,2016-08-19 23:54:54,2016-12-28 00:20:48
C06833,2016-08-19 23:57:08,2016-12-25 02:29:42
C04633,2016-08-20 01:10:39,2016-12-28 19:42:34
C07541,2016-08-20 01:24:28,2016-08-31 16:13:15
C01720,2016-08-20 02:31:56,2016-12-18 13:36:20
C00334,2016-08-20 02:43:45,2016-08-20 02:43:45
C10335,2016-08-20 03:58:03,2016-09-09 04:38:27
C00006,2016-08-20 04:17:11,2016-12-23 20:13:07
C11403,2016-08-20 05:00:51,2016-12-18 15:00:21
C01889,2016-08-20 05:03:47,2016-08-20 05:03:47
C05344,2016-08-20 05:18:22,2016-08-20 05:18:22
C05017,2016-08-20 05:41:50,2016-09-15 23:10:47
C00297,2016-08-20 05:58:48,2016-09-27 01:07:58
C13222,2016-08-20 11:42:17,2016-08-20 11:42:17
C11036,2016-08-20 12:43:20,2016-11-19 23:49:41
C07372,2016-08-20 13:23:24,2016-12-27 23:14:23
C00222,2016-08-20 13:25:10,2016-12-26 16:09:11
C03916,2016-08-20 15:17:33,2016-09-29 22:59:39
C00376,2016-08-20 15:23:17,2016-09-20 18:37:17
C01249,2016-08-20 16:42:17,2016-11-10 14:26:21
C04289,2016-08-20 16:46:08,2016-08-20 16:46:08
C01100,2016-08-20 17:09:33,2016-08-20 17:09:33
C07218,2016-08-20 17:20:41,2016-08-20 17:20:41
C10931,2016-08-20 17:27:20,2016-12-29 20:06:43
C02710,2016-08-20 17:27:22,2016-08-20 17:27:22
C10407,2016-08-20 17:29:52,2016-11-01 21:01:00
C11616,2016-08-20 17:45:29,2016-12-19 12:12:10
C10920,2016-08-20 17:56:29,2016-12-17 16:51:41
C03984,2016-08-20 18:03:15,2016-10-22 17:32:02
C05711,2016-08-20 18:56:05,2016-08-20 18:56:05
C11039,2016-08-20 19:21:36,2016-12-25 22:18:38
C06382,2016-08-20 19:48:20,2016-08-20 19:48:20
C07675,2016-08-20 19:49:15,2016-08-20 19:49:15
C13481,2016-08-20 20:08:51,2016-10-25 18:14:41
C12070,2016-08-20 20:23:44,2016-12-31 18:09:36
C01992,2016-08-20 21:07:11,2016-10-31 21:33:23
C09559,2016-08-20 22:00:29,2016-08-20 22:00:29
C12118,2016-08-20 22:14:14,2016-11-10 20:10:08
C08064,2016-08-20 22:14:23,2016-08-20 22:14:23
C05056,2016-08-20 22:41:31,2016-08-20 22:41:31
C01764,2016-08-20 22:42:23,2016-08-20 22:42:23
C11531,2016-08-20 22:55:33,2016-08-20 22:55:33
C01139,2016-08-20 22:57:14,2016-08-20 22:57:14
C08625,2016-08-21 00:10:32,2016-10-18 00:02:09
C10304,2016-08-21 00:30:03,2016-12-28 17:26:06
C03244,2016-08-21 00:31:25,2016-08-21 00:31:25
C02685,2016-08-21 01:23:21,2016-10-13 19:35:30
C06435,2016-08-21 01:29:07,2016-10-28 19:38:43
C02310,2016-08-21 01:33:41,2016-12-14 23:44:56
C02351,2016-08-21 01:33:55,2016-11-18 23:51:10
C03970,2016-08-21 01:37:48,2016-09-02 23:31:47
C02745,2016-08-21 01:45:18,2016-12-09 23:11:37
C09970,2016-08-21 01:58:24,2016-08-21 01:58:24
C05100,2016-08-21 02:06:09,2016-12-29 03:00:01
C07640,2016-08-21 02:19:07,2016-08-21 22:53:57
C08254,2016-08-21 02:39:24,2016-08-21 02:39:24
C02142,2016-08-21 03:14:43,2016-10-21 21:17:07
C01825,2016-08-21 03:34:10,2016-12-28 18:41:59
C00808,2016-08-21 03:53:53,2016-08-21 03:53:53
C04843,2016-08-21 04:04:02,2016-12-31 19:29:29
C00744,2016-08-21 04:37:56,2016-11-07 23:04:34
C07777,2016-08-21 05:39:16,2016-08-21 05:39:16
C06428,2016-08-21 06:08:15,2016-12-03 12:16:15
C00160,2016-08-21 08:02:14,2016-12-06 17:32:43
C08081,2016-08-21 12:17:05,2016-12-01 18:05:06
C07932,2016-08-21 13:07:28,2016-12-08 03:10:57
C12886,2016-08-21 13:37:14,2016-08-21 13:37:14
C06125,2016-08-21 14:14:08,2016-09-13 17:32:52
C05322,2016-08-21 14:17:38,2016-08-21 14:17:38
C11178,2016-08-21 14:17:52,2016-10-27 19:14:03
C10563,2016-08-21 15:07:09,2016-12-02 03:56:42
C11210,2016-08-21 15:47:28,2016-12-22 19:37:36
C13467,2016-08-21 16:46:01,2016-12-26 22:44:00
C11327,2016-08-21 16:57:01,2016-12-01 19:52:39
C05265,2016-08-21 17:04:17,2016-09-05 18:10:59
C00818,2016-08-21 17:41:35,2016-12-27 12:53:13
C09367,2016-08-21 17:52:40,2016-09-25 12:58:34
C06080,2016-08-21 18:10:51,2016-08-21 18:10:51
C08218,2016-08-21 19:13:52,2016-10-24 06:26:50
C04603,2016-08-21 19:20:00,2016-11-19 03:01:49
C01584,2016-08-21 19:28:00,2016-12-21 22:24:38
C09543,2016-08-21 19:41:14,2016-08-28 23:16:55
C03957,2016-08-21 19:55:22,2016-10-24 10:52:22
C08481,2016-08-21 20:04:58,2016-08-21 20:04:58
C13395,2016-08-21 20:08:57,2016-08-21 20:08:57
C10413,2016-08-21 20:41:12,2016-12-11 01:58:40
C08113,2016-08-21 20:48:19,2016-12-22 16:48:58
C09392,2016-08-21 20:50:34,2016-12-18 21:56:52
C04182,2016-08-21 20:50:45,2016-12-04 14:35:48
C06204,2016-08-21 20:53:46,2016-11-23 21:54:24
C04883,2016-08-21 20:56:53,2016-09-25 18:44:28
C12023,2016-08-21 21:07:36,2016-08-21 21:07:36
C06602,2016-08-21 21:23:50,2016-09-27 20:37:32
C06561,2016-08-21 21:45:19,2016-10-12 06:33:40
C02831,2016-08-21 22:14:38,2016-12-30 16:32:03
C02074,2016-08-21 22:25:54,2016-12-22 00:56:47
C02422,2016-08-21 22:36:31,2016-11-24 14:36:55
C07188,2016-08-21 22:54:15,2016-08-21 22:54:15
C04542,2016-08-21 22:54:24,2016-08-21 22:54:24
C03780,2016-08-21 23:01:45,2016-12-24 00:53:43
C12836,2016-08-21 23:03:27,2016-11-07 21:15:22
C02163,2016-08-21 23:03:57,2016-12-12 00:18:12
C13279,2016-08-21 23:08:10,2016-08-21 23:08:10
C09094,2016-08-21 23:20:47,2016-10-28 20:18:16
C08571,2016-08-21 23:59:42,2016-08-21 23:59:42
C08771,2016-08-22 00:00:50,2016-12-23 21:53:38
C04916,2016-08-22 00:01:45,2016-08-22 00:01:45
C04106,2016-08-22 00:47:07,2016-08-22 00:47:07
C13462,2016-08-22 00:54:32,2016-12-19 22:41:53
C12860,2016-08-22 01:23:56,2016-12-24 00:51:24
C12153,2016-08-22 02:21:33,2016-10-05 22:42:40
C12635,2016-08-22 03:15:20,2016-08-22 03:15:20
C09426,2016-08-22 06:29:28,2016-08-22 06:29:28
C01540,2016-08-22 06:33:13,2016-10-23 17:44:39
C03144,2016-08-22 14:50:48,2016-12-31 18:50:17
C09258,2016-08-22 15:22:01,2016-09-03 02:23:12
C11030,2016-08-22 15:33:22,2016-09-06 22:50:51
C13520,2016-08-22 15:53:10,2016-09-07 15:02:23
C11739,2016-08-22 16:11:57,2016-11-16 23:12:05
C01691,2016-08-22 16:56:51,2016-08-22 16:56:51
C01364,2016-08-22 17:29:17,2016-11-05 05:52:53
C02107,2016-08-22 17:32:29,2016-10-17 18:46:49
C01861,2016-08-22 18:13:25,2016-08-22 20:45:52
C00819,2016-08-22 18:15:59,2016-09-12 08:19:52
C03921,2016-08-22 18:57:59,2016-12-14 20:54:00
C00661,2016-08-22 19:14:51,2016-08-22 19:14:51
C06456,2016-08-22 19:16:44,2016-12-04 15:22:26
C09774,2016-08-22 19:38:44,2016-08-30 17:16:25
C12052,2016-08-22 19:43:03,2016-08-22 19:56:26
C04567,2016-08-22 19:59:46,2016-11-16 15:37:50
C11009,2016-08-22 20:03:00,2016-11-21 18:45:55
C06298,2016-08-22 20:30:29,2016-12-20 23:59:14
C04639,2016-08-22 20:38:11,2016-08-24 00:30:43
C06636,2016-08-22 20:40:36,2016-12-06 17:50:31
C06771,2016-08-22 21:59:41,2016-08-22 21:59:41
C05914,2016-08-22 22:31:30,2016-10-28 20:20:57
C11420,2016-08-22 22:48:55,2016-08-22 23:07:58
C08129,2016-08-22 23:02:05,2016-12-30 00:37:30
C10671,2016-08-22 23:11:53,2016-08-22 23:11:53
C08508,2016-08-22 23:26:02,2016-12-25 00:32:27
C11559,2016-08-22 23:27:12,2016-09-10 00:15:38
C06813,2016-08-22 23:42:32,2016-11-17 14:04:16
C01379,2016-08-22 23:51:40,2016-08-22 23:51:40
C11149,2016-08-23 00:12:27,2016-10-02 17:04:12
C03435,2016-08-23 00:44:00,2016-12-05 19:31:08
C05834,2016-08-23 00:47:43,2016-10-18 11:02:36
C01649,2016-08-23 00:47:57,2016-09-19 01:09:22
C05528,2016-08-23 00:50:19,2016-12-28 18:14:38
C10300,2016-08-23 01:02:05,2016-10-09 01:08:53
C10384,2016-08-23 02:09:10,2016-08-26 23:51:18
C11500,2016-08-23 02:42:16,2016-08-23 02:42:16
C06259,2016-08-23 03:36:11,2016-12-29 03:03:19
C10288,2016-08-23 04:11:11,2016-12-10 18:49:37
C03106,2016-08-23 10:49:58,2016-08-23 10:49:58
C03385,2016-08-23 13:24:43,2016-11-25 14:23:18
C10823,2016-08-23 14:02:25,2016-08-28 02:07:48
C07771,2016-08-23 14:19:39,2016-11-03 01:27:50
C12951,2016-08-23 14:51:15,2016-12-19 02:18:56
C03717,2016-08-23 15:57:54,2016-08-23 15:57:54
C02282,2016-08-23 16:30:43,2016-12-11 02:57:56
C08953,2016-08-23 16:43:53,2016-08-23 18:14:31
C05486,2016-08-23 16:58:00,2016-08-23 16:58:00
C09871,2016-08-23 17:29:54,2016-12-06 20:32:16
C06310,2016-08-23 17:31:21,2016-08-23 17:58:22
C04727,2016-08-23 17:32:36,2016-08-26 17:58:50
C09996,2016-08-23 17:47:35,2016-12-08 15:42:38
C03997,2016-08-23 17:48:40,2016-12-31 19:52:27
C09630,2016-08-23 17:59:40,2016-10-25 04:57:27
C05239,2016-08-23 18:18:06,2016-10-11 23:44:01
C02829,2016-08-23 18:21:19,2016-08-23 18:21:19
C00764,2016-08-23 18:23:15,2016-08-23 18:23:15
C06755,2016-08-23 18:42:22,2016-12-18 22:54:02
C01273,2016-08-23 18:49:53,2016-08-23 18:49:53
C09594,2016-08-23 19:00:47,2016-08-23 19:06:49
C08196,2016-08-23 19:33:41,2016-11-19 22:12:25
C07609,2016-08-23 20:10:42,2016-10-16 14:21:37
C07493,2016-08-23 20:18:42,2016-08-23 20:50:37
C05940,2016-08-23 20:28:56,2016-10-11 15:29:20
C11946,2016-08-23 20:32:39,2016-08-23 20:32:39
C04337,2016-08-23 20:36:02,2016-11-24 17:08:13
C01622,2016-08-23 20:42:04,2016-08-23 20:42:04
C02041,2016-08-23 20:45:30,2016-08-23 20:45:30
C00380,2016-08-23 21:12:27,2016-09-04 15:20:37
C08583,2016-08-23 21:19:48,2016-12-19 16:17:01
C00138,2016-08-23 21:30:24,2016-11-15 23:49:44
C00508,2016-08-23 21:33:20,2016-12-26 21:59:51
C03764,2016-08-23 22:14:53,2016-08-23 22:14:53
C08418,2016-08-23 22:29:04,2016-12-08 15:51:55
C13409,2016-08-23 22:30:13,2016-08-23 22:30:13
C10940,2016-08-23 22:38:35,2016-11-19 00:03:05
C01785,2016-08-23 23:12:19,2016-11-29 19:29:00
C06231,2016-08-23 23:16:56,2016-11-12 01:44:25
C09523,2016-08-23 23:34:27,2016-08-23 23:45:07
C02596,2016-08-23 23:43:29,2016-08-23 23:43:29
C05775,2016-08-23 23:52:56,2016-08-24 00:13:43
C11999,2016-08-24 00:12:21,2016-11-01 01:39:59
C08891,2016-08-24 00:20:23,2016-12-06 16:04:09
C06477,2016-08-24 00:36:16,2016-11-20 20:10:58
C11711,2016-08-24 01:02:47,2016-08-24 01:02:47
C11618,2016-08-24 01:44:03,2016-08-24 01:44:03
C01580,2016-08-24 02:31:54,2016-10-16 20:39:20
C09168,2016-08-24 02:38:11,2016-08-24 02:38:11
C08098,2016-08-24 03:04:37,2016-08-24 03:04:37
C06484,2016-08-24 04:05:11,2016-10-28 18:14:36
C01134,2016-08-24 04:31:03,2016-11-19 01:58:00
C01425,2016-08-24 05:09:50,2016-08-24 05:09:50
C09756,2016-08-24 12:13:39,2016-11-30 12:46:42
C08025,2016-08-24 12:37:17,2016-10-24 04:01:46
C10301,2016-08-24 13:32:54,2016-08-24 13:32:54
C07497,2016-08-24 14:07:49,2016-11-14 00:24:05
C06698,2016-08-24 14:21:37,2016-08-24 14:43:33
C11621,2016-08-24 14:35:58,2016-12-28 23:53:24
C10188,2016-08-24 14:53:43,2016-11-01 14:22:06
C08819,2016-08-24 15:12:17,2016-12-20 13:45:22
C06530,2016-08-24 15:35:57,2016-12-20 00:39:30
C04996,2016-08-24 16:02:18,2016-08-24 16:02:18
C04802,2016-08-24 16:51:00,2016-08-24 16:51:00
C03475,2016-08-24 17:03:49,2016-10-24 15:12:48
C02103,2016-08-24 17:44:47,2016-08-24 17:44:47
C09287,2016-08-24 17:59:24,2016-12-17 14:59:15
C01742,2016-08-24 18:17:03,2016-10-01 17:59:10
C05806,2016-08-24 18:21:56,2016-11-24 20:40:31
C00397,2016-08-24 18:29:54,2016-11-24 17:55:02
C05607,2016-08-24 19:10:30,2016-08-24 19:10:30
C11803,2016-08-24 19:31:20,2016-12-11 16:40:59
C03874,2016-08-24 20:08:33,2016-08-25 17:10:59
C09639,2016-08-24 20:08:52,2016-08-25 16:48:52
C11860,2016-08-24 20:17:07,2016-12-14 19:27:45
C03345,2016-08-24 20:23:17,2016-12-09 02:28:27
C01093,2016-08-24 20:28:45,2016-08-25 07:22:00
C10275,2016-08-24 20:52:41,2016-08-25 16:15:47
C01752,2016-08-24 21:01:03,2016-08-24 21:01:23
C03419,2016-08-24 21:22:29,2016-08-24 21:22:29
C06809,2016-08-24 21:43:21,2016-12-17 02:28:55
C05754,2016-08-24 22:07:45,2016-08-24 22:07:45
C06154,2016-08-24 22:13:13,2016-08-24 22:13:13
C11410,2016-08-24 22:30:04,2016-08-24 22:30:04
C09333,2016-08-24 22:30:57,2016-11-14 20:33:06
C00988,2016-08-24 23:14:34,2016-12-22 13:32:08
C03619,2016-08-24 23:20:05,2016-08-24 23:20:05
C04456,2016-08-24 23:45:38,2016-12-11 01:24:04
C06887,2016-08-24 23:46:05,2016-10-22 18:09:14
C00291,2016-08-24 23:55:13,2016-08-24 23:55:13
C04370,2016-08-25 00:15:42,2016-08-25 00:15:42
C06287,2016-08-25 00:57:27,2016-12-03 16:09:03
C12481,2016-08-25 00:59:06,2016-10-08 01:33:05
C05657,2016-08-25 01:21:55,2016-11-26 01:46:02
C04240,2016-08-25 01:25:04,2016-08-25 01:25:04
C13546,2016-08-25 01:46:46,2016-08-25 01:46:46
C12916,2016-08-25 02:12:10,2016-12-31 19:18:00
C04560,2016-08-25 02:32:21,2016-11-21 22:30:30
C03098,2016-08-25 03:21:38,2016-11-04 04:45:25
C04430,2016-08-25 03:28:24,2016-11-17 15:42:31
C08804,2016-08-25 03:59:27,2016-11-27 09:07:10
C01572,2016-08-25 13:31:32,2016-09-27 19:01:30
C08940,2016-08-25 14:52:27,2016-08-25 14:52:27
C00874,2016-08-25 15:36:05,2016-08-25 15:36:05
C00907,2016-08-25 15:38:31,2016-09-14 02:22:42
C05646,2016-08-25 15:46:09,2016-08-25 15:46:09
C05436,2016-08-25 16:11:07,2016-11-01 00:34:19
C02286,2016-08-25 16:27:51,2016-12-16 19:18:56
C02535,2016-08-25 16:32:01,2016-08-25 16:32:01
C03208,2016-08-25 17:12:22,2016-08-25 17:12:22
C07279,2016-08-25 17:16:04,2016-11-06 12:53:37
C00335,2016-08-25 17:17:48,2016-08-25 17:33:05
C03056,2016-08-25 17:22:11,2016-09-02 03:48:41
C12076,2016-08-25 17:30:48,2016-08-25 17:30:48
C04587,2016-08-25 17:31:32,2016-08-25 17:52:12
C06848,2016-08-25 18:34:00,2016-10-14 17:20:10
C11939,2016-08-25 18:55:30,2016-08-25 18:55:30
C06357,2016-08-25 19:05:31,2016-12-28 13:30:41
C09618,2016-08-25 19:06:43,2016-12-03 22:28:14
C11753,2016-08-25 19:08:03,2016-08-25 19:08:03
C07389,2016-08-25 19:09:30,2016-12-28 21:43:40
C08387,2016-08-25 19:34:26,2016-08-25 19:34:26
C10874,2016-08-25 19:38:18,2016-08-25 23:26:00
C03365,2016-08-25 19:52:43,2016-08-25 19:52:43
C07110,2016-08-25 20:57:17,2016-11-18 02:06:36
C07519,2016-08-25 21:17:51,2016-08-25 21:17:51
C10673,2016-08-25 21:54:26,2016-12-20 23:38:46
C02638,2016-08-25 22:02:21,2016-08-25 22:02:21
C07255,2016-08-25 22:03:27,2016-09-26 21:42:07
C09603,2016-08-25 22:14:35,2016-12-12 12:28:39
C02043,2016-08-25 22:20:17,2016-12-28 13:16:23
C07915,2016-08-25 22:24:05,2016-08-25 22:24:05
C06649,2016-08-25 22:36:29,2016-08-25 22:36:29
C01089,2016-08-25 22:46:33,2016-08-25 22:46:33
C06387,2016-08-25 22:56:01,2016-10-28 22:50:07
C13035,2016-08-25 23:05:29,2016-10-05 21:54:34
C06709,2016-08-25 23:12:20,2016-12-20 11:37:02
C03294,2016-08-25 23:36:21,2016-08-25 23:36:21
C05150,2016-08-25 23:59:51,2016-08-25 23:59:51
C07603,2016-08-26 00:01:24,2016-09-26 19:01:12
C00102,2016-08-26 00:18:55,2016-08-26 00:18:55
C02551,2016-08-26 00:31:53,2016-08-26 00:31:53
C11272,2016-08-26 00:32:16,2016-09-07 00:12:49
C02028,2016-08-26 00:45:15,2016-10-11 23:41:07
C06749,2016-08-26 01:00:54,2016-12-17 19:19:48
C10306,2016-08-26 01:06:40,2016-08-26 01:06:40
C03573,2016-08-26 01:45:29,2016-12-29 03:04:54
C05447,2016-08-26 01:47:43,2016-08-26 01:47:43
C12116,2016-08-26 01:56:30,2016-08-26 01:56:30
C01739,2016-08-26 02:16:52,2016-08-26 02:16:52
C08355,2016-08-26 02:28:29,2016-10-24 23:21:45
C00710,2016-08-26 03:01:41,2016-08-26 03:01:41
C07893,2016-08-26 03:39:23,2016-09-06 16:40:45
C00379,2016-08-26 04:33:35,2016-08-26 04:33:35
C12236,2016-08-26 04:52:11,2016-08-26 19:38:09
C05968,2016-08-26 13:35:23,2016-08-26 13:35:23
C13142,2016-08-26 13:48:00,2016-12-16 13:05:25
C11491,2016-08-26 15:01:07,2016-11-22 21:47:43
C05242,2016-08-26 15:10:15,2016-08-26 15:10:15
C00972,2016-08-26 15:53:10,2016-09-02 20:51:22
C02665,2016-08-26 16:16:55,2016-09-04 02:17:00
C11209,2016-08-26 16:32:26,2016-12-17 05:06:20
C08756,2016-08-26 17:13:37,2016-12-22 19:56:32
C08164,2016-08-26 17:34:02,2016-10-31 15:47:02
C04498,2016-08-26 17:34:54,2016-08-26 17:34:54
C07471,2016-08-26 17:43:50,2016-11-18 03:32:59
C01734,2016-08-26 17:48:17,2016-12-24 13:58:02
C04757,2016-08-26 17:48:31,2016-12-31 16:38:07
C07539,2016-08-26 18:02:44,2016-08-26 18:02:44
C05445,2016-08-26 18:56:58,2016-12-10 16:35:28
C02950,2016-08-26 19:15:49,2016-12-19 19:34:12
C00127,2016-08-26 19:24:19,2016-08-26 19:24:19
C02364,2016-08-26 19:38:26,2016-12-08 13:27:07
C03879,2016-08-26 19:45:50,2016-11-22 15:59:50
C10492,2016-08-26 20:16:16,2016-12-18 13:50:13
C00814,2016-08-26 20:19:53,2016-12-05 06:36:03
C10959,2016-08-26 20:27:38,2016-12-05 19:59:58
C06216,2016-08-26 20:28:50,2016-10-20 15:39:37
C00383,2016-08-26 20:52:52,2016-08-26 20:52:52
C06836,2016-08-26 21:02:59,2016-08-26 21:10:44
C13305,2016-08-26 21:23:54,2016-12-31 03:57:02
C04964,2016-08-26 21:35:12,2016-12-20 19:40:01
C07574,2016-08-26 21:41:49,2016-08-26 21:41:49
C11928,2016-08-26 21:43:15,2016-10-07 22:31:37
C08136,2016-08-26 21:48:24,2016-10-03 20:42:33
C05635,2016-08-26 21:57:31,2016-11-19 00:12:34
C01832,2016-08-26 22:25:28,2016-10-05 15:54:26
C08889,2016-08-26 22:25:56,2016-08-26 22:25:56
C08512,2016-08-26 22:38:11,2016-08-26 22:38:11
C12979,2016-08-26 23:03:51,2016-12-31 16:37:04
C09016,2016-08-26 23:38:29,2016-08-26 23:38:29
C09335,2016-08-26 23:59:48,2016-08-27 00:26:42
C10011,2016-08-27 00:04:54,2016-08-27 00:04:54
C00039,2016-08-27 00:17:52,2016-08-27 00:17:52
C11611,2016-08-27 00:26:32,2016-12-28 19:57:35
C12303,2016-08-27 00:36:34,2016-10-07 23:06:11
C00394,2016-08-27 01:00:45,2016-12-03 17:11:07
C08525,2016-08-27 01:45:54,2016-08-27 01:45:54
C02443,2016-08-27 03:15:01,2016-08-27 03:15:01
C11094,2016-08-27 03:41:22,2016-10-21 18:12:22
C11972,2016-08-27 03:45:18,2016-10-07 19:15:15
C13353,2016-08-27 03:48:07,2016-08-27 03:48:07
C12477,2016-08-27 03:54:45,2016-09-23 03:52:33
C12252,2016-08-27 04:50:00,2016-08-27 04:50:00
C07142,2016-08-27 12:44:58,2016-08-27 12:44:58
C06115,2016-08-27 14:07:23,2016-12-31 20:29:43
C06877,2016-08-27 15:37:14,2016-08-27 15:37:14
C01975,2016-08-27 16:33:17,2016-12-31 21:06:22
C13458,2016-08-27 17:52:12,2016-08-30 17:36:13
C05567,2016-08-27 18:23:41,2016-12-25 17:10:18
C01796,2016-08-27 18:49:20,2016-11-26 23:36:08
C10743,2016-08-27 20:09:31,2016-08-27 20:09:31
C07318,2016-08-27 20:37:38,2016-10-26 00:05:49
C13188,2016-08-27 20:51:23,2016-11-07 22:57:47
C06521,2016-08-27 21:56:51,2016-08-27 21:56:51
C05529,2016-08-27 22:05:07,2016-08-27 22:05:07
C11184,2016-08-27 22:44:35,2016-08-27 22:44:35
C12106,2016-08-27 23:17:10,2016-08-27 23:17:10
C10490,2016-08-27 23:26:26,2016-09-12 21:28:31
C04777,2016-08-27 23:29:42,2016-08-27 23:29:42
C05883,2016-08-27 23:35:10,2016-10-10 03:26:37
C04554,2016-08-28 00:01:24,2016-12-25 02:15:23
C00117,2016-08-28 00:08:47,2016-08-28 00:08:47
C10463,2016-08-28 00:38:48,2016-08-28 00:38:48
C13017,2016-08-28 01:10:45,2016-08-28 01:10:45
C11747,2016-08-28 01:23:46,2016-09-03 20:14:44
C10252,2016-08-28 01:58:05,2016-08-28 01:58:05
C02963,2016-08-28 02:30:02,2016-09-03 18:06:28
C06202,2016-08-28 02:30:21,2016-08-28 08:52:20
C05908,2016-08-28 02:47:04,2016-08-28 02:47:04
C05121,2016-08-28 03:02:38,2016-12-15 05:32:44
C10866,2016-08-28 03:35:35,2016-10-27 01:55:06
C05619,2016-08-28 03:54:36,2016-08-28 03:54:36
C08393,2016-08-28 04:45:18,2016-10-13 03:05:56
C00140,2016-08-28 05:39:58,2016-12-26 21:51:54
C08908,2016-08-28 12:40:42,2016-10-12 02:27:40
C06660,2016-08-28 13:52:37,2016-08-28 13:57:46
C01779,2016-08-28 14:17:31,2016-10-01 03:13:49
C03215,2016-08-28 14:38:12,2016-12-21 15:15:08
C07043,2016-08-28 15:53:48,2016-11-27 17:52:26
C08952,2016-08-28 16:11:16,2016-08-28 16:11:16
C00448,2016-08-28 16:30:26,2016-12-26 14:38:38
C04622,2016-08-28 16:34:07,2016-12-28 12:47:34
C09119,2016-08-28 16:34:28,2016-12-11 18:00:08
C09715,2016-08-28 17:13:02,2016-12-26 20:21:53
C07688,2016-08-28 17:13:06,2016-08-28 17:13:06
C11776,2016-08-28 18:10:00,2016-08-28 18:10:00
C01643,2016-08-28 18:11:15,2016-09-30 15:48:10
C04312,2016-08-28 18:28:19,2016-11-28 00:59:58
C08428,2016-08-28 18:34:45,2016-08-28 18:34:45
C03822,2016-08-28 19:11:21,2016-08-30 18:59:38
C12636,2016-08-28 19:12:44,2016-10-21 19:07:51
C06776,2016-08-28 19:20:46,2016-10-07 16:49:54
C01687,2016-08-28 19:36:31,2016-08-28 19:36:31
C01819,2016-08-28 20:32:27,2016-11-13 12:41:27
C11647,2016-08-28 20:53:45,2016-08-28 21:05:21
C01911,2016-08-28 20:58:52,2016-08-28 20:58:52
C00389,2016-08-28 21:44:32,2016-08-28 21:44:32
C04466,2016-08-28 22:05:13,2016-11-05 00:31:14
C02724,2016-08-28 22:13:50,2016-12-17 23:00:16
C02156,2016-08-28 22:14:47,2016-10-07 15:39:37
C06069,2016-08-28 22:28:41,2016-08-28 22:28:41
C02649,2016-08-28 22:51:16,2016-09-30 18:38:12
C12478,2016-08-28 23:46:29,2016-08-28 23:46:29
C12869,2016-08-28 23:57:40,2016-10-02 15:49:59
C06034,2016-08-28 23:59:22,2016-08-29 15:34:21
C10980,2016-08-29 00:30:33,2016-10-08 17:37:14
C05407,2016-08-29 00:38:16,2016-08-29 00:38:16
C02730,2016-08-29 00:48:41,2016-12-22 18:03:02
C12112,2016-08-29 01:08:38,2016-08-29 01:08:38
C05388,2016-08-29 01:19:44,2016-12-09 22:58:35
C01009,2016-08-29 01:33:16,2016-08-29 01:33:16
C06433,2016-08-29 02:03:14,2016-12-30 21:12:27
C06869,2016-08-29 02:08:23,2016-10-11 18:50:33
C05593,2016-08-29 02:12:14,2016-08-29 02:12:14
C11060,2016-08-29 02:26:01,2016-11-16 20:24:11
C04935,2016-08-29 02:38:17,2016-10-23 22:45:43
C08379,2016-08-29 03:17:05,2016-08-29 08:10:15
C05429,2016-08-29 03:22:14,2016-09-25 22:02:33
C06560,2016-08-29 03:29:55,2016-08-29 03:29:55
C06100,2016-08-29 03:39:31,2016-12-23 16:00:49
C04728,2016-08-29 03:44:44,2016-12-22 23:02:32
C10500,2016-08-29 03:44:52,2016-12-29 15:34:33
C04629,2016-08-29 05:15:40,2016-09-21 01:55:42
C05987,2016-08-29 07:47:54,2016-10-19 20:46:05
C01450,2016-08-29 12:37:55,2016-08-29 12:37:55
C05877,2016-08-29 14:20:18,2016-11-12 23:45:02
C07304,2016-08-29 15:41:40,2016-12-12 20:16:49
C12708,2016-08-29 16:36:23,2016-12-14 00:56:57
C11569,2016-08-29 16:54:06,2016-12-29 21:37:37
C00512,2016-08-29 17:17:09,2016-10-20 19:03:28
C01539,2016-08-29 17:28:37,2016-10-30 14:08:04
C08262,2016-08-29 17:34:54,2016-11-07 18:08:28
C11169,2016-08-29 17:41:39,2016-08-29 17:41:39
C03073,2016-08-29 18:01:49,2016-08-29 18:01:49
C08639,2016-08-29 18:04:51,2016-08-29 18:04:51
C05373,2016-08-29 18:06:11,2016-08-29 18:12:08
C05710,2016-08-29 18:10:53,2016-11-13 22:33:40
C03735,2016-08-29 18:23:50,2016-10-04 23:39:09
C00462,2016-08-29 18:26:19,2016-09-03 00:16:33
C06868,2016-08-29 18:33:14,2016-08-29 18:33:14
C04672,2016-08-29 19:00:12,2016-08-29 19:00:12
C06243,2016-08-29 19:04:41,2016-12-25 23:16:51
C03395,2016-08-29 19:09:17,2016-08-29 19:09:17
C04561,2016-08-29 19:17:20,2016-08-30 16:24:36
C00943,2016-08-29 19:30:34,2016-12-09 16:52:38
C00691,2016-08-29 19:53:30,2016-08-29 19:54:01
C06945,2016-08-29 20:34:59,2016-11-07 04:11:39
C04718,2016-08-29 20:42:36,2016-10-28 13:08:02
C03700,2016-08-29 21:04:05,2016-12-23 11:49:20
C01320,2016-08-29 21:25:05,2016-12-10 23:08:06
C06832,2016-08-29 22:02:08,2016-12-03 11:16:25
C07413,2016-08-29 22:33:47,2016-08-29 22:33:47
C11725,2016-08-29 22:51:40,2016-10-23 17:27:07
C04579,2016-08-29 22:53:43,2016-09-16 03:38:13
C12024,2016-08-30 00:03:30,2016-11-23 15:08:17
C02405,2016-08-30 00:14:14,2016-08-30 00:14:14
C03905,2016-08-30 00:21:57,2016-09-09 01:48:36
C10471,2016-08-30 00:25:03,2016-12-13 18:07:54
C01591,2016-08-30 00:30:04,2016-12-10 18:58:45
C07402,2016-08-30 00:45:43,2016-09-12 22:13:40
C03677,2016-08-30 00:46:46,2016-08-30 00:46:46
C01418,2016-08-30 01:02:09,2016-10-02 15:14:41
C10508,2016-08-30 01:20:16,2016-08-30 01:20:16
C11064,2016-08-30 01:54:23,2016-12-31 00:01:11
C09541,2016-08-30 01:56:10,2016-08-30 02:20:52
C13422,2016-08-30 02:04:06,2016-11-22 21:22:20
C05722,2016-08-30 02:10:57,2016-08-30 02:10:57
C12769,2016-08-30 02:32:05,2016-12-08 09:27:00
C02304,2016-08-30 03:14:55,2016-08-30 03:14:55
C04275,2016-08-30 03:42:56,2016-09-30 02:37:19
C03829,2016-08-30 05:04:45,2016-11-28 00:49:12
C12359,2016-08-30 05:50:27,2016-11-10 08:50:01
C04347,2016-08-30 06:25:52,2016-12-10 23:56:50
C07344,2016-08-30 13:37:43,2016-10-25 15:19:43
C06491,2016-08-30 14:19:53,2016-11-03 16:17:30
C07569,2016-08-30 14:36:11,2016-10-04 21:57:57
C05721,2016-08-30 14:46:56,2016-08-30 14:46:56
C00581,2016-08-30 15:27:42,2016-08-30 15:27:42
C06753,2016-08-30 15:54:49,2016-08-30 15:54:49
C03492,2016-08-30 15:59:23,2016-12-29 00:23:27
C00226,2016-08-30 16:20:14,2016-09-07 02:06:27
C02172,2016-08-30 16:42:31,2016-08-30 16:58:55
C03915,2016-08-30 16:46:45,2016-09-15 23:52:24
C10810,2016-08-30 16:59:40,2016-12-27 18:22:05
C09963,2016-08-30 17:08:27,2016-12-21 21:34:39
C01221,2016-08-30 17:14:02,2016-09-17 15:15:23
C09402,2016-08-30 17:45:58,2016-08-30 17:45:58
C03476,2016-08-30 17:54:22,2016-08-30 17:54:22
C03126,2016-08-30 18:13:49,2016-12-23 18:42:56
C10797,2016-08-30 18:26:04,2016-08-30 18:26:04
C12810,2016-08-30 18:37:34,2016-12-29 19:18:56
C07486,2016-08-30 18:47:33,2016-09-03 23:53:49
C03369,2016-08-30 19:19:22,2016-11-18 20:35:39
C04396,2016-08-30 19:28:24,2016-08-30 19:28:24
C00718,2016-08-30 19:34:18,2016-12-07 16:52:17
C08502,2016-08-30 20:38:31,2016-08-30 20:38:31
C10606,2016-08-30 21:10:37,2016-08-30 21:19:40
C12239,2016-08-30 21:15:05,2016-09-09 20:42:08
C09178,2016-08-30 21:20:33,2016-11-24 18:41:18
C02642,2016-08-30 21:22:58,2016-11-09 23:25:52
C12675,2016-08-30 21:35:00,2016-12-11 11:49:41
C10847,2016-08-30 21:58:34,2016-12-11 21:05:41
C04147,2016-08-30 22:23:29,2016-11-15 19:32:39
C02344,2016-08-30 22:27:27,2016-08-30 22:27:27
C06318,2016-08-30 22:29:33,2016-08-30 22:29:33
C05457,2016-08-30 23:10:59,2016-09-20 19:21:43
C00644,2016-08-30 23:15:37,2016-09-24 21:07:53
C03772,2016-08-30 23:25:48,2016-09-24 01:59:43
C09953,2016-08-30 23:27:44,2016-10-25 15:40:26
C02284,2016-08-30 23:31:22,2016-08-30 23:31:22
C03873,2016-08-30 23:42:00,2016-08-31 03:13:16
C02326,2016-08-31 00:02:47,2016-08-31 00:02:47
C11222,2016-08-31 00:18:42,2016-11-05 13:07:13
C08349,2016-08-31 00:38:43,2016-08-31 00:38:43
C03616,2016-08-31 00:41:30,2016-10-28 23:51:35
C09233,2016-08-31 01:33:31,2016-08-31 01:33:31
C07434,2016-08-31 01:48:18,2016-08-31 01:48:18
C00987,2016-08-31 02:01:26,2016-11-02 08:01:38
C10456,2016-08-31 02:07:04,2016-08-31 02:07:04
C11177,2016-08-31 02:45:34,2016-10-24 02:27:30
C10255,2016-08-31 04:11:06,2016-12-29 23:19:23
C09484,2016-08-31 04:13:41,2016-09-27 16:27:38
C10556,2016-08-31 04:22:41,2016-11-18 01:44:26
C11878,2016-08-31 04:52:33,2016-08-31 04:52:33
C11105,2016-08-31 08:45:51,2016-10-05 13:31:55
C08446,2016-08-31 13:39:42,2016-08-31 13:39:42
C01440,2016-08-31 14:04:01,2016-08-31 14:04:01
C08758,2016-08-31 14:24:37,2016-08-31 14:24:37
C10795,2016-08-31 15:22:55,2016-11-10 02:01:23
C08874,2016-08-31 16:31:15,2016-12-23 01:42:56
C11314,2016-08-31 16:48:35,2016-09-21 23:03:00
C02606,2016-08-31 16:50:26,2016-12-30 16:24:45
C01437,2016-08-31 17:00:57,2016-08-31 17:00:57
C03597,2016-08-31 18:15:36,2016-08-31 18:15:36
C05173,2016-08-31 18:44:26,2016-09-06 18:48:29
C00937,2016-08-31 19:27:03,2016-08-31 19:27:03
C11020,2016-08-31 19:30:54,2016-08-31 19:30:54
C00553,2016-08-31 19:40:20,2016-12-30 21:22:06
C05356,2016-08-31 20:04:20,2016-08-31 20:04:20
C08844,2016-08-31 20:12:41,2016-10-24 13:35:38
C02886,2016-08-31 20:41:57,2016-12-21 21:22:49
C12456,2016-08-31 20:51:24,2016-08-31 20:51:24
C06436,2016-08-31 21:14:34,2016-08-31 21:14:34
C05888,2016-08-31 21:17:08,2016-08-31 21:17:08
C11196,2016-08-31 21:19:08,2016-09-13 00:42:17
C02713,2016-08-31 21:26:16,2016-09-03 17:26:37
C07677,2016-08-31 21:26:52,2016-11-05 22:33:19
C03009,2016-08-31 21:30:26,2016-08-31 21:30:26
C04652,2016-08-31 22:04:04,2016-09-01 22:44:05
C04733,2016-08-31 22:14:46,2016-08-31 22:14:46
C05434,2016-08-31 22:43:39,2016-08-31 22:43:39
C13420,2016-08-31 23:04:33,2016-11-30 21:53:40
C03209,2016-08-31 23:52:15,2016-12-29 15:26:39
C10895,2016-09-01 00:00:45,2016-09-01 00:00:45
C04450,2016-09-01 00:02:07,2016-09-01 00:02:07
C01522,2016-09-01 01:20:23,2016-12-12 13:29:24
C00888,2016-09-01 01:39:40,2016-09-01 01:39:40
C10558,2016-09-01 01:40:04,2016-09-01 01:40:04
C10339,2016-09-01 04:32:48,2016-12-15 15:29:13
C05251,2016-09-01 04:42:50,2016-09-01 04:42:50
C13129,2016-09-01 04:44:26,2016-09-01 04:44:26
C10417,2016-09-01 04:45:13,2016-09-01 04:45:13
C06232,2016-09-01 05:34:27,2016-09-01 05:34:27
C00072,2016-09-01 06:42:48,2016-11-20 19:22:01
C06570,2016-09-01 10:29:31,2016-10-19 14:03:40
C05350,2016-09-01 12:16:42,2016-09-01 12:16:42
C06690,2016-09-01 14:15:40,2016-09-10 00:50:31
C12508,2016-09-01 14:16:51,2016-09-01 14:16:51
C05774,2016-09-01 14:41:37,2016-10-06 15:34:17
C11285,2016-09-01 14:50:59,2016-09-01 14:50:59
C12390,2016-09-01 15:10:04,2016-09-13 05:04:30
C03837,2016-09-01 15:44:01,2016-11-24 23:27:37
C10328,2016-09-01 16:24:06,2016-09-20 14:59:14
C12659,2016-09-01 16:26:58,2016-09-01 16:26:58
C11328,2016-09-01 16:27:53,2016-10-13 04:14:24
C02691,2016-09-01 16:48:10,2016-12-03 01:33:34
C05361,2016-09-01 16:49:18,2016-09-01 16:49:18
C04744,2016-09-01 17:01:52,2016-10-14 23:25:54
C11937,2016-09-01 17:03:18,2016-09-01 17:03:45
C03956,2016-09-01 17:12:07,2016-09-01 17:12:07
C11321,2016-09-01 17:14:15,2016-12-16 01:44:08
C11197,2016-09-01 17:15:55,2016-10-14 14:42:50
C08990,2016-09-01 17:17:29,2016-12-13 16:04:48
C06102,2016-09-01 17:28:15,2016-10-23 13:29:44
C01291,2016-09-01 17:43:24,2016-12-12 20:49:09
C05727,2016-09-01 18:59:42,2016-09-01 18:59:42
C13122,2016-09-01 19:13:41,2016-09-01 19:13:41
C09867,2016-09-01 19:36:46,2016-09-01 19:40:44
C01899,2016-09-01 19:39:33,2016-09-01 19:39:33
C03189,2016-09-01 19:47:55,2016-09-01 19:47:55
C01463,2016-09-01 20:03:25,2016-09-01 20:03:25
C03799,2016-09-01 20:04:18,2016-09-01 20:04:18
C09102,2016-09-01 20:23:26,2016-12-26 00:56:23
C06167,2016-09-01 20:34:32,2016-12-09 14:53:05
C11231,2016-09-01 22:49:03,2016-09-01 22:49:03
C07731,2016-09-02 00:15:15,2016-09-27 23:36:08
C06077,2016-09-02 00:24:30,2016-09-02 00:51:50
C11893,2016-09-02 00:49:30,2016-09-02 00:49:30
C00256,2016-09-02 01:10:59,2016-10-31 05:04:07
C12281,2016-09-02 03:18:37,2016-12-25 16:41:51
C09156,2016-09-02 03:36:24,2016-09-02 03:36:24
C13465,2016-09-02 03:59:51,2016-10-22 18:10:45
C03272,2016-09-02 04:18:16,2016-09-02 04:18:16
C00664,2016-09-02 04:37:03,2016-09-02 04:37:03
C07832,2016-09-02 04:41:56,2016-09-02 04:41:56
C07156,2016-09-02 05:16:04,2016-09-25 21:12:33
C10678,2016-09-02 05:59:14,2016-09-02 05:59:14
C06894,2016-09-02 09:52:13,2016-09-02 09:52:13
C04739,2016-09-02 12:39:09,2016-11-30 11:04:52
C05804,2016-09-02 12:56:10,2016-12-07 16:16:57
C13295,2016-09-02 13:19:34,2016-10-26 02:07:36
C08801,2016-09-02 14:03:10,2016-09-02 14:03:10
C08747,2016-09-02 14:05:17,2016-09-02 14:05:17
C10746,2016-09-02 14:14:04,2016-10-06 22:01:28
C07193,2016-09-02 14:25:40,2016-12-31 01:07:53
C12090,2016-09-02 14:35:36,2016-12-25 17:58:12
C06979,2016-09-02 15:01:09,2016-09-02 15:33:41
C03664,2016-09-02 15:04:06,2016-09-18 13:05:31
C02895,2016-09-02 15:35:52,2016-11-20 05:11:31
C01192,2016-09-02 15:39:25,2016-09-02 15:39:25
C10655,2016-09-02 16:17:18,2016-10-28 12:05:18
C00110,2016-09-02 16:40:40,2016-09-28 19:38:26
C04971,2016-09-02 16:52:53,2016-09-02 16:52:53
C06118,2016-09-02 18:08:31,2016-11-22 00:08:06
C02655,2016-09-02 18:10:14,2016-10-03 13:14:44
C05140,2016-09-02 18:15:03,2016-11-12 23:38:14
C08377,2016-09-02 18:16:13,2016-10-08 22:27:55
C10101,2016-09-02 18:23:50,2016-09-02 18:23:50
C03339,2016-09-02 18:30:52,2016-09-02 18:30:52
C06263,2016-09-02 18:38:05,2016-09-02 18:38:05
C07366,2016-09-02 18:52:25,2016-09-02 19:09:12
C01073,2016-09-02 18:59:14,2016-09-02 18:59:14
C08279,2016-09-02 19:17:47,2016-09-05 15:48:51
C12130,2016-09-02 19:18:43,2016-09-02 19:18:43
C02063,2016-09-02 19:36:52,2016-12-03 14:10:08
C05939,2016-09-02 20:19:16,2016-12-02 22:36:51
C05483,2016-09-02 20:26:36,2016-09-13 22:19:17
C01882,2016-09-02 20:30:24,2016-12-16 22:57:17
C02459,2016-09-02 20:48:09,2016-09-02 20:48:09
C08458,2016-09-02 20:57:50,2016-09-25 14:57:53
C10156,2016-09-02 21:01:09,2016-11-06 00:55:46
C10074,2016-09-02 21:21:21,2016-10-11 18:43:01
C11877,2016-09-02 21:39:51,2016-12-25 14:33:19
C07538,2016-09-02 21:46:37,2016-09-02 21:46:37
C11967,2016-09-02 22:04:23,2016-12-13 17:59:02
C00404,2016-09-02 22:36:56,2016-11-27 14:39:26
C13225,2016-09-02 23:12:27,2016-12-20 15:41:06
C04338,2016-09-02 23:27:15,2016-09-03 00:23:40
C10119,2016-09-02 23:35:37,2016-11-17 21:41:34
C07126,2016-09-02 23:37:10,2016-12-24 19:16:17
C06733,2016-09-03 00:24:57,2016-11-22 13:07:49
C09783,2016-09-03 01:24:37,2016-11-22 03:03:44
C03866,2016-09-03 01:41:50,2016-09-03 01:41:50
C09409,2016-09-03 01:58:11,2016-10-28 16:26:27
C01633,2016-09-03 02:17:25,2016-09-08 14:55:45
C08670,2016-09-03 03:32:50,2016-09-03 03:32:50
C07951,2016-09-03 03:52:58,2016-09-03 03:52:58
C11402,2016-09-03 03:56:20,2016-09-03 08:46:13
C11827,2016-09-03 06:15:39,2016-09-03 06:15:39
C11457,2016-09-03 14:03:01,2016-11-24 00:04:55
C07447,2016-09-03 14:32:51,2016-09-03 14:32:51
C11040,2016-09-03 15:07:03,2016-12-01 20:01:19
C00484,2016-09-03 15:48:16,2016-09-03 15:48:16
C00437,2016-09-03 16:42:17,2016-09-03 16:42:17
C09370,2016-09-03 17:01:31,2016-09-03 18:03:18
C12081,2016-09-03 17:05:14,2016-12-22 03:21:29
C03124,2016-09-03 17:05:54,2016-09-03 17:05:54
C00953,2016-09-03 17:13:53,2016-09-03 17:13:53
C09348,2016-09-03 17:56:08,2016-11-15 15:26:39
C13229,2016-09-03 18:06:16,2016-10-21 13:43:46
C08846,2016-09-03 19:42:49,2016-10-27 14:28:04
C01228,2016-09-03 19:51:30,2016-09-03 19:51:30
C02035,2016-09-03 19:52:13,2016-10-14 03:01:07
C02494,2016-09-03 20:02:42,2016-09-03 20:02:42
C13169,2016-09-03 20:14:24,2016-09-03 20:14:24
C05151,2016-09-03 20:21:11,2016-11-16 23:55:39
C09321,2016-09-03 20:45:00,2016-09-03 20:45:00
C03332,2016-09-03 20:49:21,2016-12-06 01:36:33
C04088,2016-09-03 20:55:39,2016-10-20 00:19:38
C12821,2016-09-03 21:50:35,2016-09-03 21:50:35
C07332,2016-09-03 21:52:02,2016-09-26 18:52:26
C07163,2016-09-03 22:00:34,2016-12-27 23:25:11
C06041,2016-09-03 22:34:47,2016-09-03 22:34:47
C04595,2016-09-03 23:01:37,2016-09-03 23:01:37
C00933,2016-09-03 23:37:38,2016-12-04 01:01:15
C05511,2016-09-03 23:53:30,2016-12-02 22:33:54
C07469,2016-09-04 00:02:16,2016-09-04 00:02:16
C00261,2016-09-04 00:49:42,2016-09-04 00:49:42
C01265,2016-09-04 01:32:49,2016-09-04 01:32:49
C07973,2016-09-04 02:03:51,2016-11-05 18:12:18
C07049,2016-09-04 02:40:41,2016-12-16 17:24:55
C08189,2016-09-04 03:05:04,2016-09-04 03:05:04
C13504,2016-09-04 05:20:58,2016-09-04 05:20:58
C06752,2016-09-04 05:35:19,2016-12-30 22:09:34
C06613,2016-09-04 09:20:11,2016-09-04 09:20:11
C04210,2016-09-04 09:23:06,2016-09-04 09:23:06
C10744,2016-09-04 12:42:14,2016-11-11 00:32:41
C08468,2016-09-04 14:23:22,2016-09-04 14:23:22
C01037,2016-09-04 14:35:41,2016-11-29 04:48:25
C12524,2016-09-04 15:11:06,2016-12-26 22:39:44
C02183,2016-09-04 15:20:16,2016-11-11 14:00:33
C06393,2016-09-04 15:34:10,2016-11-08 17:08:03
C02927,2016-09-04 15:46:39,2016-11-29 16:28:36
C08910,2016-09-04 15:58:04,2016-12-29 21:46:56
C04677,2016-09-04 16:16:35,2016-12-25 12:51:45
C05945,2016-09-04 16:59:27,2016-09-04 16:59:27
C03074,2016-09-04 17:07:29,2016-09-04 17:07:29
C09948,2016-09-04 17:24:13,2016-09-04 17:32:56
C06547,2016-09-04 17:53:06,2016-12-12 19:34:25
C12714,2016-09-04 17:55:23,2016-09-04 17:55:23
C05216,2016-09-04 18:03:15,2016-09-04 18:03:15
C02875,2016-09-04 18:35:42,2016-12-15 01:05:04
C04168,2016-09-04 19:01:40,2016-09-04 19:25:48
C02150,2016-09-04 19:23:21,2016-10-23 02:25:25
C07958,2016-09-04 19:59:56,2016-12-21 00:33:50
C11899,2016-09-04 20:24:43,2016-09-04 20:24:43
C11641,2016-09-04 20:36:37,2016-09-04 20:36:37
C02522,2016-09-04 20:57:49,2016-09-04 20:57:49
C02021,2016-09-04 21:31:29,2016-09-04 21:31:29
C04821,2016-09-04 22:09:22,2016-09-04 22:09:22
C04888,2016-09-04 23:36:19,2016-09-04 23:36:19
C10539,2016-09-04 23:43:59,2016-09-04 23:43:59
C11478,2016-09-05 00:02:38,2016-12-17 23:43:41
C10265,2016-09-05 00:57:45,2016-12-26 20:10:26
C08881,2016-09-05 01:29:36,2016-09-05 01:38:00
C10681,2016-09-05 02:19:28,2016-11-09 23:39:51
C00287,2016-09-05 02:41:25,2016-09-05 02:41:25
C12595,2016-09-05 03:07:58,2016-12-30 08:50:02
C06137,2016-09-05 03:56:06,2016-09-05 03:56:06
C10376,2016-09-05 04:06:18,2016-09-05 04:06:18
C04119,2016-09-05 07:19:55,2016-09-05 07:19:55
C08515,2016-09-05 13:20:27,2016-09-09 14:37:01
C12010,2016-09-05 14:23:52,2016-09-05 14:23:52
C05541,2016-09-05 14:59:45,2016-11-14 02:21:17
C12228,2016-09-05 15:07:49,2016-10-12 17:44:41
C03816,2016-09-05 15:17:31,2016-09-05 15:17:31
C03613,2016-09-05 15:25:33,2016-09-15 03:30:24
C01057,2016-09-05 15:41:56,2016-12-03 01:06:29
C02287,2016-09-05 16:07:47,2016-12-12 18:17:38
C13387,2016-09-05 17:19:11,2016-10-03 01:46:06
C02620,2016-09-05 18:21:59,2016-09-05 18:21:59
C04704,2016-09-05 18:23:55,2016-12-17 22:17:29
C03653,2016-09-05 18:43:52,2016-09-05 18:43:52
C00830,2016-09-05 19:43:48,2016-09-13 23:00:36
C05523,2016-09-05 19:46:09,2016-09-05 19:46:09
C00123,2016-09-05 19:50:27,2016-09-05 19:50:27
C09309,2016-09-05 19:53:26,2016-09-05 19:53:26
C02550,2016-09-05 20:29:35,2016-11-03 00:55:05
C08419,2016-09-05 20:40:23,2016-12-15 04:55:12
C00480,2016-09-05 20:47:48,2016-09-05 20:47:48
C11720,2016-09-05 21:19:12,2016-11-04 14:17:14
C00548,2016-09-05 21:57:31,2016-09-05 21:57:31
C13121,2016-09-05 22:07:39,2016-09-05 22:07:39
C11151,2016-09-05 22:20:17,2016-09-25 14:23:41
C11954,2016-09-05 22:24:26,2016-09-05 22:24:26
C07576,2016-09-05 22:42:34,2016-12-18 01:52:38
C01829,2016-09-05 22:50:47,2016-09-05 22:50:47
C07746,2016-09-05 23:16:52,2016-09-05 23:16:52
C02175,2016-09-05 23:26:34,2016-12-04 18:52:54
C01927,2016-09-05 23:44:48,2016-10-16 21:46:04
C10943,2016-09-05 23:56:37,2016-09-05 23:56:37
C06146,2016-09-06 00:08:04,2016-11-20 18:57:18
C01991,2016-09-06 00:32:08,2016-11-13 22:32:14
C00894,2016-09-06 01:12:15,2016-09-06 01:12:15
C00719,2016-09-06 01:47:23,2016-12-04 17:56:28
C02672,2016-09-06 02:29:48,2016-10-08 03:01:59
C02195,2016-09-06 03:18:46,2016-09-06 03:18:46
C04902,2016-09-06 04:44:55,2016-11-19 21:01:51
C03300,2016-09-06 04:50:35,2016-09-06 04:50:35
C09248,2016-09-06 05:19:25,2016-12-30 00:32:19
C07711,2016-09-06 06:09:42,2016-10-25 22:05:28
C06816,2016-09-06 06:20:15,2016-09-06 06:20:15
C09341,2016-09-06 08:32:58,2016-11-02 15:09:06
C02146,2016-09-06 11:29:21,2016-10-09 09:16:56
C08187,2016-09-06 12:32:54,2016-12-22 00:06:20
C06526,2016-09-06 13:51:04,2016-12-21 21:26:17
C07005,2016-09-06 14:35:09,2016-09-06 14:35:09
C11267,2016-09-06 14:58:34,2016-12-11 00:40:23
C01968,2016-09-06 15:00:51,2016-09-08 07:42:49
C12874,2016-09-06 15:01:52,2016-09-06 15:01:52
C07565,2016-09-06 15:21:10,2016-12-31 18:35:20
C07557,2016-09-06 15:23:43,2016-12-14 19:56:47
C02229,2016-09-06 15:36:42,2016-09-06 15:36:42
C07045,2016-09-06 15:45:53,2016-12-16 12:56:24
C12873,2016-09-06 16:32:51,2016-10-10 21:51:32
C11682,2016-09-06 16:41:42,2016-12-22 23:47:58
C08826,2016-09-06 17:04:04,2016-12-11 13:03:40
C07931,2016-09-06 17:16:44,2016-09-06 17:16:44
C09447,2016-09-06 17:50:49,2016-12-12 23:52:13
C06647,2016-09-06 17:52:12,2016-11-15 19:10:07
C07863,2016-09-06 18:43:27,2016-09-06 18:43:27
C12799,2016-09-06 19:48:08,2016-09-06 19:48:08
C05643,2016-09-06 20:01:11,2016-09-07 18:40:20
C04100,2016-09-06 20:25:35,2016-09-07 15:45:40
C12129,2016-09-06 20:25:56,2016-12-11 22:21:28
C00075,2016-09-06 20:37:07,2016-09-06 20:37:07
C02113,2016-09-06 21:16:46,2016-11-08 16:53:51
C00530,2016-09-06 21:36:37,2016-12-07 23:32:30
C10217,2016-09-06 21:45:32,2016-09-06 21:45:32
C03805,2016-09-06 22:15:26,2016-09-28 21:15:57
C10775,2016-09-06 22:19:35,2016-11-22 16:50:31
C00311,2016-09-06 22:37:05,2016-10-29 23:10:56
C03869,2016-09-06 23:11:44,2016-09-06 23:11:44
C02349,2016-09-06 23:26:04,2016-12-24 21:02:01
C02996,2016-09-06 23:30:46,2016-09-10 00:46:50
C13283,2016-09-07 00:08:02,2016-09-07 00:08:02
C04064,2016-09-07 00:20:58,2016-09-07 00:20:58
C12725,2016-09-07 00:22:33,2016-12-31 18:55:58
C05686,2016-09-07 00:45:14,2016-10-27 12:53:48
C07285,2016-09-07 01:52:21,2016-10-06 18:41:48
C08612,2016-09-07 02:01:23,2016-09-07 02:01:23
C00598,2016-09-07 04:24:37,2016-12-15 15:51:45
C05226,2016-09-07 04:29:32,2016-12-30 10:04:13
C12467,2016-09-07 05:01:53,2016-09-07 05:42:47
C03798,2016-09-07 05:51:24,2016-12-18 22:26:36
C00666,2016-09-07 07:34:04,2016-12-29 18:32:34
C01929,2016-09-07 07:54:43,2016-12-07 22:23:21
C07155,2016-09-07 11:07:31,2016-09-07 11:07:31
C10511,2016-09-07 11:18:12,2016-09-07 11:30:41
C00095,2016-09-07 13:06:40,2016-10-12 12:58:51
C04319,2016-09-07 14:22:19,2016-10-09 03:44:14
C03482,2016-09-07 14:28:05,2016-10-02 03:24:55
C08149,2016-09-07 15:35:38,2016-12-15 21:40:37
C09894,2016-09-07 16:29:32,2016-12-25 01:36:33
C10987,2016-09-07 16:51:48,2016-12-04 19:51:48
C09434,2016-09-07 17:32:04,2016-09-07 17:32:04
C02729,2016-09-07 17:46:54,2016-12-26 19:46:16
C04634,2016-09-07 18:12:39,2016-12-06 15:28:58
C01355,2016-09-07 18:17:09,2016-09-07 18:17:09
C04180,2016-09-07 18:28:17,2016-09-07 18:28:17
C10912,2016-09-07 18:29:23,2016-12-12 00:37:10
C01652,2016-09-07 18:46:29,2016-11-11 16:57:43
C05382,2016-09-07 18:59:43,2016-09-07 18:59:43
C06219,2016-09-07 19:20:00,2016-09-07 19:20:00
C00575,2016-09-07 20:23:58,2016-11-24 22:40:26
C01331,2016-09-07 21:04:57,2016-12-01 19:57:29
C02544,2016-09-07 21:09:54,2016-09-07 21:09:54
C07801,2016-09-07 22:40:56,2016-12-15 22:05:41
C00709,2016-09-07 22:47:33,2016-09-07 22:47:33
C07323,2016-09-07 23:15:59,2016-12-23 22:44:34
C03393,2016-09-07 23:38:05,2016-12-13 20:09:45
C13414,2016-09-07 23:43:48,2016-11-10 20:57:06
C02414,2016-09-07 23:52:23,2016-09-08 16:47:03
C07912,2016-09-08 00:21:08,2016-09-08 00:21:08
C08277,2016-09-08 00:22:26,2016-09-08 00:22:26
C06459,2016-09-08 01:12:05,2016-11-25 02:26:26
C13012,2016-09-08 01:23:13,2016-10-10 18:48:41
C00717,2016-09-08 01:58:38,2016-10-29 22:04:54
C10960,2016-09-08 03:09:32,2016-11-15 23:40:05
C11963,2016-09-08 05:03:19,2016-09-08 05:03:19
C12296,2016-09-08 09:27:47,2016-09-08 09:27:47
C05496,2016-09-08 09:50:30,2016-09-08 14:03:15
C05022,2016-09-08 10:00:51,2016-12-16 01:49:23
C08710,2016-09-08 10:40:24,2016-09-08 15:49:04
C02348,2016-09-08 11:16:47,2016-12-19 10:26:43
C01024,2016-09-08 12:39:06,2016-09-08 12:39:06
C11848,2016-09-08 12:42:13,2016-12-13 18:12:57
C06973,2016-09-08 13:06:49,2016-09-08 13:14:07
C13260,2016-09-08 13:53:24,2016-12-22 22:51:51
C08042,2016-09-08 14:25:49,2016-12-05 00:58:23
C09142,2016-09-08 15:11:19,2016-11-26 21:47:12
C12685,2016-09-08 15:13:59,2016-10-27 14:55:11
C03599,2016-09-08 15:15:23,2016-09-23 23:23:28
C08778,2016-09-08 15:33:02,2016-10-06 15:40:57
C11829,2016-09-08 15:51:27,2016-12-20 17:29:24
C01873,2016-09-08 16:08:34,2016-09-08 16:17:14
C04469,2016-09-08 16:19:41,2016-10-03 16:56:44
C06249,2016-09-08 16:26:37,2016-12-25 17:02:52
C01561,2016-09-08 16:30:26,2016-09-08 16:30:26
C07127,2016-09-08 16:38:03,2016-12-31 04:35:37
C08274,2016-09-08 17:22:51,2016-12-24 14:59:52
C03337,2016-09-08 17:45:05,2016-09-08 17:45:05
C06612,2016-09-08 17:50:14,2016-09-08 17:50:14
C13090,2016-09-08 18:29:34,2016-09-08 18:29:34
C06849,2016-09-08 18:40:50,2016-09-08 18:40:50
C12409,2016-09-08 18:46:48,2016-09-08 18:46:48
C00163,2016-09-08 18:57:41,2016-12-09 16:53:54
C13441,2016-09-08 19:11:31,2016-09-25 23:48:41
C02161,2016-09-08 19:14:33,2016-09-08 19:14:33
C05156,2016-09-08 19:46:03,2016-10-13 01:47:55
C05989,2016-09-08 20:03:17,2016-09-08 21:30:51
C07589,2016-09-08 20:12:10,2016-09-08 20:12:10
C04910,2016-09-08 21:08:19,2016-09-08 21:08:19
C03547,2016-09-08 21:11:40,2016-11-14 19:54:16
C09843,2016-09-08 21:28:10,2016-11-13 12:14:05
C02727,2016-09-08 21:29:24,2016-12-09 02:59:59
C12089,2016-09-08 21:54:12,2016-09-08 21:54:12
C02758,2016-09-08 22:03:08,2016-11-30 14:19:47
C08258,2016-09-08 22:24:12,2016-09-13 21:57:21
C09041,2016-09-08 22:42:21,2016-09-08 22:42:21
C02586,2016-09-08 22:51:33,2016-12-29 00:03:09
C00109,2016-09-08 23:35:50,2016-09-08 23:35:50
C01384,2016-09-09 00:42:12,2016-11-11 02:04:17
C12475,2016-09-09 01:48:57,2016-12-24 20:40:14
C06748,2016-09-09 11:59:48,2016-09-09 11:59:48
C04577,2016-09-09 14:42:31,2016-09-25 15:37:38
C08755,2016-09-09 15:11:35,2016-12-31 23:44:01
C00699,2016-09-09 16:07:09,2016-09-09 16:07:09
C05757,2016-09-09 16:22:45,2016-10-17 20:04:07
C09018,2016-09-09 16:45:52,2016-09-09 16:50:31
C10831,2016-09-09 16:50:33,2016-11-26 16:59:42
C01964,2016-09-09 17:13:15,2016-11-13 14:20:10
C05991,2016-09-09 17:35:27,2016-12-18 21:23:25
C04779,2016-09-09 17:46:06,2016-09-09 17:46:06
C13435,2016-09-09 17:46:25,2016-09-09 17:46:25
C01206,2016-09-09 17:50:46,2016-12-23 17:00:24
C05696,2016-09-09 18:11:10,2016-11-22 20:03:38
C00317,2016-09-09 18:32:00,2016-09-09 18:32:00
C10394,2016-09-09 18:47:49,2016-12-05 18:28:07
C04894,2016-09-09 19:16:16,2016-12-27 19:23:14
C04482,2016-09-09 19:28:25,2016-10-01 14:28:56
C07112,2016-09-09 20:18:27,2016-09-09 20:18:27
C08601,2016-09-09 21:11:17,2016-12-26 13:14:02
C05274,2016-09-09 21:43:15,2016-09-25 21:59:00
C03948,2016-09-09 21:50:05,2016-09-09 21:50:05
C02904,2016-09-09 22:12:13,2016-10-07 17:08:27
C06462,2016-09-09 22:32:26,2016-12-19 18:04:49
C05779,2016-09-09 22:40:19,2016-09-09 22:40:19
C09180,2016-09-09 22:50:57,2016-11-04 15:55:09
C08151,2016-09-09 22:55:29,2016-11-03 21:07:18
C11473,2016-09-09 23:11:19,2016-09-29 21:00:15
C08992,2016-09-09 23:41:23,2016-09-09 23:41:23
C08651,2016-09-10 00:16:23,2016-09-10 00:16:23
C01194,2016-09-10 00:33:09,2016-12-26 13:35:50
C09217,2016-09-10 00:35:12,2016-10-20 21:12:00
C11994,2016-09-10 01:06:01,2016-09-10 01:06:01
C06714,2016-09-10 01:25:49,2016-10-20 21:43:40
C04214,2016-09-10 02:18:20,2016-10-28 06:35:57
C06474,2016-09-10 03:08:36,2016-09-10 03:08:36
C13483,2016-09-10 04:09:10,2016-09-10 04:09:10
C07710,2016-09-10 06:35:42,2016-11-23 20:34:38
C09504,2016-09-10 07:41:15,2016-11-05 19:45:53
C04881,2016-09-10 08:52:23,2016-12-04 22:47:39
C10095,2016-09-10 09:18:31,2016-09-10 19:41:10
C05536,2016-09-10 11:32:49,2016-10-07 19:40:34
C00078,2016-09-10 12:15:06,2016-11-06 21:19:17
C01813,2016-09-10 14:16:07,2016-12-21 23:55:06
C04159,2016-09-10 15:20:57,2016-09-11 19:00:17
C05252,2016-09-10 15:35:39,2016-12-31 02:31:02
C09955,2016-09-10 15:36:55,2016-09-10 15:36:55
C02839,2016-09-10 15:37:37,2016-09-10 19:32:22
C03836,2016-09-10 16:29:08,2016-09-10 16:37:48
C09075,2016-09-10 16:35:01,2016-09-23 17:10:55
C01554,2016-09-10 16:39:59,2016-12-31 21:43:54
C13511,2016-09-10 17:08:57,2016-10-03 15:02:46
C01181,2016-09-10 18:07:12,2016-12-06 02:13:09
C00926,2016-09-10 18:49:24,2016-09-10 18:49:24
C03159,2016-09-10 18:52:51,2016-09-10 19:16:38
C06540,2016-09-10 19:15:43,2016-10-27 00:04:04
C07430,2016-09-10 19:32:54,2016-09-10 19:32:54
C04817,2016-09-10 19:39:40,2016-11-13 03:48:21
C05206,2016-09-10 19:43:49,2016-12-21 16:07:51
C07326,2016-09-10 19:59:14,2016-12-31 01:45:08
C09030,2016-09-10 20:03:48,2016-09-20 20:54:05
C13418,2016-09-10 20:04:27,2016-12-26 17:00:04
C10134,2016-09-10 20:25:18,2016-09-13 00:11:49
C03899,2016-09-10 20:26:05,2016-11-23 22:32:16
C09384,2016-09-10 20:40:32,2016-09-10 20:40:32
C07391,2016-09-10 20:43:40,2016-10-22 21:05:31
C00977,2016-09-10 21:07:49,2016-09-10 21:07:49
C05023,2016-09-10 21:10:00,2016-09-10 21:10:00
C06913,2016-09-10 21:12:04,2016-12-05 12:51:25
C03469,2016-09-10 21:52:05,2016-09-10 21:52:05
C06284,2016-09-10 22:07:22,2016-09-10 22:07:22
C06864,2016-09-10 22:32:14,2016-12-28 15:22:31
C05320,2016-09-10 22:41:03,2016-11-29 17:23:23
C10166,2016-09-10 23:25:31,2016-09-10 23:25:31
C09336,2016-09-10 23:26:34,2016-12-11 17:22:40
C05158,2016-09-10 23:31:09,2016-09-10 23:31:09
C11961,2016-09-10 23:44:20,2016-09-10 23:44:20
C12378,2016-09-11 00:00:39,2016-10-17 15:34:41
C08562,2016-09-11 00:18:14,2016-12-16 14:28:41
C09564,2016-09-11 04:20:34,2016-09-11 06:25:47
C01315,2016-09-11 06:23:12,2016-10-15 13:25:52
C11139,2016-09-11 06:58:25,2016-09-11 06:58:25
C00627,2016-09-11 09:05:23,2016-09-11 09:05:23
C12472,2016-09-11 12:24:00,2016-12-30 14:23:58
C12540,2016-09-11 13:43:33,2016-12-07 22:01:15
C07343,2016-09-11 13:53:58,2016-11-25 11:49:26
C00944,2016-09-11 14:01:14,2016-10-25 01:31:45
C00852,2016-09-11 15:27:54,2016-11-01 00:30:02
C02532,2016-09-11 15:49:46,2016-09-11 16:10:02
C00946,2016-09-11 15:50:58,2016-09-11 15:50:58
C04947,2016-09-11 15:53:20,2016-11-28 12:05:26
C01917,2016-09-11 16:31:24,2016-09-11 16:31:24
C04841,2016-09-11 17:01:31,2016-09-11 17:01:31
C01886,2016-09-11 17:08:26,2016-09-11 17:08:26
C01376,2016-09-11 17:40:47,2016-11-19 22:36:57
C12607,2016-09-11 17:45:48,2016-12-02 09:27:43
C07262,2016-09-11 18:04:56,2016-11-02 19:00:38
C06502,2016-09-11 19:03:24,2016-10-25 18:27:48
C10170,2016-09-11 19:09:22,2016-09-11 19:09:22
C03150,2016-09-11 19:16:37,2016-11-22 16:25:45
C10718,2016-09-11 19:33:27,2016-10-08 18:19:44
C01292,2016-09-11 20:22:05,2016-12-20 21:03:50
C10664,2016-09-11 20:36:33,2016-10-29 12:53:21
C09373,2016-09-11 20:47:10,2016-12-12 20:04:21
C03122,2016-09-11 21:09:13,2016-12-16 02:55:49
C13231,2016-09-11 21:37:01,2016-09-11 21:37:01
C09320,2016-09-11 21:37:12,2016-09-26 18:48:40
C12962,2016-09-11 21:57:38,2016-09-11 21:57:38
C09678,2016-09-11 22:32:04,2016-09-20 17:46:17
C03347,2016-09-11 23:39:35,2016-11-02 17:56:09
C12284,2016-09-12 00:08:25,2016-09-12 00:08:25
C05719,2016-09-12 00:34:34,2016-09-12 00:45:06
C04969,2016-09-12 00:44:45,2016-11-08 22:29:48
C06272,2016-09-12 00:45:11,2016-09-12 00:45:11
C12968,2016-09-12 01:44:06,2016-09-12 01:44:06
C00398,2016-09-12 01:53:07,2016-10-19 16:36:10
C13443,2016-09-12 02:48:21,2016-11-29 11:30:30
C01246,2016-09-12 03:09:11,2016-09-12 03:09:11
C11434,2016-09-12 04:22:14,2016-11-24 14:32:33
C03325,2016-09-12 05:31:09,2016-09-12 05:31:09
C00868,2016-09-12 05:42:11,2016-09-18 01:35:06
C07174,2016-09-12 07:18:49,2016-09-12 07:18:49
C05112,2016-09-12 11:47:31,2016-09-12 11:47:31
C01883,2016-09-12 12:32:43,2016-09-22 21:42:50
C12463,2016-09-12 13:48:45,2016-09-12 13:48:45
C04623,2016-09-12 14:30:13,2016-09-12 14:30:13
C06356,2016-09-12 15:44:31,2016-09-12 15:44:31
C01499,2016-09-12 16:25:53,2016-09-12 16:25:53
C07793,2016-09-12 16:49:18,2016-09-23 16:41:25
C07118,2016-09-12 16:57:19,2016-12-31 12:40:14
C06466,2016-09-12 18:11:39,2016-09-12 18:11:39
C00613,2016-09-12 18:21:57,2016-12-24 15:58:33
C02206,2016-09-12 18:30:32,2016-11-22 15:45:26
C00561,2016-09-12 18:53:08,2016-12-20 11:59:48
C08532,2016-09-12 19:18:25,2016-10-25 17:11:29
C01645,2016-09-12 19:29:13,2016-09-12 19:29:13
C07454,2016-09-12 19:29:15,2016-09-12 19:29:15
C01167,2016-09-12 20:00:02,2016-09-12 20:00:02
C02124,2016-09-12 20:04:41,2016-09-12 20:04:41
C06293,2016-09-12 20:09:16,2016-12-17 19:51:25
C09010,2016-09-12 21:29:22,2016-09-12 21:29:22
C03143,2016-09-12 21:47:23,2016-09-12 21:47:23
C03416,2016-09-12 21:49:02,2016-09-12 21:49:02
C12495,2016-09-12 22:48:24,2016-09-13 19:58:25
C10430,2016-09-12 23:02:02,2016-09-12 23:57:45
C04666,2016-09-12 23:07:58,2016-09-12 23:33:46
C05520,2016-09-12 23:20:11,2016-09-12 23:20:11
C10049,2016-09-12 23:20:28,2016-12-11 18:32:21
C01313,2016-09-12 23:42:15,2016-12-12 21:26:57
C09773,2016-09-12 23:56:55,2016-12-05 01:39:46
C08229,2016-09-13 00:43:42,2016-12-06 02:56:41
C02492,2016-09-13 02:21:44,2016-12-16 21:24:19
C05432,2016-09-13 02:26:30,2016-09-13 02:26:30
C05255,2016-09-13 02:29:14,2016-12-31 16:03:47
C09595,2016-09-13 02:29:52,2016-11-20 02:42:38
C04807,2016-09-13 02:37:45,2016-11-08 14:52:12
C00431,2016-09-13 02:52:38,2016-09-13 02:52:38
C07920,2016-09-13 03:19:40,2016-09-13 03:20:13
C05024,2016-09-13 03:51:54,2016-09-13 04:02:14
C04867,2016-09-13 04:37:21,2016-09-24 20:51:51
C13022,2016-09-13 05:39:39,2016-12-08 22:46:27
C01910,2016-09-13 07:11:48,2016-09-13 17:44:29
C03175,2016-09-13 13:22:58,2016-12-18 15:22:59
C00265,2016-09-13 14:38:33,2016-11-24 16:17:56
C11006,2016-09-13 14:41:08,2016-09-13 14:47:00
C07363,2016-09-13 14:53:05,2016-12-26 21:28:15
C12410,2016-09-13 14:56:17,2016-09-13 14:56:17
C07966,2016-09-13 14:58:47,2016-09-13 14:58:47
C08790,2016-09-13 15:24:46,2016-12-24 20:34:41
C00219,2016-09-13 16:05:11,2016-12-07 19:25:18
C05651,2016-09-13 17:01:36,2016-09-13 17:02:43
C13367,2016-09-13 18:39:22,2016-09-13 18:45:48
C01518,2016-09-13 18:46:48,2016-09-13 18:46:48
C06123,2016-09-13 19:27:57,2016-12-17 21:31:29
C10609,2016-09-13 19:42:59,2016-09-13 19:42:59
C05430,2016-09-13 19:53:46,2016-09-15 01:14:30
C08941,2016-09-13 20:13:47,2016-12-24 18:55:31
C01479,2016-09-13 20:29:17,2016-09-13 20:29:17
C03088,2016-09-13 20:41:24,2016-09-13 20:41:24
C09762,2016-09-13 21:00:22,2016-11-23 18:45:47
C01713,2016-09-13 21:31:29,2016-09-18 03:36:46
C11398,2016-09-13 21:32:28,2016-09-13 21:32:28
C08897,2016-09-13 21:32:41,2016-09-13 21:32:41
C05298,2016-09-13 21:42:56,2016-12-15 15:04:43
C02796,2016-09-13 21:44:52,2016-09-13 21:44:52
C00930,2016-09-13 22:04:00,2016-12-28 16:08:09
C10696,2016-09-13 22:05:27,2016-11-26 23:22:51
C03654,2016-09-13 22:28:56,2016-09-13 22:28:56
C01586,2016-09-13 22:43:37,2016-10-28 23:16:43
C12091,2016-09-13 23:43:21,2016-11-21 23:44:23
C08287,2016-09-14 01:03:24,2016-09-14 01:03:24
C03407,2016-09-14 01:19:33,2016-09-14 01:19:33
C02746,2016-09-14 01:24:55,2016-09-14 01:24:55
C10363,2016-09-14 01:36:03,2016-11-17 14:56:49
C11930,2016-09-14 01:53:06,2016-10-25 01:25:32
C04486,2016-09-14 01:56:17,2016-12-13 07:14:39
C09418,2016-09-14 02:03:37,2016-10-16 21:55:25
C11421,2016-09-14 03:52:50,2016-09-24 13:15:56
C00324,2016-09-14 05:30:14,2016-10-25 21:12:13
C04417,2016-09-14 05:30:46,2016-09-14 05:30:46
C07028,2016-09-14 14:08:31,2016-09-14 14:08:31
C07704,2016-09-14 14:17:41,2016-10-25 21:02:00
C08631,2016-09-14 14:40:30,2016-10-24 21:25:12
C05627,2016-09-14 15:26:27,2016-12-03 18:51:33
C11436,2016-09-14 16:29:33,2016-11-13 17:32:48
C05387,2016-09-14 17:35:04,2016-09-14 17:35:04
C00322,2016-09-14 17:37:05,2016-10-03 20:23:42
C02771,2016-09-14 17:37:35,2016-09-14 17:37:35
C10400,2016-09-14 17:52:19,2016-12-24 17:03:24
C01229,2016-09-14 18:47:27,2016-12-14 15:09:04
C03931,2016-09-14 19:10:53,2016-09-19 18:06:05
C10491,2016-09-14 19:29:09,2016-09-14 19:29:09
C09269,2016-09-14 19:48:51,2016-09-14 19:48:51
C07178,2016-09-14 19:57:16,2016-12-19 22:07:43
C01928,2016-09-14 20:16:14,2016-09-14 20:16:14
C09236,2016-09-14 20:44:03,2016-09-14 20:44:03
C04138,2016-09-14 21:19:31,2016-09-14 21:19:31
C11876,2016-09-14 21:19:42,2016-09-14 21:19:42
C08096,2016-09-14 22:18:21,2016-11-07 20:11:58
C07351,2016-09-14 22:20:01,2016-09-15 04:00:06
C12621,2016-09-14 22:30:02,2016-09-14 22:30:02
C11511,2016-09-14 23:11:47,2016-09-14 23:11:47
C12896,2016-09-14 23:36:25,2016-11-16 19:06:03
C01962,2016-09-15 00:28:31,2016-09-15 00:28:31
C04958,2016-09-15 00:33:48,2016-10-31 18:39:36
C12430,2016-09-15 02:03:32,2016-09-15 02:03:32
C12122,2016-09-15 02:26:40,2016-11-16 18:50:23
C04663,2016-09-15 02:35:33,2016-09-18 00:28:42
C06093,2016-09-15 03:09:30,2016-12-27 16:47:56
C04835,2016-09-15 03:21:07,2016-09-15 03:21:07
C10928,2016-09-15 04:22:30,2016-09-15 04:22:30
C08717,2016-09-15 04:43:35,2016-09-15 04:43:35
C13194,2016-09-15 10:16:09,2016-09-15 10:16:09
C03023,2016-09-15 12:27:21,2016-09-28 16:10:44
C01737,2016-09-15 12:42:57,2016-09-16 20:49:47
C01821,2016-09-15 13:03:52,2016-09-15 13:03:52
C11122,2016-09-15 13:53:54,2016-09-15 18:49:56
C00615,2016-09-15 14:52:47,2016-09-15 14:52:47
C03401,2016-09-15 15:04:58,2016-12-23 22:43:43
C10084,2016-09-15 15:27:30,2016-09-15 15:36:36
C06569,2016-09-15 16:12:22,2016-12-27 20:46:19
C09054,2016-09-15 16:25:01,2016-09-15 18:03:50
C08233,2016-09-15 16:30:01,2016-09-17 04:21:35
C03631,2016-09-15 16:44:45,2016-12-06 22:47:58
C01817,2016-09-15 17:08:26,2016-11-19 16:22:24
C00021,2016-09-15 17:11:28,2016-09-22 22:18:43
C03812,2016-09-15 17:26:05,2016-12-29 21:00:16
C00439,2016-09-15 17:28:42,2016-11-12 16:16:52
C07068,2016-09-15 18:05:39,2016-10-16 16:18:07
C12499,2016-09-15 18:30:50,2016-09-15 18:30:50
C00120,2016-09-15 18:33:54,2016-10-23 00:02:58
C11277,2016-09-15 19:19:03,2016-09-15 19:19:03
C10002,2016-09-15 19:29:58,2016-09-15 19:29:58
C01233,2016-09-15 20:00:46,2016-12-21 01:09:36
C03790,2016-09-15 20:10:16,2016-09-15 20:10:16
C09319,2016-09-15 20:11:26,2016-09-15 20:11:26
C05821,2016-09-15 21:26:46,2016-10-18 21:13:43
C13324,2016-09-15 21:36:38,2016-11-08 03:48:32
C03684,2016-09-15 22:14:12,2016-11-07 17:27:05
C00229,2016-09-15 22:16:07,2016-10-03 01:55:58
C09350,2016-09-15 23:15:43,2016-12-11 19:11:32
C01980,2016-09-15 23:31:37,2016-10-23 18:22:48
C03809,2016-09-15 23:32:11,2016-09-15 23:32:11
C10735,2016-09-15 23:58:13,2016-09-15 23:58:13
C12447,2016-09-16 01:10:52,2016-09-16 01:10:52
C12534,2016-09-16 01:11:59,2016-12-23 00:22:10
C01650,2016-09-16 02:01:50,2016-12-17 22:47:24
C04431,2016-09-16 02:22:29,2016-09-23 16:23:47
C04875,2016-09-16 02:51:19,2016-09-16 02:51:19
C08734,2016-09-16 04:04:38,2016-09-25 01:32:13
C02792,2016-09-16 04:59:25,2016-09-16 04:59:25
C09224,2016-09-16 05:14:14,2016-09-16 05:14:14
C02700,2016-09-16 05:41:13,2016-09-16 05:41:13
C09943,2016-09-16 13:10:19,2016-09-16 13:10:19
C09421,2016-09-16 13:50:48,2016-12-31 18:56:57
C06454,2016-09-16 14:24:12,2016-09-16 14:43:42
C00203,2016-09-16 16:19:46,2016-09-16 16:19:46
C05632,2016-09-16 16:26:55,2016-09-23 16:28:11
C10432,2016-09-16 16:44:46,2016-12-09 20:06:53
C01051,2016-09-16 17:50:42,2016-12-22 18:55:45
C06676,2016-09-16 18:03:17,2016-10-01 15:21:26
C03134,2016-09-16 18:27:41,2016-10-20 01:27:56
C01903,2016-09-16 19:02:58,2016-09-16 22:46:08
C02467,2016-09-16 19:16:47,2016-12-16 19:50:56
C00876,2016-09-16 19:17:46,2016-11-25 18:08:12
C02743,2016-09-16 20:03:12,2016-10-24 00:42:36
C04250,2016-09-16 20:15:25,2016-09-16 20:15:25
C11896,2016-09-16 20:15:50,2016-09-16 20:15:50
C06721,2016-09-16 21:37:48,2016-12-10 21:37:26
C06431,2016-09-16 21:59:37,2016-09-17 06:13:19
C04792,2016-09-16 22:03:18,2016-09-16 22:03:18
C01766,2016-09-16 22:28:10,2016-09-16 22:28:10
C03076,2016-09-16 22:35:06,2016-09-16 22:35:06
C12781,2016-09-16 22:39:23,2016-11-06 00:04:57
C06033,2016-09-16 23:22:31,2016-09-16 23:22:31
C07500,2016-09-16 23:30:24,2016-09-16 23:30:24
C05865,2016-09-16 23:47:26,2016-11-10 18:23:16
C01101,2016-09-17 00:08:05,2016-12-17 17:03:58
C02622,2016-09-17 00:20:02,2016-09-17 00:20:02
C03739,2016-09-17 00:24:22,2016-09-17 00:24:22
C09838,2016-09-17 00:38:07,2016-09-17 00:38:07
C07982,2016-09-17 01:07:06,2016-11-20 03:57:20
C12609,2016-09-17 01:11:09,2016-12-13 00:07:52
C09308,2016-09-17 01:34:08,2016-10-22 22:37:31
C01753,2016-09-17 01:51:58,2016-09-17 01:51:58
C02335,2016-09-17 01:53:14,2016-09-17 01:53:14
C11114,2016-09-17 02:06:03,2016-09-17 02:06:03
C00617,2016-09-17 02:38:15,2016-09-17 02:38:15
C08078,2016-09-17 04:28:28,2016-09-17 04:28:28
C09852,2016-09-17 05:22:02,2016-09-17 05:44:44
C05440,2016-09-17 13:11:54,2016-11-06 17:56:28
C06344,2016-09-17 13:16:35,2016-12-20 16:55:23
C11851,2016-09-17 13:21:24,2016-12-09 20:25:16
C13073,2016-09-17 14:30:30,2016-09-17 14:30:30
C03548,2016-09-17 15:37:35,2016-12-31 13:47:40
C05951,2016-09-17 15:45:04,2016-09-17 15:45:04
C11263,2016-09-17 16:22:45,2016-09-17 16:25:10
C01423,2016-09-17 17:09:59,2016-09-23 15:27:06
C05842,2016-09-17 17:59:13,2016-10-29 17:38:06
C04721,2016-09-17 18:06:38,2016-11-30 21:09:33
C05016,2016-09-17 19:16:38,2016-09-17 19:16:38
C08588,2016-09-17 19:20:35,2016-10-30 03:07:54
C00630,2016-09-17 19:26:09,2016-12-23 18:03:13
C10860,2016-09-17 19:33:15,2016-10-25 22:05:43
C05642,2016-09-17 19:44:38,2016-09-17 20:04:13
C01783,2016-09-17 20:27:02,2016-12-09 11:41:15
C07977,2016-09-17 20:33:54,2016-09-17 20:33:54
C02854,2016-09-17 20:49:04,2016-09-17 20:49:04
C13016,2016-09-17 20:50:07,2016-12-04 02:05:16
C02007,2016-09-17 21:26:38,2016-10-03 15:48:22
C06050,2016-09-17 21:28:19,2016-09-17 21:28:19
C09210,2016-09-17 21:37:49,2016-12-26 14:11:02
C10784,2016-09-17 22:08:25,2016-11-22 19:51:22
C00688,2016-09-17 22:34:07,2016-12-27 13:44:56
C10438,2016-09-17 23:53:26,2016-12-25 19:51:10
C00207,2016-09-18 00:54:04,2016-09-18 00:54:04
C07449,2016-09-18 01:08:45,2016-09-18 01:08:45
C13547,2016-09-18 01:18:17,2016-11-29 20:35:10
C10057,2016-09-18 02:14:03,2016-09-18 02:14:03
C01985,2016-09-18 02:34:15,2016-09-18 02:34:15
C12501,2016-09-18 03:25:33,2016-09-25 19:19:36
C06817,2016-09-18 03:42:28,2016-09-18 03:42:28
C12546,2016-09-18 05:28:03,2016-09-18 06:03:08
C13280,2016-09-18 13:06:30,2016-10-17 12:24:12
C07147,2016-09-18 14:25:13,2016-10-16 23:47:11
C00390,2016-09-18 15:25:43,2016-11-27 16:12:15
C02760,2016-09-18 17:04:48,2016-09-18 17:15:23
C04039,2016-09-18 17:15:51,2016-12-25 20:23:04
C07222,2016-09-18 17:54:16,2016-12-10 22:55:05
C00980,2016-09-18 18:03:06,2016-09-18 18:03:06
C04061,2016-09-18 18:08:34,2016-12-19 16:08:36
C10732,2016-09-18 18:47:23,2016-09-18 19:58:57
C10594,2016-09-18 18:59:15,2016-09-18 18:59:15
C08326,2016-09-18 18:59:38,2016-09-18 18:59:38
C10053,2016-09-18 19:34:36,2016-12-31 17:50:13
C02540,2016-09-18 20:03:00,2016-10-25 14:45:17
C00495,2016-09-18 20:36:57,2016-12-22 20:33:34
C13523,2016-09-18 20:48:06,2016-09-18 20:48:06
C00341,2016-09-18 20:58:36,2016-09-18 20:58:36
C07810,2016-09-18 21:22:30,2016-09-23 21:03:55
C09209,2016-09-18 21:56:01,2016-09-18 21:56:01
C12611,2016-09-18 22:01:01,2016-12-17 12:17:09
C00821,2016-09-18 22:10:25,2016-10-01 02:55:35
C06379,2016-09-18 22:15:36,2016-09-18 22:15:36
C09697,2016-09-18 22:16:12,2016-11-29 19:53:35
C09567,2016-09-18 23:01:36,2016-12-22 21:46:33
C09722,2016-09-19 00:12:31,2016-09-19 00:12:31
C05732,2016-09-19 00:29:48,2016-12-11 14:30:56
C11991,2016-09-19 03:12:32,2016-09-19 03:36:21
C04314,2016-09-19 03:18:54,2016-09-19 03:18:54
C02228,2016-09-19 03:46:38,2016-12-15 16:01:52
C13285,2016-09-19 03:52:04,2016-09-19 03:52:04
C06018,2016-09-19 04:09:03,2016-11-11 14:14:26
C09646,2016-09-19 04:31:46,2016-11-01 05:00:24
C07370,2016-09-19 05:17:02,2016-09-22 22:48:44
C11487,2016-09-19 09:35:12,2016-09-19 09:35:12
C06937,2016-09-19 10:58:35,2016-09-24 22:10:00
C07787,2016-09-19 13:12:52,2016-09-19 13:12:52
C13310,2016-09-19 13:38:06,2016-09-19 13:38:06
C06506,2016-09-19 13:41:50,2016-09-19 13:41:50
C07024,2016-09-19 14:37:29,2016-11-21 23:46:36
C11070,2016-09-19 14:47:49,2016-10-27 23:46:17
C09649,2016-09-19 14:48:38,2016-09-19 15:35:00
C00740,2016-09-19 16:13:10,2016-12-14 15:01:00
C09004,2016-09-19 16:16:33,2016-09-30 20:43:19
C08545,2016-09-19 16:48:09,2016-09-19 16:48:09
C12788,2016-09-19 16:51:25,2016-09-19 16:51:25
C06289,2016-09-19 16:57:27,2016-09-19 16:57:27
C02235,2016-09-19 17:11:16,2016-12-18 19:14:50
C06195,2016-09-19 18:37:42,2016-09-19 18:37:42
C08892,2016-09-19 18:43:04,2016-10-22 14:18:04
C06063,2016-09-19 19:02:09,2016-09-19 19:02:09
C10174,2016-09-19 19:14:45,2016-09-19 19:14:45
C04853,2016-09-19 19:45:31,2016-09-19 19:45:31
C04612,2016-09-19 20:02:13,2016-10-23 02:08:42
C09432,2016-09-19 21:15:30,2016-12-19 16:52:54
C03481,2016-09-19 21:57:59,2016-09-19 21:57:59
C05451,2016-09-19 22:08:59,2016-09-19 22:08:59
C07945,2016-09-19 22:19:19,2016-11-24 23:42:10
C10392,2016-09-19 22:26:10,2016-09-19 22:26:10
C00500,2016-09-19 23:24:59,2016-12-14 18:19:46
C05201,2016-09-19 23:40:16,2016-10-08 20:29:04
C02381,2016-09-19 23:41:08,2016-09-19 23:41:08
C11573,2016-09-19 23:42:37,2016-09-23 21:22:00
C04640,2016-09-19 23:45:57,2016-09-19 23:45:57
C08647,2016-09-19 23:46:06,2016-12-31 21:54:55
C10780,2016-09-20 00:07:43,2016-09-20 00:07:43
C07226,2016-09-20 00:16:39,2016-09-27 21:12:35
C12329,2016-09-20 00:42:10,2016-12-31 11:38:02
C07487,2016-09-20 01:08:30,2016-11-16 22:23:14
C07359,2016-09-20 01:52:30,2016-12-09 14:23:29
C05014,2016-09-20 03:28:33,2016-10-04 15:40:07
C06085,2016-09-20 04:42:29,2016-12-28 10:10:43
C12618,2016-09-20 13:01:07,2016-10-02 19:25:07
C04919,2016-09-20 15:04:58,2016-12-29 03:31:37
C07601,2016-09-20 15:09:27,2016-12-24 17:40:09
C04067,2016-09-20 16:31:45,2016-11-06 22:52:44
C07135,2016-09-20 16:35:42,2016-09-20 16:35:42
C12559,2016-09-20 16:41:36,2016-12-25 01:55:10
C06983,2016-09-20 16:55:30,2016-09-20 16:55:30
C05066,2016-09-20 17:08:07,2016-12-21 21:19:44
C10005,2016-09-20 17:09:06,2016-09-24 17:03:22
C04140,2016-09-20 17:13:55,2016-10-04 01:29:00
C06229,2016-09-20 18:13:35,2016-09-25 00:17:13
C11549,2016-09-20 18:26:55,2016-09-20 18:26:55
C00772,2016-09-20 19:03:02,2016-10-20 00:56:15
C05762,2016-09-20 19:04:44,2016-12-15 23:18:37
C04304,2016-09-20 19:23:48,2016-09-20 19:23:48
C10976,2016-09-20 19:46:24,2016-09-20 19:46:24
C00319,2016-09-20 20:48:52,2016-12-15 03:34:11
C05609,2016-09-20 22:20:28,2016-10-09 00:33:12
C08215,2016-09-20 22:41:44,2016-09-22 21:36:11
C09749,2016-09-20 23:05:47,2016-09-20 23:05:47
C10048,2016-09-21 00:08:27,2016-12-22 12:48:24
C02675,2016-09-21 01:11:22,2016-12-16 05:15:15
C03028,2016-09-21 02:21:38,2016-09-21 02:21:38
C09423,2016-09-21 03:17:49,2016-09-21 03:17:49
C07683,2016-09-21 03:33:29,2016-09-21 03:33:29
C04037,2016-09-21 03:50:47,2016-10-28 20:13:20
C05338,2016-09-21 04:26:03,2016-09-21 04:26:03
C13312,2016-09-21 09:00:40,2016-12-16 23:24:45
C08346,2016-09-21 09:23:52,2016-09-21 09:23:52
C04398,2016-09-21 09:36:55,2016-09-21 09:36:55
C09280,2016-09-21 09:42:23,2016-12-18 02:47:22
C11155,2016-09-21 12:39:40,2016-12-22 21:38:50
C09325,2016-09-21 13:14:27,2016-09-21 13:14:27
C00991,2016-09-21 13:32:54,2016-09-21 13:32:54
C07435,2016-09-21 15:13:28,2016-09-21 15:13:28
C09351,2016-09-21 15:20:26,2016-09-21 15:22:13
C02763,2016-09-21 16:01:09,2016-09-21 16:01:09
C03030,2016-09-21 16:31:10,2016-12-07 15:01:49
C09925,2016-09-21 16:47:08,2016-09-21 16:47:08
C02643,2016-09-21 17:10:33,2016-11-06 01:43:31
C05507,2016-09-21 17:11:16,2016-09-21 17:14:24
C05073,2016-09-21 17:31:19,2016-09-23 16:50:51
C03978,2016-09-21 17:55:29,2016-09-22 05:14:42
C04031,2016-09-21 18:34:13,2016-12-08 17:20:42
C08409,2016-09-21 19:13:44,2016-09-28 23:09:16
C07328,2016-09-21 19:42:21,2016-10-29 21:29:54
C09551,2016-09-21 20:00:26,2016-09-21 20:00:26
C08103,2016-09-21 20:04:38,2016-12-15 19:25:10
C06738,2016-09-21 20:16:43,2016-09-21 20:16:43
C02663,2016-09-21 20:19:03,2016-12-28 23:01:51
C09025,2016-09-21 20:41:34,2016-09-21 21:10:14
C05737,2016-09-21 21:26:15,2016-09-21 21:26:15
C07805,2016-09-21 22:48:52,2016-09-21 22:48:52
C10418,2016-09-21 22:58:35,2016-09-21 23:04:41
C08880,2016-09-21 23:40:53,2016-09-21 23:46:04
C00440,2016-09-21 23:43:07,2016-09-21 23:43:07
C03245,2016-09-22 00:49:48,2016-09-22 00:49:48
C09208,2016-09-22 00:56:45,2016-09-22 00:56:45
C04239,2016-09-22 01:05:41,2016-09-22 01:20:46
C06493,2016-09-22 01:27:46,2016-09-22 01:27:46
C10135,2016-09-22 01:33:37,2016-09-22 01:33:37
C11142,2016-09-22 02:17:46,2016-10-22 17:04:08
C05179,2016-09-22 02:46:26,2016-11-21 02:00:47
C03818,2016-09-22 03:20:54,2016-09-22 03:20:54
C10587,2016-09-22 11:16:05,2016-09-22 11:16:05
C04223,2016-09-22 12:01:26,2016-09-22 12:01:26
C06383,2016-09-22 14:28:02,2016-09-22 14:28:02
C10785,2016-09-22 14:59:45,2016-12-07 16:32:23
C01205,2016-09-22 15:21:30,2016-12-05 14:08:11
C09745,2016-09-22 16:14:25,2016-09-22 16:14:25
C03327,2016-09-22 16:20:44,2016-09-22 16:56:19
C05575,2016-09-22 16:27:52,2016-09-22 16:27:52
C05463,2016-09-22 17:20:20,2016-09-22 17:20:20
C04203,2016-09-22 18:57:59,2016-12-15 01:12:04
C01880,2016-09-22 19:00:40,2016-12-22 17:23:37
C07913,2016-09-22 19:05:45,2016-12-30 19:44:32
C03983,2016-09-22 19:51:30,2016-12-30 18:02:43
C04452,2016-09-22 20:18:16,2016-09-22 20:18:16
C12340,2016-09-22 20:28:58,2016-12-17 18:02:30
C00004,2016-09-22 20:40:50,2016-09-22 20:40:50
C02514,2016-09-22 20:56:19,2016-09-22 20:56:19
C07072,2016-09-22 21:06:48,2016-09-22 21:06:48
C03414,2016-09-22 21:11:52,2016-11-19 00:05:29
C10340,2016-09-22 21:34:36,2016-09-22 21:34:36
C00250,2016-09-22 21:42:51,2016-09-22 21:44:51
C03800,2016-09-22 22:06:16,2016-09-22 22:26:54
C05471,2016-09-22 22:24:22,2016-11-24 01:10:50
C01950,2016-09-22 22:32:12,2016-09-22 22:32:12
C07778,2016-09-22 22:44:05,2016-09-22 22:44:05
C10204,2016-09-22 23:54:27,2016-09-22 23:54:27
C12988,2016-09-23 00:18:13,2016-10-30 21:42:52
C11111,2016-09-23 00:41:48,2016-11-27 14:01:38
C06128,2016-09-23 00:42:17,2016-09-23 00:42:17
C03355,2016-09-23 00:46:13,2016-10-15 21:08:30
C05947,2016-09-23 01:16:28,2016-09-23 01:16:28
C02664,2016-09-23 01:17:39,2016-11-25 20:49:18
C03604,2016-09-23 01:47:49,2016-09-23 01:47:49
C13406,2016-09-23 02:32:03,2016-12-25 17:57:58
C11735,2016-09-23 02:34:31,2016-12-02 15:36:07
C12290,2016-09-23 02:44:06,2016-11-14 10:17:38
C04351,2016-09-23 04:23:16,2016-09-23 04:23:16
C11282,2016-09-23 05:46:07,2016-09-23 05:46:07
C12025,2016-09-23 13:34:22,2016-12-10 19:17:41
C11002,2016-09-23 13:39:28,2016-09-23 13:39:28
C07433,2016-09-23 13:53:56,2016-09-30 13:09:39
C09019,2016-09-23 14:08:54,2016-10-11 14:24:27
C01520,2016-09-23 15:01:00,2016-09-23 15:01:00
C05222,2016-09-23 16:32:56,2016-10-27 20:42:44
C09790,2016-09-23 16:45:09,2016-09-23 16:52:40
C05273,2016-09-23 17:26:50,2016-09-23 17:26:50
C10545,2016-09-23 18:16:09,2016-12-18 22:11:05
C02605,2016-09-23 18:34:46,2016-09-23 18:34:46
C12459,2016-09-23 19:31:55,2016-09-23 19:31:55
C00996,2016-09-23 19:48:20,2016-09-23 19:48:20
C01510,2016-09-23 20:13:13,2016-09-27 00:52:57
C11365,2016-09-23 20:16:17,2016-12-17 15:03:26
C10586,2016-09-23 20:43:32,2016-09-26 16:49:12
C10271,2016-09-23 21:53:02,2016-09-23 21:53:02
C06528,2016-09-23 21:57:04,2016-12-14 11:55:15
C09728,2016-09-23 23:04:26,2016-09-23 23:04:26
C00743,2016-09-23 23:05:02,2016-12-02 15:52:25
C07210,2016-09-23 23:14:13,2016-09-23 23:14:13
C03107,2016-09-23 23:40:47,2016-09-23 23:40:47
C10961,2016-09-23 23:41:30,2016-09-24 00:42:59
C01261,2016-09-24 00:08:01,2016-11-14 10:32:56
C05874,2016-09-24 00:33:46,2016-09-24 00:33:46
C11727,2016-09-24 01:22:16,2016-11-19 22:04:59
C02865,2016-09-24 01:46:24,2016-09-24 01:46:24
C13113,2016-09-24 02:33:27,2016-10-22 00:59:38
C03269,2016-09-24 03:36:29,2016-09-24 03:36:29
C13393,2016-09-24 03:53:16,2016-11-16 02:55:49
C05527,2016-09-24 04:22:21,2016-09-24 04:22:21
C10348,2016-09-24 12:22:23,2016-10-24 10:59:15
C00492,2016-09-24 13:41:31,2016-09-24 13:41:31
C10972,2016-09-24 14:18:27,2016-09-24 14:18:27
C13529,2016-09-24 14:39:21,2016-09-24 14:39:21
C05013,2016-09-24 14:52:36,2016-09-24 14:52:36
C08987,2016-09-24 15:39:33,2016-09-24 15:39:33
C05869,2016-09-24 15:52:30,2016-11-23 01:48:01
C12014,2016-09-24 15:57:19,2016-09-24 15:57:19
C11571,2016-09-24 16:12:16,2016-10-14 22:43:38
C11027,2016-09-24 16:17:56,2016-11-01 19:06:58
C12328,2016-09-24 16:26:50,2016-12-16 14:30:24
C10431,2016-09-24 17:00:32,2016-09-24 17:00:32
C09763,2016-09-24 17:13:06,2016-09-24 17:13:06
C01380,2016-09-24 17:16:02,2016-10-05 18:33:09
C00935,2016-09-24 17:24:34,2016-12-25 02:14:15
C06345,2016-09-24 17:47:48,2016-10-11 23:13:02
C10650,2016-09-24 18:03:28,2016-11-18 20:15:30
C04845,2016-09-24 18:04:19,2016-11-04 18:14:06
C01593,2016-09-24 18:23:54,2016-12-19 11:52:27
C07191,2016-09-24 18:35:23,2016-09-24 18:35:23
C12587,2016-09-24 19:48:30,2016-12-25 04:04:36
C01263,2016-09-24 19:49:42,2016-09-24 20:01:38
C02872,2016-09-24 20:38:29,2016-11-09 14:41:17
C11480,2016-09-24 20:41:51,2016-11-20 18:45:55
C11052,2016-09-24 20:57:10,2016-11-17 18:52:00
C11137,2016-09-24 21:42:48,2016-12-16 19:10:44
C12099,2016-09-24 22:12:42,2016-11-02 04:33:14
C04695,2016-09-24 22:57:03,2016-11-07 23:13:23
C02690,2016-09-24 23:13:38,2016-09-24 23:13:38
C09754,2016-09-24 23:27:48,2016-09-24 23:27:48
C01648,2016-09-24 23:28:01,2016-12-26 22:24:12
C00867,2016-09-24 23:33:18,2016-09-24 23:44:00
C12827,2016-09-24 23:58:54,2016-09-29 04:11:13
C04627,2016-09-25 01:03:50,2016-11-26 15:06:45
C12718,2016-09-25 01:12:51,2016-11-19 20:51:40
C04763,2016-09-25 01:17:51,2016-09-25 01:17:51
C09083,2016-09-25 01:57:58,2016-12-19 19:20:41
C13078,2016-09-25 02:51:25,2016-12-24 22:05:32
C04508,2016-09-25 15:38:28,2016-09-25 15:38:28
C12670,2016-09-25 15:59:35,2016-09-25 15:59:35
C01788,2016-09-25 16:05:10,2016-12-23 03:39:33
C09456,2016-09-25 16:23:46,2016-09-25 16:38:15
C04871,2016-09-25 17:11:51,2016-11-14 22:42:34
C12086,2016-09-25 17:29:51,2016-12-25 18:26:07
C02059,2016-09-25 18:55:45,2016-09-25 18:55:45
C12246,2016-09-25 19:25:20,2016-09-25 19:25:20
C08932,2016-09-25 19:29:09,2016-11-20 23:14:54
C02955,2016-09-25 20:17:41,2016-11-26 20:51:45
C01216,2016-09-25 20:39:12,2016-09-25 20:39:12
C02359,2016-09-25 21:00:34,2016-09-29 17:19:25
C12206,2016-09-25 21:21:40,2016-09-25 21:21:40
C02731,2016-09-25 21:21:43,2016-09-28 01:32:57
C02274,2016-09-25 21:33:32,2016-09-25 21:33:32
C04699,2016-09-25 22:42:12,2016-10-11 20:41:06
C10487,2016-09-25 23:37:24,2016-11-10 00:27:38
C04257,2016-09-26 00:25:55,2016-09-26 00:25:55
C06925,2016-09-26 00:39:02,2016-09-26 00:39:02
C04302,2016-09-26 00:55:57,2016-10-25 21:04:11
C05076,2016-09-26 02:17:52,2016-09-26 02:17:52
C03423,2016-09-26 03:27:05,2016-11-28 19:23:57
C11213,2016-09-26 10:17:24,2016-09-26 22:23:14
C01307,2016-09-26 12:11:35,2016-09-26 12:11:35
C11367,2016-09-26 14:30:58,2016-12-09 13:24:47
C07219,2016-09-26 14:47:10,2016-09-26 14:47:10
C03044,2016-09-26 15:41:33,2016-09-26 15:41:33
C02104,2016-09-26 15:48:25,2016-09-26 15:48:25
C04596,2016-09-26 16:15:05,2016-11-30 13:17:25
C03609,2016-09-26 16:15:35,2016-09-26 17:45:48
C08715,2016-09-26 16:50:39,2016-09-26 16:54:24
C10391,2016-09-26 17:16:39,2016-09-26 17:16:39
C10985,2016-09-26 17:45:54,2016-09-26 17:45:54
C08155,2016-09-26 18:03:46,2016-10-02 13:27:50
C02658,2016-09-26 19:16:12,2016-10-03 15:16:15
C05424,2016-09-26 19:17:27,2016-09-26 19:17:27
C01413,2016-09-26 19:19:16,2016-11-16 21:38:25
C11228,2016-09-26 19:41:43,2016-09-26 19:41:43
C07715,2016-09-26 20:18:38,2016-11-01 23:13:45
C07288,2016-09-26 20:29:37,2016-12-14 00:53:59
C01321,2016-09-26 20:59:49,2016-09-26 20:59:49
C09109,2016-09-26 21:59:04,2016-09-26 21:59:04
C09746,2016-09-26 22:37:24,2016-12-31 15:03:33
C09793,2016-09-26 23:28:19,2016-09-26 23:28:19
C00696,2016-09-26 23:51:38,2016-11-21 23:53:52
C00770,2016-09-27 00:02:27,2016-09-27 00:02:27
C04658,2016-09-27 00:12:18,2016-09-27 00:26:39
C13509,2016-09-27 00:47:21,2016-10-31 00:14:33
C00507,2016-09-27 00:59:10,2016-09-27 00:59:10
C02227,2016-09-27 02:10:59,2016-09-28 00:46:05
C07401,2016-09-27 03:45:37,2016-09-28 01:55:31
C13221,2016-09-27 04:05:06,2016-11-27 15:42:49
C08019,2016-09-27 05:14:50,2016-09-27 05:14:50
C07287,2016-09-27 05:25:47,2016-10-30 04:03:14
C07740,2016-09-27 09:32:28,2016-11-23 04:46:41
C01610,2016-09-27 09:59:44,2016-09-27 09:59:44
C07883,2016-09-27 11:51:14,2016-11-20 22:06:07
C08038,2016-09-27 14:33:40,2016-12-27 20:57:17
C01526,2016-09-27 14:41:33,2016-10-17 18:05:18
C12674,2016-09-27 14:43:01,2016-09-27 14:43:01
C04946,2016-09-27 15:11:33,2016-09-27 15:11:33
C08052,2016-09-27 16:29:35,2016-09-27 16:29:35
C02026,2016-09-27 17:01:11,2016-09-27 17:01:11
C13080,2016-09-27 17:01:47,2016-09-27 17:27:39
C08640,2016-09-27 17:05:25,2016-09-27 19:05:14
C03577,2016-09-27 17:30:50,2016-09-27 17:30:50
C12862,2016-09-27 17:53:58,2016-12-16 20:43:23
C11576,2016-09-27 18:28:11,2016-12-28 16:27:11
C07835,2016-09-27 18:32:52,2016-09-27 18:32:52
C11304,2016-09-27 18:47:58,2016-09-27 18:47:58
C00759,2016-09-27 18:50:31,2016-09-27 20:22:01
C09982,2016-09-27 19:30:54,2016-09-27 19:30:54
C06400,2016-09-27 19:36:16,2016-11-05 19:43:27
C03022,2016-09-27 20:32:26,2016-09-27 20:32:26
C05880,2016-09-27 21:09:20,2016-09-27 21:09:20
C01164,2016-09-27 21:16:34,2016-12-27 21:04:49
C04388,2016-09-27 22:40:19,2016-11-28 17:33:14
C10003,2016-09-27 23:15:55,2016-09-27 23:15:55
C04284,2016-09-27 23:34:05,2016-12-18 13:14:19
C03537,2016-09-28 01:03:33,2016-09-28 01:03:33
C07592,2016-09-28 01:23:23,2016-09-28 05:58:18
C04256,2016-09-28 02:06:51,2016-09-28 02:06:51
C10592,2016-09-28 03:00:43,2016-12-07 14:52:20
C08915,2016-09-28 03:00:57,2016-10-04 22:20:40
C08610,2016-09-28 03:08:03,2016-11-27 20:47:56
C01107,2016-09-28 04:06:06,2016-12-26 01:59:20
C02062,2016-09-28 05:00:00,2016-11-22 04:05:44
C11286,2016-09-28 05:26:02,2016-09-28 05:26:02
C12895,2016-09-28 14:24:57,2016-10-29 20:49:34
C09766,2016-09-28 15:57:55,2016-09-28 15:57:55
C11934,2016-09-28 16:03:51,2016-09-28 16:03:51
C07568,2016-09-28 16:35:52,2016-12-12 14:24:05
C04752,2016-09-28 17:10:35,2016-09-28 17:32:06
C11021,2016-09-28 17:11:08,2016-10-20 21:26:40
C04812,2016-09-28 17:26:29,2016-10-17 17:15:53
C08178,2016-09-28 17:41:14,2016-09-28 17:41:14
C08195,2016-09-28 17:52:28,2016-12-30 09:58:04
C09974,2016-09-28 19:12:43,2016-09-28 19:12:43
C00628,2016-09-28 19:13:47,2016-10-26 08:19:52
C01369,2016-09-28 19:15:14,2016-09-28 19:15:14
C10078,2016-09-28 19:57:22,2016-09-28 19:57:22
C04082,2016-09-28 20:16:09,2016-12-29 21:01:22
C08916,2016-09-28 20:32:35,2016-09-28 20:32:35
C07463,2016-09-28 20:48:31,2016-09-28 20:48:31
C03850,2016-09-28 22:08:42,2016-12-18 19:45:55
C07015,2016-09-28 22:29:27,2016-09-28 22:29:27
C12530,2016-09-28 22:43:21,2016-09-28 22:43:21
C10209,2016-09-28 22:52:59,2016-09-28 22:52:59
C11812,2016-09-28 23:16:28,2016-10-04 20:21:57
C03759,2016-09-28 23:43:00,2016-09-28 23:43:00
C04229,2016-09-28 23:47:49,2016-12-24 15:36:27
C12187,2016-09-29 00:39:24,2016-10-18 15:55:33
C11336,2016-09-29 00:56:05,2016-12-28 19:08:54
C03400,2016-09-29 01:17:30,2016-09-29 01:33:01
C09846,2016-09-29 01:49:45,2016-10-19 01:36:50
C04231,2016-09-29 01:57:29,2016-12-09 20:57:26
C08194,2016-09-29 02:04:03,2016-12-31 19:23:02
C11358,2016-09-29 02:35:01,2016-09-29 02:35:01
C12644,2016-09-29 02:49:31,2016-09-30 04:01:19
C12126,2016-09-29 02:54:02,2016-09-29 03:05:50
C13549,2016-09-29 02:55:29,2016-09-29 02:55:29
C01536,2016-09-29 03:03:37,2016-09-29 03:03:37
C12859,2016-09-29 03:40:40,2016-09-29 03:40:40
C01055,2016-09-29 05:22:25,2016-09-29 05:22:25
C08511,2016-09-29 13:12:10,2016-12-29 22:43:59
C06233,2016-09-29 13:52:15,2016-09-29 13:52:15
C13531,2016-09-29 15:37:07,2016-09-29 15:37:07
C10151,2016-09-29 16:39:40,2016-10-06 15:43:20
C02464,2016-09-29 17:29:24,2016-09-29 17:30:36
C11438,2016-09-29 17:55:59,2016-10-12 17:16:24
C08100,2016-09-29 19:10:39,2016-09-29 19:10:39
C00029,2016-09-29 19:22:21,2016-12-31 17:06:10
C12222,2016-09-29 19:27:11,2016-10-14 13:51:51
C03515,2016-09-29 19:34:09,2016-09-29 19:34:09
C12286,2016-09-29 20:10:53,2016-12-21 15:51:15
C11392,2016-09-29 20:22:08,2016-12-04 21:15:59
C04204,2016-09-29 20:27:42,2016-10-04 16:04:37
C02624,2016-09-29 20:41:37,2016-11-24 17:02:56
C06546,2016-09-29 20:50:03,2016-09-29 20:50:03
C06416,2016-09-29 21:03:51,2016-09-29 21:03:51
C10261,2016-09-29 21:31:20,2016-09-29 21:31:20
C12751,2016-09-29 21:36:37,2016-09-29 21:36:37
C10914,2016-09-29 22:01:20,2016-10-19 23:53:02
C11880,2016-09-29 22:12:51,2016-09-29 22:12:51
C04345,2016-09-29 22:45:05,2016-10-16 19:23:49
C10638,2016-09-29 22:56:47,2016-09-29 22:56:47
C03297,2016-09-29 22:59:44,2016-12-31 18:51:57
C06250,2016-09-29 23:38:16,2016-11-05 19:35:22
C08051,2016-09-30 00:03:00,2016-09-30 00:03:00
C07903,2016-09-30 00:03:17,2016-12-30 00:06:37
C05189,2016-09-30 00:19:09,2016-09-30 00:19:09
C05178,2016-09-30 00:52:14,2016-09-30 00:52:14
C09648,2016-09-30 01:07:53,2016-09-30 01:07:53
C08935,2016-09-30 01:18:20,2016-09-30 01:32:55
C13442,2016-09-30 02:17:22,2016-10-21 23:25:23
C11795,2016-09-30 02:40:57,2016-09-30 02:40:57
C10256,2016-09-30 03:35:48,2016-12-16 22:23:25
C07085,2016-09-30 03:36:50,2016-09-30 03:36:50
C03132,2016-09-30 03:37:09,2016-09-30 03:37:09
C08485,2016-09-30 04:07:04,2016-11-21 14:50:08
C10904,2016-09-30 05:51:30,2016-12-19 01:42:21
C07088,2016-09-30 07:51:12,2016-09-30 15:05:02
C00746,2016-09-30 13:44:26,2016-09-30 13:44:26
C10707,2016-09-30 15:36:07,2016-11-05 18:19:21
C09331,2016-09-30 15:54:26,2016-11-15 18:48:47
C06915,2016-09-30 16:05:44,2016-09-30 16:05:44
C13419,2016-09-30 17:15:07,2016-12-30 01:01:17
C02010,2016-09-30 17:40:43,2016-09-30 17:40:43
C12931,2016-09-30 18:12:04,2016-12-28 01:26:06
C03391,2016-09-30 18:33:59,2016-09-30 18:33:59
C06672,2016-09-30 18:37:42,2016-12-02 01:08:33
C07814,2016-09-30 18:39:00,2016-09-30 18:39:00
C05984,2016-09-30 18:58:04,2016-11-10 18:36:26
C12485,2016-09-30 19:06:45,2016-09-30 19:06:45
C11433,2016-09-30 19:08:04,2016-09-30 19:08:04
C03384,2016-09-30 19:15:26,2016-12-04 15:37:36
C09833,2016-09-30 19:26:56,2016-09-30 19:26:56
C02047,2016-09-30 19:36:19,2016-10-02 20:07:49
C13145,2016-09-30 20:05:12,2016-10-25 00:09:44
C09831,2016-09-30 20:21:46,2016-10-01 10:56:09
C07249,2016-09-30 20:30:07,2016-10-06 23:37:19
C05427,2016-09-30 20:34:15,2016-12-07 23:03:00
C07942,2016-09-30 20:39:41,2016-10-26 02:43:24
C08204,2016-09-30 20:57:58,2016-09-30 20:57:58
C02733,2016-09-30 21:20:52,2016-09-30 21:20:52
C00781,2016-09-30 21:45:43,2016-11-20 05:09:07
C10267,2016-09-30 21:59:00,2016-09-30 22:07:09
C03574,2016-09-30 22:24:49,2016-09-30 22:24:49
C03553,2016-09-30 22:34:49,2016-12-02 14:09:23
C07385,2016-09-30 23:03:01,2016-12-18 15:08:18
C07153,2016-09-30 23:13:56,2016-09-30 23:13:56
C04212,2016-09-30 23:34:27,2016-10-23 17:35:52
C02920,2016-09-30 23:54:49,2016-09-30 23:54:49
C12649,2016-10-01 01:35:12,2016-10-01 01:35:12
C05550,2016-10-01 02:11:49,2016-10-01 02:11:49
C04689,2016-10-01 03:05:45,2016-11-09 21:54:03
C01560,2016-10-01 04:59:18,2016-10-01 04:59:18
C00066,2016-10-01 06:48:43,2016-10-01 06:48:43
C03276,2016-10-01 07:35:23,2016-10-01 14:33:35
C05830,2016-10-01 12:24:32,2016-10-01 12:24:32
C11279,2016-10-01 12:47:33,2016-12-27 22:06:25
C06961,2016-10-01 15:23:38,2016-10-01 15:23:38
C13024,2016-10-01 15:28:53,2016-10-01 15:28:53
C04993,2016-10-01 15:31:55,2016-12-26 16:58:24
C00240,2016-10-01 15:56:02,2016-10-01 15:56:02
C00931,2016-10-01 16:27:48,2016-10-01 16:27:48
C09714,2016-10-01 16:31:43,2016-10-01 16:31:43
C03507,2016-10-01 16:47:21,2016-10-08 21:28:56
C09250,2016-10-01 16:53:23,2016-12-24 22:50:05
C11966,2016-10-01 17:14:48,2016-12-29 16:59:20
C08552,2016-10-01 17:25:10,2016-10-29 15:57:22
C02721,2016-10-01 17:49:56,2016-10-11 00:26:05
C01693,2016-10-01 17:52:42,2016-10-01 19:00:16
C08076,2016-10-01 18:05:00,2016-10-01 18:05:00
C09545,2016-10-01 18:13:50,2016-10-01 18:13:50
C07070,2016-10-01 18:29:53,2016-10-01 18:29:53
C13304,2016-10-01 18:30:18,2016-10-12 15:32:23
C11835,2016-10-01 18:46:54,2016-10-02 00:16:45
C07632,2016-10-01 18:59:17,2016-10-27 17:06:07
C10079,2016-10-01 19:31:08,2016-11-01 00:38:03
C10763,2016-10-01 20:38:44,2016-10-01 21:07:10
C09928,2016-10-01 20:55:37,2016-10-01 20:55:37
C01844,2016-10-01 21:03:49,2016-12-10 15:43:09
C06684,2016-10-01 21:07:45,2016-12-15 18:55:43
C13055,2016-10-01 21:09:37,2016-10-01 21:09:37
C09764,2016-10-01 21:23:58,2016-10-01 21:23:58
C07309,2016-10-01 21:50:31,2016-11-18 01:03:27
C06553,2016-10-01 21:58:49,2016-12-24 17:07:21
C07921,2016-10-01 22:59:42,2016-12-01 15:06:36
C01083,2016-10-01 23:37:51,2016-10-11 16:00:01
C08369,2016-10-01 23:55:24,2016-12-28 11:18:52
C08784,2016-10-01 23:57:18,2016-10-01 23:57:18
C00822,2016-10-02 00:49:08,2016-10-18 22:37:08
C12633,2016-10-02 01:34:13,2016-11-28 03:20:54
C00268,2016-10-02 01:35:50,2016-12-28 00:32:38
C09480,2016-10-02 02:39:01,2016-10-02 17:42:01
C13136,2016-10-02 03:18:03,2016-12-16 15:14:39
C06950,2016-10-02 03:54:45,2016-10-05 03:28:38
C07600,2016-10-02 03:57:10,2016-10-25 18:55:10
C05531,2016-10-02 04:20:16,2016-10-02 15:22:08
C00377,2016-10-02 13:12:54,2016-10-02 13:12:54
C08270,2016-10-02 15:08:17,2016-12-19 23:55:36
C00326,2016-10-02 15:12:01,2016-12-14 15:34:31
C11261,2016-10-02 15:18:14,2016-12-21 14:03:18
C00880,2016-10-02 15:32:36,2016-10-02 15:32:36
C08026,2016-10-02 15:33:15,2016-10-02 15:33:15
C05301,2016-10-02 15:33:44,2016-10-02 15:33:44
C12616,2016-10-02 15:39:11,2016-12-23 17:48:48
C07624,2016-10-02 15:44:06,2016-10-02 15:44:06
C12256,2016-10-02 16:15:29,2016-10-02 16:15:29
C11408,2016-10-02 16:40:07,2016-10-02 16:40:07
C12182,2016-10-02 16:48:30,2016-10-02 16:48:30
C02893,2016-10-02 17:00:30,2016-10-02 17:00:30
C01497,2016-10-02 17:14:41,2016-10-02 17:14:41
C04927,2016-10-02 17:18:04,2016-10-02 17:18:04
C11368,2016-10-02 17:23:04,2016-10-02 17:23:04
C06245,2016-10-02 17:26:16,2016-10-02 17:26:16
C04087,2016-10-02 17:39:28,2016-10-02 17:39:28
C11235,2016-10-02 18:03:41,2016-10-02 18:03:41
C08350,2016-10-02 18:07:00,2016-10-02 18:07:00
C12866,2016-10-02 18:11:08,2016-11-19 22:38:14
C10477,2016-10-02 18:14:28,2016-10-02 18:14:28
C11649,2016-10-02 18:34:39,2016-10-02 18:34:39
C11819,2016-10-02 18:35:11,2016-10-24 14:45:47
C11864,2016-10-02 18:38:47,2016-10-07 03:12:43
C03985,2016-10-02 19:02:15,2016-12-12 21:33:37
C09686,2016-10-02 19:03:48,2016-10-02 19:03:48
C02135,2016-10-02 20:09:48,2016-10-02 20:09:48
C08641,2016-10-02 20:10:02,2016-10-02 20:10:02
C05915,2016-10-02 20:18:30,2016-10-10 01:51:02
C01976,2016-10-02 20:29:04,2016-10-13 21:36:36
C11136,2016-10-02 21:17:37,2016-10-02 21:17:37
C12037,2016-10-02 21:21:05,2016-10-07 16:55:27
C09310,2016-10-02 22:01:43,2016-10-02 22:01:43
C12596,2016-10-02 23:18:33,2016-10-23 21:56:55
C01443,2016-10-02 23:29:10,2016-11-25 21:38:16
C06260,2016-10-02 23:33:32,2016-10-17 13:33:15
C05241,2016-10-02 23:38:25,2016-10-02 23:38:25
C01477,2016-10-02 23:48:30,2016-11-30 02:03:19
C06615,2016-10-03 00:14:44,2016-10-03 00:14:44
C07888,2016-10-03 01:23:07,2016-10-03 02:37:05
C00647,2016-10-03 01:31:34,2016-10-05 15:31:26
C09552,2016-10-03 01:37:33,2016-10-03 01:37:33
C11054,2016-10-03 02:41:03,2016-12-29 11:54:13
C08301,2016-10-03 03:32:08,2016-10-03 03:32:08
C04158,2016-10-03 03:43:30,2016-12-14 19:50:36
C08394,2016-10-03 04:09:27,2016-10-03 04:09:27
C04791,2016-10-03 04:40:04,2016-11-29 03:07:23
C11748,2016-10-03 04:48:27,2016-10-03 04:48:27
C05920,2016-10-03 05:03:26,2016-11-21 03:56:21
C02216,2016-10-03 11:19:28,2016-10-03 17:48:21
C07390,2016-10-03 11:41:56,2016-10-04 21:51:26
C02633,2016-10-03 13:37:46,2016-12-25 21:35:16
C05085,2016-10-03 14:24:06,2016-10-05 20:04:09
C08667,2016-10-03 14:31:08,2016-10-09 01:37:17
C02580,2016-10-03 14:32:06,2016-10-03 14:32:06
C04012,2016-10-03 16:11:15,2016-10-03 16:11:15
C02004,2016-10-03 16:15:29,2016-10-31 14:54:24
C08873,2016-10-03 16:21:51,2016-12-04 14:20:43
C06941,2016-10-03 16:50:25,2016-10-03 16:50:25
C12176,2016-10-03 16:57:44,2016-12-26 16:50:51
C03564,2016-10-03 17:04:35,2016-11-25 21:25:49
C03222,2016-10-03 17:07:41,2016-10-03 17:07:41
C00418,2016-10-03 17:17:21,2016-12-06 21:23:43
C01195,2016-10-03 17:18:02,2016-11-28 14:15:36
C12834,2016-10-03 17:29:27,2016-10-13 19:51:01
C03617,2016-10-03 17:45:35,2016-10-03 17:45:35
C04750,2016-10-03 18:05:00,2016-10-03 18:05:00
C11692,2016-10-03 18:11:10,2016-10-03 18:59:11
C12379,2016-10-03 19:05:38,2016-10-03 19:05:38
C01558,2016-10-03 19:26:53,2016-10-05 13:14:05
C03110,2016-10-03 19:30:42,2016-11-26 03:02:33
C09012,2016-10-03 20:32:31,2016-10-03 20:32:31
C09706,2016-10-03 20:39:57,2016-10-03 20:39:57
C03468,2016-10-03 21:10:23,2016-11-03 18:30:08
C10887,2016-10-03 21:33:12,2016-12-10 13:51:09
C02016,2016-10-03 21:54:55,2016-11-17 18:00:29
C12482,2016-10-03 23:03:55,2016-10-03 23:03:55
C05803,2016-10-03 23:18:11,2016-10-03 23:18:11
C05198,2016-10-03 23:34:54,2016-10-03 23:34:54
C08033,2016-10-03 23:56:46,2016-10-04 00:26:57
C00916,2016-10-04 00:12:35,2016-10-04 00:12:35
C00328,2016-10-04 00:24:40,2016-11-07 17:42:32
C05898,2016-10-04 02:20:10,2016-10-04 02:20:10
C02268,2016-10-04 02:54:16,2016-10-04 02:54:16
C06419,2016-10-04 03:20:03,2016-10-04 08:57:29
C02495,2016-10-04 03:49:19,2016-10-17 23:02:44
C03627,2016-10-04 03:59:14,2016-12-25 15:30:46
C08227,2016-10-04 06:51:45,2016-10-04 06:51:45
C11200,2016-10-04 12:24:32,2016-11-26 18:24:44
C10200,2016-10-04 13:35:47,2016-10-04 13:35:47
C11133,2016-10-04 13:54:28,2016-10-04 13:54:28
C10689,2016-10-04 13:56:06,2016-12-17 17:57:46
C08603,2016-10-04 15:09:58,2016-10-07 16:43:35
C00365,2016-10-04 15:20:30,2016-10-15 12:47:54
C00497,2016-10-04 15:58:04,2016-10-04 15:58:04
C05310,2016-10-04 15:59:02,2016-10-04 15:59:02
C07540,2016-10-04 16:41:54,2016-10-05 02:51:58
C05926,2016-10-04 16:58:29,2016-12-20 20:08:44
C00366,2016-10-04 17:46:01,2016-10-04 17:46:01
C12423,2016-10-04 17:51:05,2016-11-01 14:47:59
C04053,2016-10-04 18:12:19,2016-10-04 18:12:19
C01483,2016-10-04 18:43:20,2016-10-11 11:24:57
C11066,2016-10-04 18:50:48,2016-10-04 18:50:48
C04008,2016-10-04 18:57:01,2016-11-18 18:13:53
C02984,2016-10-04 19:02:28,2016-10-04 19:02:28
C10105,2016-10-04 19:03:42,2016-10-10 20:03:08
C05104,2016-10-04 19:11:40,2016-10-04 19:36:21
C10104,2016-10-04 19:12:17,2016-12-15 16:12:31
C06505,2016-10-04 19:32:13,2016-10-04 19:50:25
C00775,2016-10-04 19:46:06,2016-12-01 18:31:27
C13545,2016-10-04 19:54:06,2016-10-04 19:54:06
C01345,2016-10-04 20:01:59,2016-10-04 20:01:59
C04813,2016-10-04 20:26:03,2016-10-04 20:26:03
C09555,2016-10-04 21:47:45,2016-12-16 19:59:18
C10277,2016-10-04 21:58:51,2016-10-04 21:58:51
C04495,2016-10-04 23:05:01,2016-10-04 23:14:23
C00340,2016-10-04 23:14:04,2016-12-31 13:26:05
C07815,2016-10-04 23:32:09,2016-10-04 23:32:09
C03690,2016-10-04 23:55:23,2016-12-29 14:38:36
C04110,2016-10-05 00:11:22,2016-10-05 00:11:22
C07415,2016-10-05 01:15:23,2016-11-20 00:32:36
C06825,2016-10-05 01:26:18,2016-10-05 01:26:18
C12917,2016-10-05 01:31:36,2016-12-31 18:58:36
C11605,2016-10-05 01:47:50,2016-10-05 01:47:50
C01839,2016-10-05 01:53:32,2016-10-05 01:53:32
C01913,2016-10-05 01:57:12,2016-10-18 03:54:07
C07034,2016-10-05 02:13:07,2016-10-23 15:04:32
C06226,2016-10-05 02:17:53,2016-10-28 21:46:39
C11338,2016-10-05 02:36:56,2016-12-24 12:33:18
C07785,2016-10-05 04:27:24,2016-10-05 04:40:59
C03031,2016-10-05 04:30:20,2016-10-05 04:30:20
C03907,2016-10-05 05:58:42,2016-10-05 05:58:42
C02081,2016-10-05 13:47:13,2016-10-05 13:47:13
C13107,2016-10-05 13:56:40,2016-10-05 17:35:56
C11115,2016-10-05 14:37:58,2016-10-05 14:37:58
C08255,2016-10-05 14:52:18,2016-12-13 20:05:55
C12650,2016-10-05 15:11:47,2016-10-05 15:11:47
C07943,2016-10-05 16:00:07,2016-10-05 16:00:07
C12294,2016-10-05 16:51:14,2016-10-05 16:51:14
C12134,2016-10-05 17:29:12,2016-12-30 15:38:01
C01511,2016-10-05 17:53:04,2016-12-30 14:21:01
C04892,2016-10-05 18:09:09,2016-12-08 21:49:04
C01054,2016-10-05 18:09:22,2016-10-05 18:09:22
C04459,2016-10-05 18:32:40,2016-10-05 18:32:40
C01505,2016-10-05 18:56:51,2016-10-05 18:56:51
C11783,2016-10-05 19:16:39,2016-12-11 22:22:17
C08003,2016-10-05 19:21:34,2016-10-05 19:21:34
C08879,2016-10-05 19:45:53,2016-10-05 19:45:53
C07289,2016-10-05 19:50:48,2016-10-05 19:50:48
C09740,2016-10-05 20:28:34,2016-10-05 21:32:07
C06985,2016-10-05 20:36:28,2016-10-05 20:36:28
C01433,2016-10-05 20:53:17,2016-12-27 18:36:10
C06448,2016-10-05 21:10:58,2016-10-21 23:14:02
C09214,2016-10-05 21:32:33,2016-10-05 21:32:33
C13164,2016-10-05 21:50:01,2016-12-16 16:01:05
C01955,2016-10-05 22:11:01,2016-10-05 22:11:01
C01811,2016-10-05 22:12:10,2016-10-05 22:12:10
C04331,2016-10-05 22:15:52,2016-10-05 22:15:52
C02186,2016-10-05 22:28:21,2016-10-07 17:57:32
C01541,2016-10-05 22:38:15,2016-10-15 18:43:55
C12560,2016-10-05 23:17:04,2016-10-05 23:17:04
C08444,2016-10-05 23:28:17,2016-10-05 23:28:17
C09858,2016-10-06 00:12:09,2016-10-06 00:22:40
C02257,2016-10-06 00:39:02,2016-10-06 00:39:02
C04939,2016-10-06 00:59:45,2016-10-06 00:59:45
C01778,2016-10-06 01:05:23,2016-10-06 01:05:23
C00333,2016-10-06 01:07:45,2016-10-06 01:07:45
C01532,2016-10-06 01:11:10,2016-12-21 01:12:59
C06806,2016-10-06 01:17:28,2016-10-06 01:17:28
C09492,2016-10-06 01:35:53,2016-12-30 18:12:10
C00242,2016-10-06 02:27:28,2016-10-06 02:27:28
C00678,2016-10-06 02:31:28,2016-10-15 07:38:45
C13158,2016-10-06 02:44:18,2016-11-05 19:38:28
C05042,2016-10-06 03:38:12,2016-10-06 03:38:12
C04630,2016-10-06 03:54:35,2016-12-10 12:38:25
C01445,2016-10-06 03:57:20,2016-12-23 15:47:31
C00899,2016-10-06 04:06:44,2016-11-28 18:38:01
C10129,2016-10-06 04:59:28,2016-10-06 04:59:28
C06003,2016-10-06 05:11:09,2016-12-29 18:42:24
C05280,2016-10-06 06:12:10,2016-11-17 08:00:25
C03113,2016-10-06 13:33:49,2016-12-07 00:04:17
C10353,2016-10-06 14:08:44,2016-10-07 01:23:56
C04539,2016-10-06 15:13:30,2016-10-06 15:13:30
C00603,2016-10-06 15:16:41,2016-10-06 15:16:41
C08278,2016-10-06 15:28:59,2016-10-06 15:28:59
C02951,2016-10-06 16:03:29,2016-10-06 16:03:29
C02258,2016-10-06 16:37:36,2016-10-06 16:37:36
C07788,2016-10-06 17:13:39,2016-11-17 17:45:04
C04869,2016-10-06 18:19:48,2016-12-14 16:56:04
C01956,2016-10-06 18:35:09,2016-12-04 12:50:46
C12808,2016-10-06 18:52:49,2016-10-13 02:38:40
C10211,2016-10-06 18:57:24,2016-10-06 18:57:24
C12004,2016-10-06 19:52:21,2016-10-06 19:52:21
C08581,2016-10-06 19:52:43,2016-10-06 19:52:43
C09300,2016-10-06 20:16:08,2016-11-04 16:16:17
C03884,2016-10-06 20:58:58,2016-10-25 20:32:39
C05873,2016-10-06 21:20:16,2016-10-08 14:11:10
C00402,2016-10-06 21:28:29,2016-11-28 14:08:12
C02224,2016-10-06 21:44:38,2016-12-23 13:23:51
C08472,2016-10-06 21:50:18,2016-10-06 21:50:18
C01583,2016-10-06 22:14:30,2016-10-06 22:14:30
C11051,2016-10-06 22:19:18,2016-10-06 22:19:18
C11023,2016-10-06 23:05:17,2016-12-29 00:48:05
C12087,2016-10-06 23:24:54,2016-10-06 23:24:54
C07144,2016-10-06 23:33:13,2016-10-06 23:33:13
C11832,2016-10-06 23:43:15,2016-10-06 23:43:15
C09254,2016-10-06 23:57:23,2016-11-16 19:26:12
C07183,2016-10-07 00:21:23,2016-10-07 00:21:23
C10864,2016-10-07 00:43:15,2016-10-07 00:43:15
C12582,2016-10-07 01:00:05,2016-11-17 20:12:02
C02080,2016-10-07 01:07:41,2016-10-07 01:07:41
C00881,2016-10-07 01:19:35,2016-10-07 01:25:11
C02370,2016-10-07 01:20:48,2016-12-31 20:20:37
C12713,2016-10-07 01:38:28,2016-10-07 01:38:28
C07111,2016-10-07 02:23:45,2016-10-07 02:23:45
C10069,2016-10-07 03:51:32,2016-10-07 03:51:32
C09388,2016-10-07 04:53:44,2016-12-31 12:15:49
C05792,2016-10-07 04:55:51,2016-11-02 01:26:43
C08788,2016-10-07 13:56:06,2016-10-07 13:56:06
C03710,2016-10-07 14:16:02,2016-10-07 14:16:02
C04287,2016-10-07 14:22:57,2016-10-07 14:22:57
C04913,2016-10-07 15:23:56,2016-10-13 17:39:07
C04463,2016-10-07 17:55:27,2016-12-09 17:12:54
C07475,2016-10-07 18:01:04,2016-11-27 20:56:38
C13533,2016-10-07 18:25:44,2016-10-07 18:25:44
C04099,2016-10-07 18:32:24,2016-11-09 01:31:34
C09428,2016-10-07 18:46:24,2016-10-07 18:46:24
C03180,2016-10-07 19:43:41,2016-12-13 16:40:20
C06999,2016-10-07 19:44:21,2016-12-08 01:31:18
C09896,2016-10-07 19:51:34,2016-12-09 17:00:28
C04023,2016-10-07 20:20:12,2016-10-07 20:20:12
C02524,2016-10-07 20:21:32,2016-10-08 14:29:54
C08062,2016-10-07 20:41:28,2016-11-25 13:46:37
C10710,2016-10-07 20:56:32,2016-11-29 23:04:09
C10978,2016-10-07 21:00:11,2016-11-28 23:41:06
C10096,2016-10-07 21:11:50,2016-10-07 22:05:01
C13396,2016-10-07 22:41:14,2016-10-09 21:16:49
C08970,2016-10-07 22:56:50,2016-11-17 20:43:09
C00526,2016-10-07 23:21:43,2016-10-07 23:21:43
C01202,2016-10-08 00:05:01,2016-10-08 00:05:01
C03041,2016-10-08 00:11:01,2016-10-08 00:29:24
C09932,2016-10-08 00:27:13,2016-10-08 00:27:13
C13496,2016-10-08 00:33:35,2016-10-08 00:33:35
C05400,2016-10-08 00:47:35,2016-10-08 00:47:35
C01329,2016-10-08 02:05:43,2016-10-20 04:56:16
C02271,2016-10-08 03:03:46,2016-10-08 03:03:46
C05389,2016-10-08 06:39:59,2016-10-08 06:39:59
C02941,2016-10-08 08:15:51,2016-10-08 08:29:57
C01114,2016-10-08 11:58:17,2016-10-08 11:58:17
C07301,2016-10-08 13:07:52,2016-10-08 13:07:52
C08004,2016-10-08 13:39:09,2016-12-28 16:44:38
C08396,2016-10-08 16:23:20,2016-11-01 22:39:08
C05829,2016-10-08 17:51:41,2016-10-08 17:51:41
C04475,2016-10-08 18:25:17,2016-12-27 21:30:49
C07036,2016-10-08 18:25:29,2016-10-12 16:48:14
C09412,2016-10-08 18:39:58,2016-10-08 18:39:58
C02109,2016-10-08 19:01:00,2016-10-08 19:01:00
C03399,2016-10-08 19:02:34,2016-10-08 19:02:34
C09183,2016-10-08 19:14:26,2016-10-08 19:14:26
C06997,2016-10-08 19:18:17,2016-12-15 00:37:26
C08388,2016-10-08 19:32:47,2016-11-30 20:54:17
C07047,2016-10-08 20:34:14,2016-12-29 19:49:34
C06447,2016-10-08 20:35:39,2016-10-08 20:35:39
C08066,2016-10-08 21:25:42,2016-10-08 21:41:55
C07099,2016-10-08 21:42:58,2016-11-18 01:18:19
C09526,2016-10-08 21:50:25,2016-10-08 21:50:25
C09462,2016-10-08 22:34:21,2016-10-08 22:36:35
C12133,2016-10-08 22:34:48,2016-10-08 22:34:48
C04987,2016-10-08 23:12:22,2016-10-08 23:12:22
C13224,2016-10-08 23:19:55,2016-10-08 23:19:55
C11887,2016-10-08 23:20:20,2016-12-26 00:12:19
C00705,2016-10-09 01:03:18,2016-10-11 01:47:41
C06830,2016-10-09 01:29:27,2016-10-09 01:29:27
C06880,2016-10-09 04:14:58,2016-10-09 23:35:52
C05329,2016-10-09 04:31:29,2016-10-09 04:31:29
C08621,2016-10-09 05:57:50,2016-12-31 21:07:14
C00283,2016-10-09 12:05:22,2016-10-09 13:06:41
C00900,2016-10-09 12:44:43,2016-10-09 12:44:43
C06757,2016-10-09 15:53:29,2016-12-03 22:21:48
C13197,2016-10-09 15:56:38,2016-11-15 21:25:32
C13490,2016-10-09 16:27:31,2016-12-31 00:50:05
C11373,2016-10-09 16:42:25,2016-10-09 16:42:25
C09117,2016-10-09 17:10:12,2016-12-25 15:46:33
C02557,2016-10-09 17:23:12,2016-12-06 22:33:14
C05862,2016-10-09 17:33:03,2016-12-25 22:43:38
C05674,2016-10-09 17:43:31,2016-12-23 01:44:18
C08036,2016-10-09 18:25:29,2016-10-09 18:40:04
C01432,2016-10-09 18:31:56,2016-10-09 18:31:56
C11911,2016-10-09 18:38:02,2016-10-09 18:38:02
C03692,2016-10-09 19:55:31,2016-12-30 23:52:23
C08777,2016-10-09 20:05:24,2016-10-09 20:05:24
C12974,2016-10-09 20:13:55,2016-11-26 20:30:49
C00499,2016-10-09 20:22:04,2016-10-09 20:22:04
C01243,2016-10-09 20:22:38,2016-10-09 20:22:38
C03309,2016-10-09 20:40:07,2016-10-09 20:40:07
C09216,2016-10-09 21:16:23,2016-10-09 21:16:23
C12082,2016-10-09 21:36:42,2016-10-09 21:56:53
C10589,2016-10-09 21:38:49,2016-10-12 00:29:29
C12956,2016-10-09 21:44:09,2016-10-09 22:32:12
C00910,2016-10-09 22:23:24,2016-10-09 22:23:24
C06589,2016-10-09 22:37:55,2016-10-09 22:37:55
C08506,2016-10-09 22:39:06,2016-10-09 22:39:06
C04654,2016-10-09 22:57:33,2016-12-12 15:20:18
C12978,2016-10-09 22:58:37,2016-10-09 22:58:37
C08470,2016-10-09 23:34:02,2016-10-09 23:34:02
C07659,2016-10-10 00:45:20,2016-10-10 00:45:20
C00751,2016-10-10 01:00:35,2016-12-21 18:19:07
C05564,2016-10-10 01:26:18,2016-12-31 17:06:17
C09277,2016-10-10 02:25:57,2016-10-10 02:25:57
C09864,2016-10-10 02:54:42,2016-11-23 21:04:22
C01516,2016-10-10 02:54:53,2016-12-27 17:15:48
C04911,2016-10-10 05:23:22,2016-10-10 05:23:22
C03544,2016-10-10 05:46:07,2016-12-21 20:54:13
C09279,2016-10-10 05:57:32,2016-10-10 05:57:32
C02441,2016-10-10 11:34:37,2016-10-10 11:34:37
C09847,2016-10-10 12:49:50,2016-11-01 13:12:06
C07643,2016-10-10 14:24:20,2016-10-10 14:24:20
C01496,2016-10-10 15:28:29,2016-10-17 03:29:30
C11295,2016-10-10 15:37:43,2016-10-10 15:37:43
C10844,2016-10-10 15:56:55,2016-12-21 01:17:33
C04298,2016-10-10 15:58:50,2016-10-10 15:58:50
C00170,2016-10-10 16:09:21,2016-12-29 15:18:18
C13075,2016-10-10 16:47:45,2016-11-23 15:49:34
C06236,2016-10-10 17:01:20,2016-12-11 19:30:28
C02498,2016-10-10 17:17:08,2016-10-10 17:17:08
C06196,2016-10-10 17:48:30,2016-11-06 19:41:59
C04485,2016-10-10 17:49:48,2016-10-21 22:12:39
C02390,2016-10-10 18:27:21,2016-10-10 18:27:21
C05538,2016-10-10 18:44:24,2016-12-08 12:15:22
C05465,2016-10-10 19:20:23,2016-11-21 00:00:55
C07195,2016-10-10 19:41:09,2016-10-10 19:41:09
C02332,2016-10-10 20:30:08,2016-12-22 23:14:35
C01847,2016-10-10 21:36:41,2016-12-27 19:34:03
C00023,2016-10-10 21:42:53,2016-12-26 17:05:28
C07649,2016-10-10 21:44:50,2016-12-22 21:37:30
C09138,2016-10-10 21:54:54,2016-10-10 21:54:54
C09958,2016-10-10 22:05:52,2016-10-10 22:05:52
C04372,2016-10-10 22:25:43,2016-12-26 23:46:59
C12623,2016-10-10 22:35:32,2016-10-10 22:35:32
C12741,2016-10-10 23:00:28,2016-12-12 01:11:59
C01527,2016-10-10 23:04:37,2016-10-10 23:04:37
C11038,2016-10-11 01:21:28,2016-10-11 01:21:28
C12065,2016-10-11 01:41:00,2016-10-11 01:41:00
C12541,2016-10-11 01:54:33,2016-10-11 01:54:33
C11993,2016-10-11 01:56:37,2016-12-17 12:32:50
C01745,2016-10-11 03:11:30,2016-10-11 03:11:30
C08085,2016-10-11 04:28:26,2016-10-31 19:54:21
C00444,2016-10-11 05:29:48,2016-12-18 17:06:02
C02706,2016-10-11 12:25:33,2016-10-11 12:25:33
C08677,2016-10-11 13:50:56,2016-10-11 13:52:31
C00707,2016-10-11 15:17:53,2016-10-11 15:17:53
C03162,2016-10-11 16:42:34,2016-12-30 00:10:10
C04700,2016-10-11 16:51:30,2016-12-30 13:11:18
C12229,2016-10-11 17:22:50,2016-10-11 19:45:42
C01475,2016-10-11 18:32:30,2016-10-11 18:32:30
C11814,2016-10-11 18:34:20,2016-10-11 18:34:20
C05502,2016-10-11 18:36:21,2016-10-11 18:36:21
C00487,2016-10-11 18:57:43,2016-10-11 19:04:05
C11451,2016-10-11 19:00:57,2016-12-29 19:31:48
C01679,2016-10-11 19:02:57,2016-10-11 19:02:57
C10186,2016-10-11 19:12:37,2016-10-11 19:12:37
C12446,2016-10-11 19:19:22,2016-10-11 19:19:22
C12724,2016-10-11 20:00:38,2016-11-16 22:02:30
C03834,2016-10-11 20:08:55,2016-12-03 14:47:48
C01729,2016-10-11 20:22:50,2016-10-11 20:22:50
C11535,2016-10-11 20:46:00,2016-10-11 20:46:00
C11072,2016-10-11 21:14:09,2016-10-11 21:14:09
C06541,2016-10-11 21:14:48,2016-10-11 21:14:48
C10076,2016-10-11 21:47:22,2016-10-11 21:47:22
C03480,2016-10-11 22:40:30,2016-10-11 22:40:30
C04491,2016-10-11 22:52:38,2016-11-16 21:41:10
C01722,2016-10-11 23:15:31,2016-11-01 05:24:44
C09034,2016-10-11 23:19:49,2016-10-11 23:19:49
C09282,2016-10-11 23:44:29,2016-10-11 23:44:29
C04723,2016-10-12 00:06:54,2016-10-13 22:02:41
C01930,2016-10-12 00:33:24,2016-11-17 00:53:00
C12924,2016-10-12 00:41:04,2016-10-22 21:44:58
C04772,2016-10-12 00:56:42,2016-10-12 23:23:12
C10499,2016-10-12 01:19:16,2016-10-12 01:19:16
C09920,2016-10-12 01:37:26,2016-10-12 01:37:26
C07707,2016-10-12 02:36:49,2016-10-12 02:36:49
C04341,2016-10-12 04:53:45,2016-10-12 04:53:45
C09889,2016-10-12 09:53:41,2016-10-12 09:53:41
C05562,2016-10-12 13:54:06,2016-10-12 13:59:31
C08959,2016-10-12 14:09:29,2016-10-12 14:09:29
C12215,2016-10-12 14:24:52,2016-12-30 23:07:19
C06488,2016-10-12 15:05:51,2016-10-13 11:59:41
C05167,2016-10-12 16:01:33,2016-10-12 18:28:49
C04786,2016-10-12 16:23:43,2016-11-27 17:58:29
C06153,2016-10-12 16:29:31,2016-12-17 15:02:35
C02964,2016-10-12 16:36:08,2016-12-21 14:45:42
C12613,2016-10-12 18:21:26,2016-10-12 18:21:26
C03860,2016-10-12 18:23:38,2016-10-12 18:23:38
C07251,2016-10-12 20:12:45,2016-12-16 11:17:12
C07259,2016-10-12 20:18:32,2016-10-12 20:18:32
C11974,2016-10-12 21:27:15,2016-10-12 21:27:15
C10702,2016-10-12 22:17:59,2016-10-14 14:40:59
C01535,2016-10-12 22:32:49,2016-10-12 22:32:49
C03265,2016-10-13 00:37:57,2016-10-13 00:37:57
C08516,2016-10-13 00:46:50,2016-10-24 19:31:08
C03568,2016-10-13 00:52:35,2016-10-13 00:52:35
C01567,2016-10-13 01:26:38,2016-10-13 01:26:38
C08816,2016-10-13 02:48:17,2016-12-24 12:50:29
C00537,2016-10-13 04:58:06,2016-10-30 18:13:38
C13385,2016-10-13 05:25:51,2016-12-18 17:08:57
C12360,2016-10-13 12:54:45,2016-10-13 12:54:45
C06822,2016-10-13 13:49:13,2016-12-25 23:29:58
C09959,2016-10-13 15:08:49,2016-11-11 02:45:14
C13159,2016-10-13 15:17:46,2016-12-10 22:24:26
C10533,2016-10-13 16:07:00,2016-11-23 02:53:02
C12631,2016-10-13 16:25:53,2016-10-13 16:25:53
C04374,2016-10-13 16:33:17,2016-10-13 16:33:17
C12049,2016-10-13 16:54:40,2016-10-13 16:54:40
C06713,2016-10-13 17:23:38,2016-12-13 06:32:12
C11090,2016-10-13 18:00:04,2016-10-13 18:00:04
C04690,2016-10-13 19:30:41,2016-10-13 19:30:41
C12361,2016-10-13 20:14:47,2016-10-13 20:14:47
C07922,2016-10-13 21:19:42,2016-10-13 21:19:42
C05929,2016-10-13 22:00:50,2016-10-13 22:00:50
C05878,2016-10-13 23:24:43,2016-10-13 23:24:43
C12085,2016-10-14 00:17:03,2016-11-30 17:13:53
C11785,2016-10-14 00:58:55,2016-10-27 15:38:46
C06839,2016-10-14 02:20:08,2016-12-22 20:58:44
C09364,2016-10-14 06:58:38,2016-10-14 06:58:38
C12893,2016-10-14 07:35:33,2016-10-14 07:35:33
C04116,2016-10-14 11:16:44,2016-10-14 11:16:44
C02384,2016-10-14 12:55:44,2016-10-14 12:55:44
C00413,2016-10-14 13:53:25,2016-10-14 13:53:25
C13069,2016-10-14 14:36:32,2016-10-14 14:36:32
C12624,2016-10-14 15:22:21,2016-10-14 15:22:21
C11439,2016-10-14 15:25:35,2016-10-14 15:25:35
C08702,2016-10-14 15:56:46,2016-10-14 15:56:46
C07546,2016-10-14 16:32:22,2016-11-21 14:13:21
C01113,2016-10-14 16:56:53,2016-12-19 19:16:24
C01632,2016-10-14 17:33:06,2016-10-14 17:33:06
C06720,2016-10-14 17:34:18,2016-10-18 16:50:27
C11058,2016-10-14 17:45:59,2016-10-14 17:45:59
C04219,2016-10-14 18:34:23,2016-10-14 18:34:36
C04662,2016-10-14 18:36:21,2016-11-10 23:36:24
C10443,2016-10-14 18:37:36,2016-10-28 02:01:14
C04045,2016-10-14 18:51:48,2016-10-14 18:51:48
C05204,2016-10-14 19:17:04,2016-10-14 19:45:46
C06060,2016-10-14 19:21:59,2016-10-14 19:21:59
C07690,2016-10-14 19:26:01,2016-10-14 19:26:01
C03296,2016-10-14 19:29:18,2016-11-19 20:24:48
C05591,2016-10-14 20:06:32,2016-10-15 22:04:13
C02957,2016-10-14 20:08:38,2016-10-14 20:08:38
C02736,2016-10-14 20:40:48,2016-10-14 20:40:48
C07967,2016-10-14 21:21:42,2016-10-14 21:21:42
C02234,2016-10-14 21:22:03,2016-11-22 15:01:09
C11763,2016-10-14 21:46:50,2016-10-14 21:46:50
C02220,2016-10-14 21:56:09,2016-11-29 23:37:51
C10115,2016-10-14 22:16:03,2016-10-14 22:16:03
C06405,2016-10-14 22:39:56,2016-10-14 22:52:45
C09113,2016-10-14 22:48:43,2016-10-14 22:48:43
C04975,2016-10-14 23:02:05,2016-10-14 23:02:05
C07292,2016-10-14 23:36:07,2016-10-14 23:36:07
C01356,2016-10-14 23:38:30,2016-10-14 23:38:30
C09497,2016-10-14 23:49:52,2016-12-08 22:05:16
C04558,2016-10-14 23:51:18,2016-11-25 21:34:53
C03994,2016-10-15 00:39:17,2016-11-30 02:29:52
C03742,2016-10-15 00:58:32,2016-10-15 00:58:32
C10913,2016-10-15 01:14:04,2016-12-28 22:14:07
C09071,2016-10-15 01:42:13,2016-10-15 01:42:13
C06375,2016-10-15 01:42:14,2016-12-21 17:22:25
C01043,2016-10-15 01:48:28,2016-10-15 01:48:28
C07545,2016-10-15 02:13:47,2016-10-30 01:22:53
C05637,2016-10-15 03:55:00,2016-10-15 03:55:00
C11305,2016-10-15 04:46:20,2016-10-16 04:02:36
C03963,2016-10-15 11:05:17,2016-10-15 11:05:17
C07184,2016-10-15 12:45:20,2016-10-15 12:45:20
C00373,2016-10-15 13:24:43,2016-10-26 17:06:03
C02367,2016-10-15 13:57:26,2016-10-21 18:10:29
C11619,2016-10-15 15:16:59,2016-10-15 15:16:59
C03342,2016-10-15 15:25:13,2016-10-16 00:33:08
C13366,2016-10-15 15:36:44,2016-11-24 23:40:12
C06377,2016-10-15 15:38:09,2016-10-15 15:38:09
C09585,2016-10-15 15:43:23,2016-10-15 15:43:23
C08390,2016-10-15 18:55:07,2016-12-27 03:33:05
C02728,2016-10-15 19:00:58,2016-10-15 19:11:26
C07754,2016-10-15 19:01:44,2016-10-15 19:01:44
C03462,2016-10-15 19:25:16,2016-10-15 21:12:50
C13522,2016-10-15 20:33:38,2016-11-28 03:11:41
C07670,2016-10-15 20:34:44,2016-11-23 22:42:21
C06207,2016-10-15 21:16:22,2016-10-15 21:16:22
C03857,2016-10-15 21:21:47,2016-10-15 21:21:47
C10758,2016-10-15 22:17:43,2016-10-15 22:17:43
C01136,2016-10-15 22:20:10,2016-10-15 22:20:10
C05701,2016-10-16 00:02:51,2016-10-16 00:02:51
C00673,2016-10-16 00:34:18,2016-10-16 00:34:18
C08974,2016-10-16 00:39:05,2016-10-16 00:39:05
C07972,2016-10-16 01:48:11,2016-10-16 01:48:11
C03674,2016-10-16 01:56:15,2016-10-16 01:56:15
C12363,2016-10-16 02:00:52,2016-10-16 02:00:52
C07488,2016-10-16 02:01:21,2016-10-16 02:01:21
C03727,2016-10-16 02:13:50,2016-10-16 02:33:04
C06452,2016-10-16 02:15:53,2016-10-19 16:41:10
C10195,2016-10-16 02:21:51,2016-10-16 02:36:56
C09682,2016-10-16 04:47:54,2016-10-16 04:47:54
C07985,2016-10-16 06:06:24,2016-12-20 18:02:03
C08423,2016-10-16 07:58:24,2016-10-16 08:23:27
C01989,2016-10-16 11:29:07,2016-10-26 04:29:27
C05406,2016-10-16 14:38:38,2016-10-17 16:40:15
C06656,2016-10-16 16:02:29,2016-12-29 23:27:14
C06359,2016-10-16 16:55:45,2016-12-17 21:00:59
C06994,2016-10-16 18:36:37,2016-12-16 16:25:29
C02861,2016-10-16 18:45:13,2016-12-21 17:50:11
C09912,2016-10-16 19:26:48,2016-12-31 06:53:39
C00975,2016-10-16 19:55:40,2016-10-16 19:55:40
C01013,2016-10-16 21:01:26,2016-12-29 23:35:17
C10232,2016-10-16 21:22:54,2016-12-28 19:40:30
C09271,2016-10-16 22:46:51,2016-10-16 22:46:51
C04878,2016-10-16 23:11:26,2016-12-11 14:23:21
C09323,2016-10-16 23:13:21,2016-10-16 23:13:21
C05974,2016-10-16 23:32:56,2016-11-01 19:42:11
C06489,2016-10-16 23:42:10,2016-12-30 00:49:06
C10727,2016-10-17 00:16:15,2016-10-17 00:16:15
C11836,2016-10-17 02:12:13,2016-10-17 02:39:17
C13048,2016-10-17 02:34:47,2016-10-17 02:34:47
C08772,2016-10-17 02:50:17,2016-10-17 02:50:17
C01272,2016-10-17 07:31:57,2016-10-17 07:31:57
C02301,2016-10-17 07:38:39,2016-10-17 07:38:39
C01631,2016-10-17 13:38:17,2016-10-17 13:38:17
C10318,2016-10-17 13:59:25,2016-11-16 14:35:45
C05993,2016-10-17 14:04:22,2016-10-17 14:04:22
C10764,2016-10-17 14:37:29,2016-10-17 14:50:50
C03227,2016-10-17 14:38:36,2016-12-01 02:19:47
C08202,2016-10-17 15:16:27,2016-12-22 23:45:51
C08407,2016-10-17 16:37:41,2016-11-24 18:51:15
C06585,2016-10-17 16:41:58,2016-10-17 16:41:58
C07441,2016-10-17 17:55:24,2016-10-17 17:55:24
C09895,2016-10-17 18:22:56,2016-10-17 18:22:56
C04303,2016-10-17 18:24:46,2016-12-06 01:55:56
C11431,2016-10-17 18:44:04,2016-10-17 18:44:04
C04069,2016-10-17 20:17:36,2016-10-17 20:17:36
C07713,2016-10-18 01:20:09,2016-10-18 01:20:09
C02536,2016-10-18 02:06:01,2016-10-18 02:06:01
C06112,2016-10-18 02:27:03,2016-11-22 15:02:28
C07902,2016-10-18 02:30:25,2016-10-18 02:30:25
C08986,2016-10-18 02:34:46,2016-10-18 02:34:46
C02979,2016-10-18 04:08:55,2016-10-18 04:08:55
C13130,2016-10-18 07:14:53,2016-11-27 17:22:43
C04850,2016-10-18 07:15:33,2016-10-18 07:15:33
C01893,2016-10-18 12:36:54,2016-11-14 19:06:54
C10237,2016-10-18 13:16:12,2016-10-18 13:16:12
C01841,2016-10-18 13:16:50,2016-11-25 17:43:57
C10877,2016-10-18 13:59:31,2016-10-22 23:39:02
C07722,2016-10-18 15:57:18,2016-10-18 15:57:18
C12174,2016-10-18 16:04:41,2016-12-07 07:23:12
C06946,2016-10-18 17:22:31,2016-10-18 17:22:31
C08338,2016-10-18 17:25:07,2016-10-18 22:50:46
C05071,2016-10-18 17:58:55,2016-10-18 17:58:55
C08267,2016-10-18 18:47:43,2016-10-18 18:47:43
C07767,2016-10-18 18:57:12,2016-12-28 11:03:48
C09091,2016-10-18 19:27:18,2016-11-05 18:35:11
C00064,2016-10-18 20:56:05,2016-11-16 02:42:53
C04155,2016-10-18 21:01:59,2016-10-18 21:01:59
C03236,2016-10-18 21:10:26,2016-11-28 18:20:20
C05963,2016-10-18 21:40:55,2016-10-18 21:40:55
C12506,2016-10-18 22:26:18,2016-11-23 15:25:29
C00079,2016-10-18 22:40:01,2016-12-27 15:12:58
C02243,2016-10-18 23:40:12,2016-10-18 23:40:12
C05038,2016-10-19 00:09:18,2016-12-06 23:54:33
C12533,2016-10-19 00:39:12,2016-10-28 22:34:23
C04148,2016-10-19 01:13:54,2016-10-19 13:49:20
C06019,2016-10-19 04:44:32,2016-12-29 11:15:11
C10523,2016-10-19 14:06:07,2016-10-19 14:06:07
C01120,2016-10-19 14:24:32,2016-11-30 15:09:01
C06378,2016-10-19 14:57:44,2016-12-02 12:19:09
C11372,2016-10-19 15:08:46,2016-12-26 23:16:01
C02781,2016-10-19 15:43:38,2016-10-19 15:59:28
C01822,2016-10-19 16:33:59,2016-12-25 14:48:50
C07520,2016-10-19 16:52:32,2016-12-18 23:03:52
C12553,2016-10-19 17:06:07,2016-10-19 17:06:07
C04390,2016-10-19 17:13:57,2016-10-19 17:13:57
C00302,2016-10-19 18:16:19,2016-11-02 13:56:25
C02022,2016-10-19 18:29:41,2016-12-03 17:54:21
C01894,2016-10-19 18:45:31,2016-11-05 17:27:28
C10649,2016-10-19 19:02:53,2016-10-19 19:02:53
C05789,2016-10-19 19:23:54,2016-10-19 19:23:54
C08130,2016-10-19 19:27:56,2016-10-19 19:27:56
C00318,2016-10-19 19:40:08,2016-12-23 14:50:33
C00176,2016-10-19 20:36:02,2016-10-19 20:36:02
C08858,2016-10-19 21:00:41,2016-10-19 21:00:41
C08200,2016-10-19 21:13:36,2016-10-19 21:13:36
C01314,2016-10-19 21:22:30,2016-10-19 21:22:30
C12384,2016-10-19 21:27:42,2016-10-19 21:27:42
C05006,2016-10-19 21:50:09,2016-10-19 21:50:09
C04857,2016-10-19 22:14:22,2016-10-19 23:52:00
C11333,2016-10-19 22:16:20,2016-12-18 22:01:20
C08171,2016-10-19 22:21:05,2016-11-16 19:37:15
C00948,2016-10-19 22:42:58,2016-10-19 22:42:58
C04819,2016-10-19 22:55:20,2016-12-16 16:10:19
C09922,2016-10-19 22:57:44,2016-11-23 22:23:20
C05959,2016-10-19 22:57:45,2016-11-25 18:24:04
C08230,2016-10-19 23:20:20,2016-10-19 23:20:20
C13172,2016-10-19 23:40:11,2016-10-19 23:40:11
C05394,2016-10-19 23:50:14,2016-10-19 23:50:14
C04171,2016-10-20 00:16:07,2016-10-20 01:21:35
C12193,2016-10-20 01:06:53,2016-10-21 17:58:10
C01309,2016-10-20 03:28:40,2016-10-20 04:45:16
C03431,2016-10-20 07:08:43,2016-12-11 18:11:19
C12803,2016-10-20 07:45:31,2016-11-21 01:27:22
C04189,2016-10-20 08:42:44,2016-10-20 08:42:44
C11248,2016-10-20 14:26:04,2016-11-10 23:16:02
C07939,2016-10-20 14:35:20,2016-10-20 14:35:20
C03190,2016-10-20 15:01:58,2016-12-31 19:34:23
C05012,2016-10-20 15:07:52,2016-10-20 15:07:52
C09485,2016-10-20 15:12:54,2016-10-20 15:12:54
C12573,2016-10-20 15:28:58,2016-10-20 15:28:58
C05405,2016-10-20 15:44:55,2016-10-20 15:44:55
C05482,2016-10-20 16:16:47,2016-10-20 16:16:47
C00118,2016-10-20 16:42:55,2016-10-20 18:56:55
C09190,2016-10-20 17:11:03,2016-10-20 17:11:03
C12584,2016-10-20 17:26:13,2016-11-04 17:14:25
C08886,2016-10-20 18:52:26,2016-10-20 18:52:26
C12535,2016-10-20 19:00:45,2016-10-20 19:00:45
C03962,2016-10-20 19:30:58,2016-10-20 20:58:26
C11631,2016-10-20 19:38:13,2016-10-20 20:05:33
C00131,2016-10-20 20:01:06,2016-11-13 17:39:03
C01256,2016-10-20 20:21:58,2016-10-20 20:46:30
C08745,2016-10-20 20:29:01,2016-10-20 20:29:01
C09794,2016-10-20 20:40:15,2016-12-12 12:56:44
C10409,2016-10-20 21:52:00,2016-10-20 21:52:00
C11212,2016-10-20 21:58:28,2016-10-20 21:58:28
C12273,2016-10-20 22:43:07,2016-10-20 22:43:07
C13379,2016-10-20 23:20:49,2016-10-28 23:59:21
C01042,2016-10-20 23:30:54,2016-10-20 23:30:54
C06796,2016-10-21 11:41:18,2016-12-27 16:58:45
C07598,2016-10-21 13:32:41,2016-10-22 13:30:44
C05857,2016-10-21 15:23:20,2016-12-26 23:37:32
C10269,2016-10-21 15:44:37,2016-10-21 15:44:37
C12580,2016-10-21 16:47:29,2016-11-28 18:58:54
C09322,2016-10-21 17:50:09,2016-10-21 17:50:09
C04842,2016-10-21 18:13:19,2016-10-21 18:13:19
C06442,2016-10-21 18:54:14,2016-11-25 22:14:06
C12204,2016-10-21 19:17:32,2016-12-21 12:03:32
C07877,2016-10-21 19:36:15,2016-10-21 19:36:15
C03522,2016-10-21 20:38:39,2016-10-22 18:58:14
C07774,2016-10-21 21:15:39,2016-10-21 21:15:39
C03953,2016-10-21 21:47:57,2016-10-21 21:47:57
C03859,2016-10-21 21:48:30,2016-10-21 21:59:22
C10060,2016-10-21 22:07:55,2016-10-21 22:07:55
C05900,2016-10-21 22:39:43,2016-12-31 22:20:36
C11693,2016-10-21 23:47:29,2016-10-21 23:47:29
C00883,2016-10-22 00:05:21,2016-10-22 00:05:21
C12783,2016-10-22 00:07:27,2016-10-24 02:38:45
C01086,2016-10-22 01:22:31,2016-10-22 01:22:31
C11686,2016-10-22 03:32:30,2016-11-06 22:29:57
C01506,2016-10-22 04:11:15,2016-12-16 14:25:43
C09230,2016-10-22 06:24:54,2016-10-22 06:24:54
C01247,2016-10-22 11:21:29,2016-10-22 11:21:29
C03529,2016-10-22 13:55:18,2016-11-08 15:31:52
C09275,2016-10-22 15:34:57,2016-12-21 21:27:56
C02704,2016-10-22 15:36:40,2016-12-04 20:16:06
C10801,2016-10-22 16:06:04,2016-10-22 16:06:04
C02426,2016-10-22 16:38:49,2016-10-22 16:38:49
C03849,2016-10-22 17:05:39,2016-10-22 17:05:39
C12551,2016-10-22 18:11:25,2016-10-22 18:11:25
C06596,2016-10-22 18:13:30,2016-11-29 23:48:48
C09199,2016-10-22 18:45:35,2016-10-22 18:45:35
C11104,2016-10-22 18:46:26,2016-10-22 18:46:26
C00030,2016-10-22 18:49:41,2016-10-22 18:49:41
C01576,2016-10-22 19:04:10,2016-10-22 19:04:10
C00091,2016-10-22 19:17:56,2016-10-22 19:17:56
C06882,2016-10-22 20:53:56,2016-12-17 18:27:54
C07820,2016-10-22 21:21:33,2016-10-22 21:21:33
C09859,2016-10-22 21:58:51,2016-10-22 21:58:51
C01754,2016-10-22 22:31:25,2016-10-22 22:31:25
C07573,2016-10-22 22:47:10,2016-10-22 22:47:10
C04837,2016-10-23 00:01:49,2016-10-23 00:01:49
C03260,2016-10-23 01:18:03,2016-11-28 17:07:16
C00316,2016-10-23 07:34:07,2016-10-23 07:34:07
C02058,2016-10-23 13:19:36,2016-10-23 13:19:36
C09874,2016-10-23 13:39:23,2016-12-13 12:45:56
C01022,2016-10-23 14:23:11,2016-11-24 01:20:52
C13330,2016-10-23 15:22:38,2016-10-23 15:22:38
C05525,2016-10-23 16:37:35,2016-10-23 16:37:35
C02735,2016-10-23 17:34:02,2016-10-23 17:34:02
C08487,2016-10-23 19:34:42,2016-12-06 02:48:40
C03624,2016-10-23 19:46:17,2016-10-23 19:46:17
C07427,2016-10-23 19:48:39,2016-10-23 19:48:39
C10782,2016-10-23 19:55:01,2016-11-26 13:23:24
C04631,2016-10-23 20:13:35,2016-11-20 02:30:44
C07549,2016-10-23 20:16:44,2016-12-25 18:21:58
C10336,2016-10-23 20:32:38,2016-10-23 20:32:38
C07018,2016-10-23 21:38:19,2016-10-23 22:20:37
C06475,2016-10-23 21:45:51,2016-10-29 00:22:18
C03886,2016-10-23 21:46:22,2016-10-23 21:46:22
C05910,2016-10-23 21:54:08,2016-10-23 21:54:08
C08220,2016-10-23 23:28:04,2016-10-23 23:28:04
C02116,2016-10-23 23:58:09,2016-12-17 03:50:50
C03875,2016-10-24 00:30:40,2016-10-24 00:30:40
C10489,2016-10-24 00:33:17,2016-10-24 00:33:17
C06902,2016-10-24 01:55:46,2016-10-24 01:55:46
C07079,2016-10-24 02:07:10,2016-10-24 02:07:10
C09801,2016-10-24 02:18:40,2016-12-27 04:37:07
C00680,2016-10-24 02:27:19,2016-11-22 03:14:42
C04323,2016-10-24 05:55:51,2016-10-24 05:55:51
C12220,2016-10-24 14:55:07,2016-10-24 14:55:07
C04692,2016-10-24 14:57:09,2016-10-24 15:21:20
C05144,2016-10-24 17:05:49,2016-10-24 17:14:23
C01736,2016-10-24 17:45:36,2016-10-24 17:45:36
C05706,2016-10-24 17:50:34,2016-10-24 17:50:34
C08548,2016-10-24 19:11:00,2016-10-24 19:11:00
C10160,2016-10-24 20:08:39,2016-12-24 20:39:29
C05035,2016-10-24 20:12:42,2016-10-24 20:12:42
C11042,2016-10-24 21:23:47,2016-10-24 21:23:47
C03779,2016-10-24 22:23:42,2016-10-24 22:23:42
C08158,2016-10-25 00:26:13,2016-10-25 00:54:42
C12972,2016-10-25 00:47:17,2016-12-06 15:28:54
C08740,2016-10-25 01:17:18,2016-10-25 01:17:18
C10854,2016-10-25 01:22:04,2016-10-25 01:22:04
C08843,2016-10-25 01:26:45,2016-11-17 00:21:37
C13474,2016-10-25 02:01:38,2016-10-25 02:01:38
C12790,2016-10-25 03:45:18,2016-12-14 21:10:37
C04711,2016-10-25 06:29:33,2016-10-25 06:29:33
C11325,2016-10-25 14:30:27,2016-10-25 14:30:27
C10290,2016-10-25 16:34:55,2016-10-25 16:34:55
C07098,2016-10-25 17:30:00,2016-12-03 19:15:50
C03606,2016-10-25 18:39:12,2016-11-19 01:17:52
C04608,2016-10-25 19:27:40,2016-10-25 19:27:40
C07202,2016-10-25 20:09:45,2016-10-25 21:26:14
C04849,2016-10-25 20:23:28,2016-12-17 20:10:49
C04221,2016-10-25 20:41:08,2016-10-25 20:41:08
C01725,2016-10-25 20:42:47,2016-12-14 19:05:06
C10536,2016-10-25 22:00:09,2016-10-25 22:00:09
C10090,2016-10-25 23:44:14,2016-11-21 00:04:10
C09699,2016-10-25 23:49:28,2016-10-25 23:49:28
C06921,2016-10-26 00:04:32,2016-12-19 20:36:29
C10882,2016-10-26 01:33:57,2016-10-26 01:33:57
C02601,2016-10-26 02:41:54,2016-10-26 02:41:54
C01366,2016-10-26 03:07:37,2016-10-26 03:07:37
C09023,2016-10-26 03:55:21,2016-10-26 04:27:48
C05771,2016-10-26 04:03:06,2016-10-26 04:03:06
C01449,2016-10-26 04:24:00,2016-12-18 02:05:41
C09505,2016-10-26 07:26:50,2016-10-26 07:26:50
C06273,2016-10-26 08:57:47,2016-10-27 02:27:27
C09534,2016-10-26 12:03:40,2016-10-26 12:03:40
C06066,2016-10-26 12:14:37,2016-10-26 12:14:37
C03455,2016-10-26 12:14:41,2016-11-25 00:32:19
C08714,2016-10-26 12:30:18,2016-12-20 19:33:23
C01625,2016-10-26 14:30:45,2016-10-26 14:30:45
C12200,2016-10-26 15:28:21,2016-11-14 20:16:08
C11016,2016-10-26 15:33:36,2016-10-26 15:33:36
C07783,2016-10-26 16:22:29,2016-10-26 16:22:29
C03958,2016-10-26 16:36:59,2016-10-26 16:36:59
C00349,2016-10-26 16:37:22,2016-12-13 18:57:19
C12013,2016-10-26 17:05:45,2016-12-16 16:16:24
C13168,2016-10-26 18:11:50,2016-10-26 18:11:50
C07610,2016-10-26 18:18:46,2016-10-26 18:18:46
C08054,2016-10-26 18:33:49,2016-10-26 18:33:49
C03045,2016-10-26 18:44:41,2016-10-26 18:44:41
C13363,2016-10-26 18:50:31,2016-10-26 18:50:31
C11869,2016-10-26 19:34:49,2016-10-29 20:00:27
C04490,2016-10-26 20:11:50,2016-10-26 20:11:50
C04584,2016-10-26 20:19:29,2016-10-26 20:19:29
C06507,2016-10-26 20:25:10,2016-12-03 20:26:33
C11349,2016-10-26 20:30:23,2016-11-29 02:20:43
C10521,2016-10-26 22:12:34,2016-10-26 22:12:34
C09875,2016-10-26 23:19:47,2016-10-26 23:19:47
C10436,2016-10-26 23:24:53,2016-10-26 23:24:53
C02600,2016-10-26 23:45:15,2016-10-26 23:45:15
C00412,2016-10-26 23:46:55,2016-11-08 11:19:22
C13074,2016-10-27 00:40:52,2016-10-27 00:40:52
C11902,2016-10-27 02:40:31,2016-10-27 02:40:31
C05139,2016-10-27 06:31:17,2016-10-27 06:31:17
C04187,2016-10-27 07:33:31,2016-12-22 17:57:27
C08216,2016-10-27 13:18:07,2016-10-27 13:38:49
C08442,2016-10-27 14:16:06,2016-10-27 14:16:06
C11234,2016-10-27 15:13:16,2016-11-17 00:36:06
C06141,2016-10-27 15:33:18,2016-12-14 00:05:36
C10510,2016-10-27 15:59:16,2016-10-27 15:59:16
C11551,2016-10-27 16:10:16,2016-11-24 23:28:35
C05000,2016-10-27 16:21:32,2016-10-27 16:21:32
C13477,2016-10-27 17:08:32,2016-12-20 15:42:48
C08633,2016-10-27 18:30:45,2016-10-27 18:38:25
C00217,2016-10-27 18:33:49,2016-10-29 22:48:31
C07132,2016-10-27 18:54:10,2016-11-01 04:40:57
C11752,2016-10-27 19:18:02,2016-12-23 15:29:41
C01097,2016-10-27 19:36:15,2016-10-27 19:36:15
C10028,2016-10-27 20:00:54,2016-10-27 20:00:54
C11572,2016-10-27 20:19:59,2016-10-27 20:19:59
C03055,2016-10-27 21:03:17,2016-10-27 21:03:17
C06163,2016-10-27 21:06:41,2016-12-30 19:39:26
C09738,2016-10-27 21:47:16,2016-10-27 21:47:16
C11218,2016-10-27 22:00:52,2016-10-27 22:02:43
C06106,2016-10-27 22:05:59,2016-10-27 22:05:59
C08763,2016-10-28 00:22:22,2016-12-19 22:13:01
C07324,2016-10-28 01:24:17,2016-10-28 01:24:17
C11521,2016-10-28 01:55:21,2016-10-28 01:55:21
C13356,2016-10-28 02:30:00,2016-10-28 02:30:00
C04364,2016-10-28 05:42:47,2016-10-28 05:42:47
C11922,2016-10-28 14:40:46,2016-12-26 12:54:08
C12138,2016-10-28 14:44:02,2016-10-28 14:44:02
C07853,2016-10-28 15:15:47,2016-10-28 22:00:00
C05667,2016-10-28 15:16:43,2016-10-28 15:16:43
C10194,2016-10-28 15:25:03,2016-10-28 15:25:03
C08435,2016-10-28 16:35:05,2016-10-28 16:35:05
C09408,2016-10-28 16:46:53,2016-12-22 00:03:25
C01914,2016-10-28 16:59:50,2016-10-28 16:59:50
C07672,2016-10-28 17:05:40,2016-10-28 17:58:23
C06725,2016-10-28 17:12:14,2016-10-28 17:12:14
C00046,2016-10-28 17:58:53,2016-11-05 13:14:23
C02051,2016-10-28 18:47:28,2016-10-28 18:47:28
C02603,2016-10-28 20:04:07,2016-10-28 20:04:07
C00605,2016-10-28 20:24:24,2016-11-09 19:48:59
C13112,2016-10-28 21:00:28,2016-10-28 21:00:28
C00074,2016-10-28 21:06:48,2016-11-21 21:38:30
C04217,2016-10-28 21:10:06,2016-10-28 21:10:06
C12021,2016-10-28 21:15:34,2016-12-31 23:19:17
C09263,2016-10-28 22:30:34,2016-10-28 22:30:34
C12331,2016-10-28 23:21:39,2016-10-28 23:21:39
C07532,2016-10-28 23:44:13,2016-10-28 23:44:13
C04906,2016-10-29 01:03:11,2016-10-29 01:03:11
C09866,2016-10-29 02:51:13,2016-10-29 02:51:13
C00011,2016-10-29 04:10:28,2016-12-03 22:10:53
C01934,2016-10-29 04:48:10,2016-10-29 04:48:10
C08221,2016-10-29 06:50:41,2016-12-10 23:41:41
C08988,2016-10-29 10:21:59,2016-10-29 10:21:59
C05177,2016-10-29 12:41:31,2016-10-29 14:56:15
C04991,2016-10-29 13:22:34,2016-10-29 16:00:34
C03233,2016-10-29 14:14:54,2016-10-29 14:14:54
C02060,2016-10-29 15:21:22,2016-10-29 15:21:22
C06355,2016-10-29 16:04:46,2016-10-29 16:04:46
C02061,2016-10-29 16:14:09,2016-12-05 15:18:54
C06916,2016-10-29 16:42:59,2016-10-29 16:42:59
C10116,2016-10-29 17:07:15,2016-12-01 13:17:21
C11924,2016-10-29 17:26:42,2016-11-30 21:39:39
C04617,2016-10-29 17:59:48,2016-12-17 19:51:05
C05237,2016-10-29 18:12:26,2016-12-17 16:46:17
C11179,2016-10-29 18:21:44,2016-12-07 14:53:35
C01453,2016-10-29 18:26:14,2016-11-27 21:13:55
C11570,2016-10-29 19:14:25,2016-11-02 02:00:43
C11106,2016-10-29 19:22:25,2016-10-29 19:22:25
C02473,2016-10-29 19:39:33,2016-10-29 21:45:11
C13551,2016-10-29 20:33:39,2016-10-29 20:33:39
C06953,2016-10-29 21:15:43,2016-10-29 21:15:43
C13217,2016-10-29 22:30:06,2016-11-19 12:00:07
C08139,2016-10-29 23:06:06,2016-10-29 23:06:06
C05299,2016-10-29 23:56:10,2016-10-29 23:56:10
C00077,2016-10-30 00:44:40,2016-10-30 00:44:40
C13106,2016-10-30 01:19:40,2016-10-30 20:01:40
C02820,2016-10-30 01:40:23,2016-10-30 01:40:23
C12392,2016-10-30 01:53:27,2016-12-11 18:17:40
C01804,2016-10-30 02:38:03,2016-12-06 15:16:35
C06321,2016-10-30 03:41:24,2016-10-30 03:41:24
C12766,2016-10-30 06:59:05,2016-10-30 06:59:05
C04132,2016-10-30 11:51:23,2016-10-30 11:51:23
C02011,2016-10-30 13:46:37,2016-10-30 13:46:37
C09844,2016-10-30 15:05:08,2016-11-26 15:18:43
C04955,2016-10-30 15:18:22,2016-12-05 00:26:20
C01235,2016-10-30 15:52:52,2016-10-30 15:52:52
C10979,2016-10-30 16:22:51,2016-10-30 16:22:51
C08282,2016-10-30 16:30:59,2016-12-22 22:27:36
C09374,2016-10-30 18:21:00,2016-11-09 17:08:32
C09702,2016-10-30 18:21:20,2016-11-13 21:45:49
C04005,2016-10-30 19:31:37,2016-11-20 16:55:05
C05626,2016-10-30 19:50:17,2016-10-30 19:50:17
C05374,2016-10-30 20:24:48,2016-11-28 17:19:53
C09645,2016-10-30 20:47:33,2016-10-30 20:47:33
C08328,2016-10-30 20:49:58,2016-10-30 20:49:58
C04909,2016-10-30 21:07:47,2016-10-30 21:07:47
C01455,2016-10-30 21:46:41,2016-10-30 21:58:33
C03256,2016-10-30 21:47:37,2016-10-30 21:47:37
C09256,2016-10-30 23:31:40,2016-11-21 21:20:24
C08655,2016-10-31 02:15:38,2016-12-11 03:40:29
C05545,2016-10-31 04:22:29,2016-10-31 04:22:29
C09973,2016-10-31 04:40:11,2016-11-29 14:32:30
C13127,2016-10-31 11:26:34,2016-10-31 11:26:34
C04233,2016-10-31 13:59:32,2016-10-31 13:59:32
C00694,2016-10-31 14:16:21,2016-12-12 19:14:54
C08838,2016-10-31 15:17:07,2016-11-01 21:19:18
C12190,2016-10-31 15:57:23,2016-10-31 16:15:55
C06209,2016-10-31 16:45:12,2016-10-31 21:10:53
C03811,2016-10-31 17:30:11,2016-10-31 17:30:11
C05990,2016-10-31 17:38:26,2016-10-31 17:38:26
C12373,2016-10-31 18:01:12,2016-12-29 23:49:47
C10762,2016-10-31 18:51:40,2016-10-31 20:38:57
C10198,2016-10-31 19:13:25,2016-10-31 19:13:25
C10235,2016-10-31 19:18:31,2016-11-16 23:29:45
C03928,2016-10-31 19:57:33,2016-12-03 03:15:06
C11895,2016-10-31 21:00:42,2016-10-31 21:00:42
C10312,2016-10-31 22:02:18,2016-10-31 22:02:18
C12995,2016-10-31 22:34:56,2016-12-17 14:34:51
C00099,2016-10-31 22:47:41,2016-10-31 22:47:41
C13454,2016-10-31 23:07:29,2016-10-31 23:07:29
C01190,2016-10-31 23:15:18,2016-10-31 23:15:18
C07613,2016-10-31 23:23:54,2016-11-14 19:20:44
C10806,2016-10-31 23:55:09,2016-11-10 15:13:09
C01075,2016-11-01 00:09:58,2016-11-01 00:09:58
C03781,2016-11-01 01:29:54,2016-11-01 01:29:54
C03094,2016-11-01 02:22:25,2016-11-13 20:26:31
C05019,2016-11-01 03:44:13,2016-11-01 03:44:13
C05319,2016-11-01 04:26:51,2016-11-01 04:26:51
C06252,2016-11-01 05:53:23,2016-11-01 05:53:23
C06583,2016-11-01 12:46:02,2016-11-01 12:46:02
C09577,2016-11-01 12:59:27,2016-11-05 11:21:23
C08538,2016-11-01 15:01:34,2016-11-01 15:01:34
C10233,2016-11-01 15:13:11,2016-11-01 15:13:11
C12539,2016-11-01 15:22:24,2016-11-01 15:22:24
C00125,2016-11-01 16:00:51,2016-11-01 16:00:51
C13265,2016-11-01 16:11:26,2016-11-18 02:59:40
C13352,2016-11-01 16:20:51,2016-11-01 16:20:51
C00903,2016-11-01 16:22:43,2016-11-01 16:22:43
C00669,2016-11-01 16:36:20,2016-11-01 16:36:20
C04321,2016-11-01 16:40:06,2016-11-01 16:40:06
C13003,2016-11-01 16:44:15,2016-11-01 16:44:15
C02259,2016-11-01 17:31:36,2016-11-22 01:54:54
C04227,2016-11-01 18:57:01,2016-11-01 18:57:01
C01324,2016-11-01 19:47:27,2016-11-24 16:21:29
C07661,2016-11-01 20:43:16,2016-11-01 20:43:16
C03027,2016-11-01 20:50:17,2016-12-05 14:18:02
C03268,2016-11-01 21:27:12,2016-11-01 21:27:12
C08116,2016-11-01 21:59:12,2016-11-01 21:59:12
C11988,2016-11-01 22:36:41,2016-11-01 22:36:41
C00292,2016-11-01 23:45:51,2016-11-01 23:45:51
C01858,2016-11-02 00:27:54,2016-11-02 00:27:54
C09661,2016-11-02 01:32:43,2016-11-02 01:32:43
C12914,2016-11-02 03:08:48,2016-11-02 03:08:48
C05200,2016-11-02 04:23:29,2016-12-23 23:52:45
C10154,2016-11-02 14:12:12,2016-11-02 14:34:29
C07799,2016-11-02 14:26:49,2016-11-02 14:26:49
C01957,2016-11-02 15:58:32,2016-12-15 13:54:42
C11492,2016-11-02 16:02:47,2016-11-02 16:02:47
C01623,2016-11-02 16:20:40,2016-12-23 02:06:10
C06317,2016-11-02 17:50:42,2016-12-02 13:45:39
C04636,2016-11-02 17:56:24,2016-11-02 17:56:24
C13534,2016-11-02 18:18:36,2016-11-02 18:18:36
C12436,2016-11-02 18:45:13,2016-12-23 18:42:10
C12474,2016-11-02 18:47:24,2016-11-02 18:47:24
C12570,2016-11-02 18:56:09,2016-11-02 18:56:09
C06517,2016-11-02 19:00:22,2016-11-11 04:02:58
C10819,2016-11-02 19:05:29,2016-11-02 19:05:29
C08061,2016-11-02 19:07:51,2016-11-04 15:48:12
C00794,2016-11-02 19:37:44,2016-11-02 19:37:44
C09910,2016-11-02 19:39:28,2016-11-02 19:47:37
C02988,2016-11-02 20:23:20,2016-11-02 20:23:20
C10146,2016-11-02 20:48:11,2016-11-02 20:48:11
C04520,2016-11-02 21:13:13,2016-11-02 21:13:13
C04981,2016-11-02 21:28:57,2016-11-23 16:46:28
C12693,2016-11-02 21:51:04,2016-11-02 21:51:04
C13232,2016-11-02 21:57:20,2016-11-02 21:57:20
C12683,2016-11-02 22:05:14,2016-11-02 22:05:14
C06982,2016-11-02 22:16:15,2016-11-26 23:07:01
C07268,2016-11-02 22:18:28,2016-11-02 22:18:28
C08118,2016-11-02 22:31:07,2016-11-02 22:45:49
C01386,2016-11-02 23:11:53,2016-11-02 23:11:53
C05577,2016-11-02 23:12:03,2016-11-02 23:12:03
C12817,2016-11-02 23:20:00,2016-12-06 23:21:15
C05598,2016-11-03 00:10:40,2016-12-31 00:34:18
C01039,2016-11-03 01:16:49,2016-11-03 01:16:49
C13444,2016-11-03 01:53:41,2016-11-03 01:53:41
C00478,2016-11-03 03:11:41,2016-11-09 22:35:58
C01945,2016-11-03 03:24:21,2016-12-01 01:12:37
C04246,2016-11-03 05:02:48,2016-11-03 05:02:48
C04309,2016-11-03 05:26:58,2016-12-11 00:38:47
C03350,2016-11-03 05:51:23,2016-11-03 05:51:23
C11579,2016-11-03 13:57:08,2016-11-03 13:57:08
C06334,2016-11-03 14:47:50,2016-11-03 14:47:50
C03170,2016-11-03 14:54:25,2016-11-23 21:43:25
C01708,2016-11-03 15:38:21,2016-11-03 15:38:21
C11318,2016-11-03 16:29:24,2016-12-23 00:22:58
C10714,2016-11-03 16:40:01,2016-12-20 19:24:42
C07955,2016-11-03 16:58:20,2016-12-26 19:01:22
C04139,2016-11-03 17:28:18,2016-11-03 17:53:15
C03993,2016-11-03 17:56:08,2016-12-15 13:30:27
C02267,2016-11-03 17:58:49,2016-11-03 17:58:49
C09705,2016-11-03 19:15:09,2016-11-03 19:15:09
C12735,2016-11-03 19:16:24,2016-11-19 14:28:55
C09879,2016-11-03 20:02:51,2016-11-04 18:15:59
C00645,2016-11-03 20:25:26,2016-11-03 20:25:26
C04924,2016-11-03 20:28:43,2016-11-03 20:28:43
C03046,2016-11-03 21:06:56,2016-11-06 19:55:58
C07113,2016-11-03 22:00:15,2016-11-03 22:02:32
C04412,2016-11-03 22:17:42,2016-12-17 02:27:33
C10584,2016-11-03 22:22:11,2016-11-03 22:22:11
C04625,2016-11-03 23:43:49,2016-11-03 23:43:49
C06155,2016-11-03 23:44:47,2016-11-03 23:44:47
C06192,2016-11-04 01:23:02,2016-11-17 19:15:42
C00586,2016-11-04 01:38:03,2016-11-04 01:55:40
C07496,2016-11-04 02:10:13,2016-12-10 13:26:34
C09272,2016-11-04 02:17:27,2016-11-04 02:17:27
C09062,2016-11-04 04:40:43,2016-12-27 15:26:48
C01312,2016-11-04 04:55:46,2016-12-12 23:28:17
C13553,2016-11-04 04:57:08,2016-11-04 04:57:08
C03961,2016-11-04 08:04:39,2016-11-04 08:04:39
C01038,2016-11-04 14:15:49,2016-12-24 21:55:31
C08864,2016-11-04 14:49:30,2016-11-04 14:49:30
C09182,2016-11-04 14:57:28,2016-12-22 19:33:33
C05119,2016-11-04 15:59:46,2016-11-04 15:59:46
C01151,2016-11-04 16:09:26,2016-11-04 16:09:26
C01530,2016-11-04 16:59:34,2016-12-23 18:49:05
C00372,2016-11-04 17:07:05,2016-11-04 17:07:05
C02901,2016-11-04 18:05:45,2016-11-04 18:05:45
C01189,2016-11-04 19:29:11,2016-11-04 19:29:11
C01967,2016-11-04 20:17:23,2016-11-25 06:22:25
C03572,2016-11-04 20:52:10,2016-11-04 20:52:10
C02570,2016-11-04 21:02:48,2016-12-11 15:28:07
C00600,2016-11-04 22:29:23,2016-11-04 22:29:23
C08309,2016-11-04 22:40:55,2016-11-04 22:40:55
C06144,2016-11-04 23:07:11,2016-11-10 15:50:56
C05286,2016-11-04 23:24:43,2016-11-04 23:24:43
C07550,2016-11-04 23:34:40,2016-11-04 23:34:40
C01191,2016-11-05 00:13:34,2016-11-05 00:35:48
C12401,2016-11-05 01:20:09,2016-12-15 01:31:46
C00506,2016-11-05 01:24:28,2016-11-05 01:24:28
C11608,2016-11-05 02:33:06,2016-11-05 02:33:06
C06632,2016-11-05 03:03:48,2016-11-05 03:03:48
C10557,2016-11-05 04:54:05,2016-11-19 04:59:54
C09887,2016-11-05 11:24:09,2016-11-05 11:24:09
C08088,2016-11-05 11:35:35,2016-11-05 11:35:35
C11786,2016-11-05 12:37:42,2016-12-29 17:30:54
C03591,2016-11-05 12:39:12,2016-11-05 12:39:12
C01029,2016-11-05 12:44:57,2016-11-23 21:30:07
C07305,2016-11-05 14:07:23,2016-11-05 14:07:23
C07753,2016-11-05 14:18:07,2016-12-11 01:57:02
C11888,2016-11-05 14:50:43,2016-11-05 14:50:43
C11811,2016-11-05 15:03:51,2016-12-28 15:27:49
C10447,2016-11-05 15:13:03,2016-11-05 15:13:03
C07525,2016-11-05 16:18:32,2016-11-05 16:18:32
C01239,2016-11-05 16:29:10,2016-12-10 11:24:56
C04054,2016-11-05 16:36:38,2016-12-26 22:12:27
C06057,2016-11-05 17:45:34,2016-11-08 03:29:09
C08835,2016-11-05 18:12:27,2016-11-13 23:04:38
C06201,2016-11-05 19:13:11,2016-11-05 19:13:11
C02296,2016-11-05 21:02:14,2016-11-05 21:02:14
C07796,2016-11-05 21:03:33,2016-11-05 21:27:30
C10497,2016-11-05 21:08:14,2016-12-26 20:55:23
C04254,2016-11-05 21:12:18,2016-11-05 21:12:18
C09115,2016-11-05 21:48:10,2016-11-05 21:48:10
C04851,2016-11-05 22:20:15,2016-11-05 22:20:15
C04018,2016-11-05 22:27:07,2016-11-05 22:39:52
C06828,2016-11-05 23:09:23,2016-11-05 23:09:23
C09021,2016-11-05 23:33:22,2016-11-05 23:33:22
C04820,2016-11-05 23:34:37,2016-11-05 23:34:37
C02210,2016-11-05 23:39:14,2016-11-10 00:17:26
C05478,2016-11-06 00:02:17,2016-12-30 18:50:19
C04216,2016-11-06 01:12:24,2016-11-06 01:12:24
C13235,2016-11-06 01:13:24,2016-11-06 01:13:24
C02369,2016-11-06 03:57:28,2016-11-06 04:03:22
C02697,2016-11-06 04:00:53,2016-11-06 04:00:53
C11650,2016-11-06 04:03:20,2016-12-20 23:42:34
C06594,2016-11-06 08:21:12,2016-11-06 08:21:12
C10628,2016-11-06 09:07:31,2016-11-06 09:07:31
C03791,2016-11-06 14:11:04,2016-12-08 15:27:33
C11764,2016-11-06 14:27:19,2016-11-06 14:27:19
C04823,2016-11-06 14:53:48,2016-11-06 14:53:48
C10567,2016-11-06 16:17:58,2016-12-15 13:37:28
C05582,2016-11-06 16:31:28,2016-11-06 16:31:28
C00554,2016-11-06 17:06:49,2016-12-16 18:57:19
C00225,2016-11-06 17:26:43,2016-11-06 17:26:43
C01971,2016-11-06 17:53:40,2016-11-23 01:07:49
C10106,2016-11-06 17:54:16,2016-11-22 22:44:41
C12522,2016-11-06 18:57:28,2016-11-06 18:57:28
C03795,2016-11-06 19:28:58,2016-12-27 22:01:58
C12502,2016-11-06 19:47:04,2016-11-06 19:47:04
C04687,2016-11-06 19:54:10,2016-11-06 19:54:10
C07408,2016-11-06 20:29:29,2016-11-06 20:45:24
C12156,2016-11-06 20:39:20,2016-11-06 20:39:20
C00738,2016-11-06 21:25:04,2016-11-06 21:43:10
C00950,2016-11-07 00:37:48,2016-11-07 00:37:48
C05752,2016-11-07 00:55:15,2016-11-07 00:55:15
C06889,2016-11-07 01:39:05,2016-11-07 01:39:05
C09103,2016-11-07 02:01:23,2016-12-18 01:05:21
C08057,2016-11-07 02:38:44,2016-11-07 02:38:44
C00720,2016-11-07 02:53:02,2016-12-12 18:34:27
C06967,2016-11-07 04:30:53,2016-11-07 04:30:53
C01327,2016-11-07 05:41:59,2016-12-28 22:21:29
C09978,2016-11-07 12:50:15,2016-11-26 23:09:34
C13148,2016-11-07 13:29:35,2016-11-07 13:29:35
C05972,2016-11-07 14:29:31,2016-11-07 14:29:31
C11705,2016-11-07 16:29:56,2016-11-07 16:29:56
C00461,2016-11-07 16:56:04,2016-11-07 16:56:04
C03746,2016-11-07 17:15:26,2016-11-07 17:15:26
C06695,2016-11-07 18:14:36,2016-11-07 18:14:36
C03033,2016-11-07 19:28:42,2016-11-07 19:28:42
C11664,2016-11-07 19:29:38,2016-11-09 23:30:32
C11519,2016-11-07 19:36:54,2016-11-07 19:36:54
C07797,2016-11-07 19:45:54,2016-12-25 12:43:02
C01214,2016-11-07 21:16:08,2016-11-07 21:16:08
C11824,2016-11-07 22:39:51,2016-12-18 23:02:49
C06729,2016-11-07 22:59:29,2016-11-07 22:59:29
C00378,2016-11-07 23:09:26,2016-12-29 02:46:55
C06095,2016-11-08 00:04:49,2016-11-08 00:04:49
C06374,2016-11-08 00:17:36,2016-11-08 00:17:36
C09659,2016-11-08 00:21:08,2016-11-08 00:21:08
C07980,2016-11-08 00:54:28,2016-12-09 21:44:48
C07046,2016-11-08 01:09:19,2016-11-08 01:09:19
C04209,2016-11-08 01:33:59,2016-12-20 01:52:58
C00279,2016-11-08 02:02:36,2016-11-08 02:02:36
C06476,2016-11-08 02:15:51,2016-11-08 02:15:51
C11948,2016-11-08 02:19:51,2016-11-08 02:19:51
C02892,2016-11-08 02:21:32,2016-11-08 02:21:32
C01629,2016-11-08 02:34:47,2016-11-08 02:34:47
C01937,2016-11-08 03:12:46,2016-11-08 03:12:46
C01127,2016-11-08 07:29:37,2016-11-08 07:29:37
C00080,2016-11-08 12:54:03,2016-11-08 12:54:03
C13339,2016-11-08 13:23:53,2016-11-08 13:23:53
C06914,2016-11-08 15:05:37,2016-11-08 15:22:33
C00013,2016-11-08 15:49:55,2016-11-08 15:49:55
C06332,2016-11-08 16:41:52,2016-11-08 16:41:52
C02652,2016-11-08 16:58:27,2016-12-10 07:08:11
C05220,2016-11-08 17:08:36,2016-11-08 17:08:36
C04373,2016-11-08 17:38:05,2016-11-08 17:38:05
C10676,2016-11-08 18:17:32,2016-11-08 18:17:32
C13203,2016-11-08 19:52:07,2016-11-08 19:52:07
C09881,2016-11-08 20:26:03,2016-12-25 16:06:03
C08911,2016-11-09 00:13:28,2016-11-09 00:13:28
C04136,2016-11-09 01:55:28,2016-11-09 01:55:28
C05067,2016-11-09 03:03:06,2016-11-09 03:03:06
C00690,2016-11-09 03:13:42,2016-11-09 03:13:42
C04510,2016-11-09 04:46:36,2016-11-09 04:53:15
C07984,2016-11-09 10:01:37,2016-11-09 11:21:39
C00053,2016-11-09 12:58:57,2016-11-09 12:58:57
C06162,2016-11-09 13:05:30,2016-11-09 13:10:41
C03728,2016-11-09 13:39:22,2016-11-09 13:39:22
C12140,2016-11-09 13:52:12,2016-11-09 13:52:12
C10482,2016-11-09 14:11:53,2016-11-29 21:26:57
C08208,2016-11-09 14:35:43,2016-11-09 14:35:43
C12807,2016-11-09 14:40:31,2016-11-14 14:36:05
C00447,2016-11-09 15:32:47,2016-11-09 17:47:00
C01607,2016-11-09 16:13:50,2016-11-09 16:13:50
C12706,2016-11-09 16:26:24,2016-11-09 16:26:24
C00551,2016-11-09 18:04:21,2016-11-09 18:04:21
C06104,2016-11-09 18:42:51,2016-11-09 18:42:51
C03248,2016-11-09 18:53:03,2016-11-20 20:06:51
C02846,2016-11-09 19:32:06,2016-11-14 04:22:04
C03217,2016-11-09 21:41:24,2016-12-21 20:50:38
C01948,2016-11-09 22:07:51,2016-11-09 22:07:51
C00411,2016-11-10 00:02:43,2016-11-10 00:02:43
C07266,2016-11-10 02:10:28,2016-11-10 02:10:28
C01865,2016-11-10 11:57:51,2016-11-11 01:33:23
C12739,2016-11-10 12:59:56,2016-11-10 12:59:56
C02973,2016-11-10 13:34:25,2016-11-10 13:34:25
C12000,2016-11-10 14:23:13,2016-12-15 20:47:50
C02100,2016-11-10 15:28:03,2016-11-10 15:28:03
C10540,2016-11-10 16:26:44,2016-12-15 16:06:45
C12864,2016-11-10 16:44:36,2016-12-12 18:19:32
C07900,2016-11-10 17:07:53,2016-11-10 17:07:53
C07315,2016-11-10 17:48:12,2016-11-10 17:48:12
C05950,2016-11-10 18:20:14,2016-12-09 03:04:21
C03942,2016-11-10 18:55:45,2016-11-10 21:14:27
C10818,2016-11-10 19:18:05,2016-11-10 19:26:45
C02943,2016-11-10 19:45:35,2016-11-10 19:45:35
C12271,2016-11-10 20:08:56,2016-11-10 20:08:56
C04163,2016-11-10 21:17:56,2016-11-10 21:17:56
C08568,2016-11-10 21:19:16,2016-11-10 21:19:16
C11093,2016-11-10 21:35:31,2016-11-10 21:35:31
C01412,2016-11-10 22:09:44,2016-12-06 08:55:02
C12377,2016-11-10 22:26:25,2016-11-10 22:26:25
C03966,2016-11-10 22:27:15,2016-11-10 22:27:15
C06082,2016-11-10 23:15:05,2016-11-10 23:15:05
C10868,2016-11-11 01:13:41,2016-11-19 02:52:20
C02361,2016-11-11 01:16:43,2016-11-11 01:16:43
C02144,2016-11-11 01:39:53,2016-12-30 15:43:13
C02252,2016-11-11 02:11:54,2016-12-10 12:14:09
C01074,2016-11-11 02:41:05,2016-11-11 02:41:05
C13202,2016-11-11 03:07:43,2016-11-11 03:07:43
C11113,2016-11-11 03:44:04,2016-11-11 03:44:04
C11969,2016-11-11 03:58:48,2016-11-11 03:58:48
C02185,2016-11-11 12:51:11,2016-11-11 12:51:11
C00371,2016-11-11 13:26:18,2016-11-28 12:10:05
C07271,2016-11-11 13:43:46,2016-11-11 13:43:46
C07718,2016-11-11 14:01:24,2016-12-23 19:42:48
C01724,2016-11-11 14:17:07,2016-11-11 14:17:07
C04920,2016-11-11 14:44:23,2016-11-15 17:05:07
C07813,2016-11-11 15:08:28,2016-11-11 15:41:25
C13250,2016-11-11 15:11:38,2016-11-21 19:54:43
C11396,2016-11-11 15:23:49,2016-12-20 14:49:36
C04953,2016-11-11 15:49:34,2016-11-11 15:49:34
C02497,2016-11-11 16:28:05,2016-11-11 16:35:25
C04079,2016-11-11 20:54:57,2016-11-11 20:54:57
C06711,2016-11-11 20:59:09,2016-11-11 20:59:09
C09194,2016-11-11 21:22:58,2016-11-11 21:22:58
C01198,2016-11-11 22:32:16,2016-11-11 22:32:16
C00327,2016-11-12 00:14:40,2016-11-12 00:14:40
C06781,2016-11-12 00:17:19,2016-11-26 01:33:13
C10669,2016-11-12 01:12:32,2016-11-12 01:12:32
C03736,2016-11-12 01:47:15,2016-11-12 01:47:15
C12998,2016-11-12 01:50:27,2016-11-12 01:50:27
C09569,2016-11-12 11:46:27,2016-11-12 11:46:27
C07780,2016-11-12 13:45:05,2016-12-28 15:59:56
C12135,2016-11-12 14:23:32,2016-11-12 14:23:32
C04982,2016-11-12 14:49:16,2016-12-07 14:03:04
C10077,2016-11-12 15:15:22,2016-11-12 15:15:22
C11166,2016-11-12 16:49:02,2016-11-12 17:04:36
C06785,2016-11-12 17:03:36,2016-11-12 17:03:36
C02856,2016-11-12 18:49:00,2016-12-20 20:54:56
C07426,2016-11-12 19:45:34,2016-11-12 19:45:34
C12218,2016-11-12 19:54:56,2016-11-12 19:54:56
C13469,2016-11-12 20:22:40,2016-11-12 20:22:40
C06498,2016-11-12 20:35:43,2016-12-22 23:48:02
C05339,2016-11-12 22:36:33,2016-11-12 22:36:33
C01170,2016-11-12 22:51:21,2016-11-23 02:42:39
C08898,2016-11-12 22:55:49,2016-12-24 22:55:40
C09066,2016-11-13 02:22:32,2016-11-13 02:22:32
C01371,2016-11-13 02:42:49,2016-11-13 03:03:30
C12746,2016-11-13 03:30:23,2016-11-13 03:30:23
C09989,2016-11-13 09:50:51,2016-11-13 09:50:51
C06414,2016-11-13 11:16:31,2016-11-16 12:33:15
C07875,2016-11-13 12:03:22,2016-11-13 12:03:22
C09498,2016-11-13 12:57:05,2016-12-18 04:53:23
C02155,2016-11-13 14:17:11,2016-11-13 14:17:11
C10047,2016-11-13 14:47:13,2016-11-13 14:57:19
C00619,2016-11-13 16:08:38,2016-11-13 16:08:38
C09921,2016-11-13 17:33:34,2016-11-13 17:33:34
C11578,2016-11-13 18:07:00,2016-12-18 20:20:28
C12316,2016-11-13 18:51:49,2016-11-30 17:36:15
C07970,2016-11-13 18:58:32,2016-11-13 18:58:32
C02650,2016-11-13 19:03:05,2016-11-13 19:03:05
C13277,2016-11-13 20:17:16,2016-11-13 20:17:16
C09907,2016-11-13 22:19:47,2016-11-13 22:19:47
C05763,2016-11-13 22:50:46,2016-11-29 01:03:02
C05311,2016-11-13 22:53:15,2016-11-13 22:53:15
C03104,2016-11-13 22:59:55,2016-12-15 02:16:55
C10094,2016-11-13 23:14:41,2016-11-13 23:14:41
C02802,2016-11-14 00:09:36,2016-11-14 00:09:36
C10109,2016-11-14 00:51:35,2016-11-14 00:51:35
C00470,2016-11-14 01:35:48,2016-11-14 01:35:48
C06346,2016-11-14 08:52:25,2016-11-16 03:02:17
C07090,2016-11-14 12:47:00,2016-11-14 12:47:00
C10537,2016-11-14 13:46:53,2016-11-14 13:47:23
C05123,2016-11-14 14:20:48,2016-11-14 14:20:48
C05717,2016-11-14 14:36:29,2016-12-05 02:20:43
C07656,2016-11-14 17:03:50,2016-11-14 17:03:50
C05580,2016-11-14 17:15:00,2016-11-14 17:15:00
C12627,2016-11-14 17:22:06,2016-11-14 17:25:00
C04615,2016-11-14 17:52:56,2016-12-30 19:41:32
C02449,2016-11-14 18:31:34,2016-11-14 21:20:45
C10640,2016-11-14 18:51:19,2016-11-14 18:51:19
C04880,2016-11-14 18:56:01,2016-11-14 18:56:01
C03039,2016-11-14 20:00:00,2016-11-14 20:35:56
C05117,2016-11-14 20:02:54,2016-12-13 13:49:52
C03794,2016-11-14 21:00:02,2016-11-14 21:00:02
C07553,2016-11-14 21:35:46,2016-12-11 12:04:10
C07143,2016-11-14 21:51:42,2016-11-14 21:51:42
C02900,2016-11-14 23:57:19,2016-12-19 22:19:56
C12828,2016-11-15 01:25:41,2016-11-15 01:25:41
C02457,2016-11-15 03:59:44,2016-12-14 18:43:39
C11470,2016-11-15 05:54:48,2016-12-25 22:33:30
C03090,2016-11-15 13:53:52,2016-11-25 17:49:17
C06859,2016-11-15 14:13:32,2016-11-15 14:13:32
C05353,2016-11-15 14:40:25,2016-12-18 00:20:53
C03461,2016-11-15 16:09:22,2016-11-15 16:09:22
C05488,2016-11-15 16:59:05,2016-12-28 19:03:59
C05261,2016-11-15 18:07:18,2016-11-15 18:07:18
C09439,2016-11-15 18:47:36,2016-11-15 18:47:36
C10274,2016-11-15 19:12:41,2016-11-17 23:25:56
C06641,2016-11-15 19:25:41,2016-11-15 19:25:41
C07207,2016-11-15 20:04:25,2016-11-15 20:04:25
C13378,2016-11-15 20:57:42,2016-11-15 20:57:42
C05744,2016-11-15 21:05:54,2016-12-31 22:03:04
C09509,2016-11-15 21:10:03,2016-11-15 21:10:03
C05931,2016-11-15 21:19:29,2016-11-15 21:19:29
C13510,2016-11-15 21:32:50,2016-11-15 21:32:50
C07087,2016-11-15 21:40:44,2016-11-15 21:40:44
C10332,2016-11-15 21:43:29,2016-11-15 21:43:29
C05532,2016-11-15 21:44:27,2016-11-20 12:19:32
C08298,2016-11-15 22:02:27,2016-11-15 22:02:27
C03137,2016-11-15 23:15:37,2016-12-27 11:18:32
C06810,2016-11-15 23:29:00,2016-12-11 19:31:36
C01577,2016-11-16 01:18:21,2016-11-16 01:49:14
C01793,2016-11-16 02:45:22,2016-11-16 02:45:22
C11012,2016-11-16 03:27:45,2016-11-16 03:27:45
C04926,2016-11-16 03:28:40,2016-11-30 22:27:05
C01798,2016-11-16 03:38:48,2016-12-07 14:14:58
C00183,2016-11-16 09:42:48,2016-11-16 09:42:48
C01098,2016-11-16 12:23:20,2016-11-16 12:23:20
C11950,2016-11-16 12:24:35,2016-11-16 12:24:35
C05271,2016-11-16 13:54:37,2016-12-21 15:36:49
C11671,2016-11-16 16:25:35,2016-11-16 16:25:35
C06449,2016-11-16 17:24:14,2016-11-16 17:24:14
C03186,2016-11-16 18:11:15,2016-11-16 18:11:15
C09065,2016-11-16 18:15:35,2016-11-16 18:15:35
C07250,2016-11-16 18:33:10,2016-11-16 18:33:10
C04458,2016-11-16 19:14:04,2016-11-16 19:18:43
C12438,2016-11-16 20:32:44,2016-11-16 20:32:44
C13358,2016-11-16 22:06:05,2016-12-19 15:15:21
C03430,2016-11-16 22:52:41,2016-11-16 22:52:41
C11022,2016-11-16 23:34:24,2016-11-16 23:34:24
C03509,2016-11-17 01:07:39,2016-12-23 21:49:53
C08690,2016-11-17 01:07:41,2016-12-01 21:55:29
C08050,2016-11-17 02:58:53,2016-11-17 02:58:53
C04389,2016-11-17 14:17:30,2016-11-17 14:17:42
C01900,2016-11-17 14:47:56,2016-11-17 14:47:56
C13223,2016-11-17 16:06:02,2016-11-17 16:06:02
C09067,2016-11-17 16:20:54,2016-11-17 16:20:54
C09747,2016-11-17 16:52:00,2016-11-17 16:52:00
C03250,2016-11-17 18:46:43,2016-11-17 18:46:43
C02843,2016-11-17 19:11:45,2016-11-17 19:11:45
C13394,2016-11-17 20:05:35,2016-11-17 20:05:35
C04986,2016-11-17 21:38:17,2016-11-17 21:38:17
C00434,2016-11-17 22:08:18,2016-11-17 22:08:18
C03163,2016-11-17 23:44:49,2016-11-17 23:44:49
C09940,2016-11-17 23:48:33,2016-12-07 10:06:37
C06829,2016-11-17 23:55:02,2016-11-17 23:55:02
C00065,2016-11-18 01:03:49,2016-11-18 01:03:49
C10403,2016-11-18 04:29:51,2016-12-05 00:51:50
C08599,2016-11-18 06:33:45,2016-11-18 06:33:45
C01484,2016-11-18 12:32:59,2016-11-18 12:32:59
C09086,2016-11-18 14:12:54,2016-11-18 14:12:54
C08253,2016-11-18 14:36:38,2016-11-18 14:54:33
C09845,2016-11-18 15:17:02,2016-11-18 15:17:02
C05333,2016-11-18 15:32:09,2016-11-18 15:32:09
C09865,2016-11-18 18:06:46,2016-12-16 22:57:02
C08182,2016-11-18 19:42:24,2016-11-18 19:42:24
C05134,2016-11-18 19:44:56,2016-11-18 19:44:56
C01503,2016-11-18 19:45:18,2016-12-19 03:00:11
C07409,2016-11-18 20:51:24,2016-12-24 21:18:35
C08201,2016-11-18 22:24:14,2016-11-18 22:24:14
C09450,2016-11-18 22:30:01,2016-11-29 16:16:32
C11119,2016-11-18 23:22:21,2016-11-18 23:22:21
C06347,2016-11-18 23:46:20,2016-11-18 23:46:20
C11223,2016-11-19 00:49:49,2016-12-05 12:21:23
C08370,2016-11-19 01:01:00,2016-12-01 21:17:33
C00321,2016-11-19 01:08:31,2016-11-19 01:08:31
C00387,2016-11-19 01:12:43,2016-11-19 01:12:43
C00003,2016-11-19 01:25:05,2016-11-19 01:25:05
C13322,2016-11-19 01:34:53,2016-11-19 01:34:53
C08676,2016-11-19 02:13:05,2016-11-20 01:46:28
C10260,2016-11-19 03:38:43,2016-11-19 03:38:43
C13066,2016-11-19 04:18:54,2016-11-19 04:36:57
C05059,2016-11-19 11:21:07,2016-11-27 03:14:51
C08933,2016-11-19 13:03:14,2016-12-06 21:05:26
C05599,2016-11-19 13:43:22,2016-11-19 13:43:22
C05357,2016-11-19 14:25:51,2016-11-19 14:26:58
C09726,2016-11-19 14:51:40,2016-12-29 02:41:04
C07599,2016-11-19 15:58:09,2016-12-17 21:05:55
C10351,2016-11-19 16:04:39,2016-11-19 16:04:39
C09213,2016-11-19 16:10:28,2016-11-19 16:10:28
C11046,2016-11-19 16:44:13,2016-11-19 16:44:13
C12490,2016-11-19 20:26:50,2016-11-19 20:30:13
C08295,2016-11-19 21:22:05,2016-12-15 13:30:34
C13135,2016-11-19 21:35:01,2016-12-22 16:07:51
C12078,2016-11-19 22:31:26,2016-11-20 19:17:16
C02678,2016-11-19 23:42:05,2016-11-19 23:42:05
C13455,2016-11-19 23:48:54,2016-11-19 23:48:54
C03855,2016-11-19 23:52:19,2016-11-19 23:52:19
C09175,2016-11-20 00:50:04,2016-11-20 00:50:04
C13154,2016-11-20 01:09:24,2016-12-22 01:52:31
C01806,2016-11-20 03:00:39,2016-11-20 03:08:12
C06395,2016-11-20 04:09:14,2016-11-23 17:22:10
C01478,2016-11-20 13:39:07,2016-11-20 13:39:07
C05227,2016-11-20 13:44:33,2016-11-20 13:44:33
C10043,2016-11-20 13:48:41,2016-11-26 02:52:41
C09904,2016-11-20 14:47:08,2016-11-20 21:06:28
C12647,2016-11-20 14:55:13,2016-11-20 14:55:13
C00401,2016-11-20 14:55:41,2016-11-20 14:55:41
C10410,2016-11-20 15:00:12,2016-11-30 03:07:13
C12335,2016-11-20 15:29:22,2016-12-21 23:46:09
C13544,2016-11-20 15:52:12,2016-11-20 15:52:12
C01213,2016-11-20 16:29:47,2016-11-20 16:29:47
C01354,2016-11-20 16:29:52,2016-12-03 03:23:56
C07758,2016-11-20 16:51:59,2016-11-20 16:51:59
C11435,2016-11-20 16:58:00,2016-11-20 17:02:08
C11317,2016-11-20 18:10:49,2016-12-10 00:31:52
C09518,2016-11-20 19:08:09,2016-11-20 19:08:09
C06774,2016-11-20 19:18:53,2016-11-24 21:00:03
C06217,2016-11-20 19:29:01,2016-11-20 19:29:01
C03748,2016-11-20 19:34:33,2016-11-20 19:34:33
C07846,2016-11-20 20:02:26,2016-12-24 15:24:10
C07580,2016-11-20 20:35:10,2016-11-20 20:35:10
C00862,2016-11-20 20:42:50,2016-11-20 20:42:50
C00275,2016-11-20 21:08:11,2016-11-20 21:08:11
C02527,2016-11-20 21:31:04,2016-12-11 15:59:35
C09472,2016-11-20 21:46:11,2016-11-20 21:46:11
C05557,2016-11-20 23:28:43,2016-11-20 23:28:43
C01677,2016-11-20 23:57:36,2016-11-20 23:57:36
C04994,2016-11-21 00:27:13,2016-11-21 00:27:13
C04908,2016-11-21 01:29:38,2016-11-21 01:29:38
C07425,2016-11-21 01:46:07,2016-11-21 01:46:07
C01592,2016-11-21 15:11:16,2016-11-21 16:21:33
C07769,2016-11-21 15:19:06,2016-11-21 15:19:06
C10272,2016-11-21 15:51:01,2016-11-21 15:51:01
C06626,2016-11-21 16:12:21,2016-11-21 16:12:21
C11706,2016-11-21 17:06:41,2016-12-08 01:53:48
C08265,2016-11-21 18:12:22,2016-11-21 18:12:22
C03038,2016-11-21 18:25:37,2016-11-29 00:14:00
C05909,2016-11-21 21:38:31,2016-11-21 21:38:31
C00503,2016-11-21 22:43:37,2016-11-29 23:47:39
C12521,2016-11-22 02:35:48,2016-11-22 03:05:59
C08809,2016-11-22 03:16:50,2016-11-22 03:16:50
C12224,2016-11-22 03:18:57,2016-11-22 03:28:30
C02647,2016-11-22 09:43:13,2016-11-22 09:43:13
C11193,2016-11-22 12:53:53,2016-11-22 14:41:47
C10427,2016-11-22 14:14:03,2016-11-22 14:14:03
C00423,2016-11-22 15:30:55,2016-11-22 15:30:55
C08805,2016-11-22 16:30:48,2016-11-22 16:30:48
C05186,2016-11-22 17:00:49,2016-11-22 17:00:49
C05190,2016-11-22 17:52:16,2016-11-22 17:52:16
C07375,2016-11-22 18:43:33,2016-12-10 23:26:12
C09898,2016-11-22 18:58:04,2016-11-22 18:58:04
C06661,2016-11-22 19:35:42,2016-11-28 22:43:41
C00687,2016-11-22 19:41:07,2016-11-22 19:41:07
C12433,2016-11-22 20:04:44,2016-11-22 20:04:44
C01557,2016-11-22 20:28:11,2016-11-22 20:28:11
C03262,2016-11-22 20:56:16,2016-11-22 20:56:16
C00028,2016-11-22 21:22:00,2016-11-22 21:22:00
C08919,2016-11-22 22:53:46,2016-11-22 22:53:46
C08736,2016-11-22 23:27:20,2016-11-22 23:27:20
C04047,2016-11-23 00:45:01,2016-12-31 21:02:06
C06861,2016-11-23 04:43:50,2016-11-23 04:43:50
C09812,2016-11-23 12:32:53,2016-11-27 20:13:57
C04504,2016-11-23 12:49:12,2016-11-23 12:49:12
C05262,2016-11-23 13:28:00,2016-11-23 13:45:55
C01215,2016-11-23 13:52:54,2016-11-23 14:07:16
C01427,2016-11-23 16:08:53,2016-11-23 16:08:53
C11672,2016-11-23 16:12:38,2016-11-23 16:12:38
C12643,2016-11-23 17:32:06,2016-11-23 17:32:06
C08071,2016-11-23 18:28:33,2016-11-23 18:28:33
C12749,2016-11-23 19:48:57,2016-12-26 23:13:49
C06158,2016-11-23 19:49:43,2016-11-23 19:49:43
C00778,2016-11-23 20:57:41,2016-11-23 20:57:41
C12164,2016-11-23 21:21:59,2016-11-24 23:44:13
C08048,2016-11-23 21:49:09,2016-11-23 21:49:09
C00133,2016-11-23 22:01:40,2016-11-23 22:01:40
C13261,2016-11-23 22:10:28,2016-11-23 22:10:28
C00339,2016-11-23 22:15:07,2016-11-23 22:15:07
C06622,2016-11-24 00:29:27,2016-11-24 00:29:27
C07442,2016-11-24 01:10:29,2016-11-24 01:10:29
C06685,2016-11-24 01:59:24,2016-11-24 01:59:24
C10141,2016-11-24 05:08:19,2016-11-24 05:08:19
C11587,2016-11-24 05:31:56,2016-11-24 05:31:56
C06304,2016-11-24 12:42:47,2016-11-24 12:42:47
C08411,2016-11-24 14:36:49,2016-11-24 14:36:49
C13257,2016-11-24 15:40:33,2016-11-24 15:40:33
C00872,2016-11-24 15:48:35,2016-12-27 14:18:41
C10017,2016-11-24 16:00:09,2016-11-24 16:00:09
C12019,2016-11-24 16:53:15,2016-11-24 16:53:15
C08357,2016-11-24 17:32:07,2016-11-24 17:32:07
C08650,2016-11-24 18:03:15,2016-11-24 18:20:47
C03379,2016-11-24 18:40:47,2016-11-24 18:40:47
C02469,2016-11-24 18:56:18,2016-11-24 18:56:18
C05371,2016-11-24 19:12:14,2016-11-24 19:12:14
C06152,2016-11-24 19:14:00,2016-11-24 19:14:00
C03120,2016-11-24 19:20:49,2016-11-24 19:20:49
C00166,2016-11-24 19:50:46,2016-11-24 19:50:46
C09452,2016-11-24 20:32:33,2016-12-17 15:53:02
C03286,2016-11-24 21:40:30,2016-11-24 21:40:30
C13286,2016-11-24 21:42:52,2016-12-10 17:57:43
C04949,2016-11-24 22:12:13,2016-11-24 22:12:13
C09778,2016-11-24 22:47:41,2016-11-24 22:47:41
C06939,2016-11-24 22:48:24,2016-12-26 17:09:20
C07494,2016-11-25 00:19:48,2016-11-25 00:19:48
C01124,2016-11-25 00:56:18,2016-11-25 00:56:18
C04643,2016-11-25 03:42:37,2016-11-25 03:42:37
C03861,2016-11-25 14:16:28,2016-11-25 14:16:28
C07465,2016-11-25 16:16:18,2016-11-25 16:16:18
C11043,2016-11-25 19:01:39,2016-11-25 19:01:39
C09201,2016-11-25 19:17:02,2016-12-22 14:48:03
C09360,2016-11-25 19:45:17,2016-11-25 19:45:17
C11467,2016-11-25 19:49:22,2016-11-25 19:49:22
C05823,2016-11-25 19:56:09,2016-11-25 19:56:09
C09463,2016-11-25 19:58:58,2016-11-25 19:58:58
C11401,2016-11-25 20:12:50,2016-12-21 00:27:14
C13459,2016-11-25 20:18:24,2016-11-25 20:18:24
C00562,2016-11-25 21:14:00,2016-11-25 21:14:00
C00358,2016-11-25 23:54:39,2016-11-25 23:54:39
C08157,2016-11-26 02:07:20,2016-11-26 02:07:20
C05089,2016-11-26 02:59:06,2016-11-26 02:59:06
C08518,2016-11-26 03:34:20,2016-11-26 03:34:20
C11593,2016-11-26 03:41:45,2016-11-26 03:41:45
C03281,2016-11-26 11:50:03,2016-11-26 11:50:03
C03373,2016-11-26 11:58:31,2016-11-26 12:17:14
C13063,2016-11-26 13:11:33,2016-12-26 21:36:22
C11310,2016-11-26 14:38:58,2016-12-21 16:15:42
C04049,2016-11-26 15:04:37,2016-11-26 15:04:37
C08580,2016-11-26 16:24:57,2016-11-26 16:24:57
C07533,2016-11-26 16:56:03,2016-11-26 17:05:58
C04745,2016-11-26 18:06:54,2016-11-26 18:06:54
C09789,2016-11-26 18:56:17,2016-12-31 17:10:29
C02712,2016-11-26 20:41:44,2016-11-26 20:41:44
C01573,2016-11-26 21:17:39,2016-11-26 21:17:39
C07438,2016-11-26 21:37:34,2016-11-26 21:37:34
C11387,2016-11-26 22:49:52,2016-12-05 22:22:19
C10464,2016-11-26 23:33:27,2016-11-26 23:33:27
C12567,2016-11-27 01:15:35,2016-11-27 01:15:35
C12721,2016-11-27 01:21:39,2016-12-31 22:45:28
C06666,2016-11-27 01:34:42,2016-11-27 01:34:42
C11598,2016-11-27 02:22:19,2016-12-05 22:56:27
C04113,2016-11-27 13:24:16,2016-11-27 13:24:16
C01419,2016-11-27 13:30:22,2016-11-27 13:30:22
C10688,2016-11-27 18:08:24,2016-11-27 18:08:24
C05886,2016-11-27 20:11:26,2016-11-27 20:11:26
C06523,2016-11-27 21:23:45,2016-11-27 21:23:45
C01602,2016-11-27 23:08:38,2016-11-27 23:08:38
C08948,2016-11-27 23:10:13,2016-11-27 23:17:43
C06957,2016-11-27 23:42:52,2016-12-15 18:27:28
C08132,2016-11-28 00:12:16,2016-11-28 00:12:16
C02953,2016-11-28 01:44:09,2016-11-28 01:44:09
C06747,2016-11-28 13:24:26,2016-11-28 13:24:26
C01360,2016-11-28 15:37:33,2016-11-28 15:37:33
C01951,2016-11-28 17:03:38,2016-11-28 17:03:38
C07930,2016-11-28 18:44:38,2016-12-30 23:56:07
C08539,2016-11-28 18:53:24,2016-11-30 14:17:47
C11626,2016-11-28 19:56:30,2016-12-11 01:37:52
C08554,2016-11-28 20:19:50,2016-11-28 20:19:50
C10694,2016-11-28 21:08:47,2016-11-28 21:08:47
C06634,2016-11-28 22:08:15,2016-11-28 22:08:15
C13519,2016-11-28 22:15:53,2016-11-28 22:15:53
C01697,2016-11-28 23:12:51,2016-12-27 16:55:36
C08365,2016-11-29 00:59:13,2016-12-08 23:27:49
C01476,2016-11-29 01:50:43,2016-11-29 01:50:43
C05510,2016-11-29 02:21:21,2016-12-04 21:49:10
C04685,2016-11-29 03:08:59,2016-12-09 17:20:31
C05964,2016-11-29 03:59:54,2016-11-29 03:59:54
C10228,2016-11-29 04:14:29,2016-11-29 04:14:29
C11376,2016-11-29 12:39:41,2016-11-29 12:39:41
C05675,2016-11-29 13:26:47,2016-11-29 13:26:47
C05928,2016-11-29 13:29:13,2016-11-29 13:29:13
C13097,2016-11-29 14:21:31,2016-11-29 14:21:31
C13299,2016-11-29 15:17:11,2016-12-24 15:11:04
C10231,2016-11-29 18:36:59,2016-11-29 18:36:59
C11817,2016-11-29 18:55:35,2016-11-29 18:55:35
C00363,2016-11-29 21:17:54,2016-12-23 22:08:48
C02518,2016-11-29 22:40:05,2016-11-29 22:40:05
C09772,2016-11-29 23:21:06,2016-12-16 21:04:48
C08530,2016-11-30 00:35:00,2016-11-30 00:39:09
C05919,2016-11-30 00:46:28,2016-11-30 00:46:28
C01150,2016-11-30 02:34:09,2016-12-13 01:43:46
C05462,2016-11-30 02:38:47,2016-12-03 20:36:21
C07516,2016-11-30 04:56:33,2016-12-25 13:32:58
C01125,2016-11-30 09:06:32,2016-12-22 22:24:33
C02083,2016-11-30 12:11:15,2016-12-27 23:44:20
C13377,2016-11-30 12:38:11,2016-11-30 12:38:11
C02994,2016-11-30 13:21:03,2016-11-30 13:21:03
C11057,2016-11-30 13:54:35,2016-11-30 13:54:35
C10172,2016-11-30 14:57:22,2016-11-30 14:57:22
C04564,2016-11-30 15:16:35,2016-11-30 15:16:35
C07325,2016-11-30 15:25:50,2016-12-01 15:27:56
C08721,2016-11-30 15:43:31,2016-11-30 15:43:31
C11081,2016-11-30 15:59:40,2016-12-01 00:13:48
C04479,2016-11-30 16:35:51,2016-11-30 16:35:51
C04897,2016-11-30 17:40:05,2016-11-30 17:40:05
C10479,2016-11-30 18:11:35,2016-11-30 18:11:35
C06959,2016-11-30 19:38:22,2016-11-30 19:38:22
C07284,2016-11-30 19:39:57,2016-11-30 19:39:57
C10613,2016-11-30 20:09:18,2016-12-26 00:00:14
C01441,2016-11-30 20:40:53,2016-11-30 20:40:53
C01655,2016-11-30 20:46:28,2016-11-30 20:58:24
C00760,2016-11-30 22:45:04,2016-12-18 17:28:30
C09751,2016-11-30 23:10:17,2016-11-30 23:10:17
C08942,2016-11-30 23:41:50,2016-12-20 19:30:55
C12148,2016-12-01 00:41:07,2016-12-01 00:41:07
C07719,2016-12-01 01:31:23,2016-12-03 03:36:41
C06410,2016-12-01 02:28:51,2016-12-12 03:28:44
C02906,2016-12-01 12:28:47,2016-12-01 14:59:36
C00616,2016-12-01 13:28:08,2016-12-01 13:28:08
C12612,2016-12-01 13:39:54,2016-12-02 18:12:12
C04191,2016-12-01 14:13:16,2016-12-01 14:13:16
C10796,2016-12-01 15:06:52,2016-12-01 15:06:52
C02563,2016-12-01 15:10:59,2016-12-01 15:10:59
C03497,2016-12-01 15:15:44,2016-12-01 15:15:44
C05515,2016-12-01 15:19:35,2016-12-23 10:11:55
C06727,2016-12-01 16:48:01,2016-12-01 16:48:01
C00793,2016-12-01 17:21:28,2016-12-01 17:21:28
C03006,2016-12-01 17:24:39,2016-12-01 17:24:39
C02507,2016-12-01 18:12:35,2016-12-05 12:37:19
C10901,2016-12-01 20:04:55,2016-12-01 20:04:55
C01103,2016-12-01 21:05:16,2016-12-01 21:05:16
C13089,2016-12-01 21:26:16,2016-12-01 21:26:16
C02998,2016-12-01 21:28:54,2016-12-01 21:28:54
C09634,2016-12-01 22:49:10,2016-12-01 22:49:10
C10108,2016-12-02 00:13:58,2016-12-02 00:13:58
C11639,2016-12-02 01:06:22,2016-12-18 01:30:39
C01642,2016-12-02 04:35:07,2016-12-02 04:35:07
C09226,2016-12-02 07:42:52,2016-12-02 07:42:52
C01234,2016-12-02 12:48:35,2016-12-02 12:55:04
C00220,2016-12-02 15:56:03,2016-12-02 16:20:30
C06736,2016-12-02 16:16:37,2016-12-03 03:43:53
C12404,2016-12-02 16:16:53,2016-12-07 18:24:48
C06688,2016-12-02 16:19:19,2016-12-02 16:19:19
C11144,2016-12-02 16:32:57,2016-12-02 16:32:57
C05278,2016-12-02 16:42:44,2016-12-20 14:49:42
C09668,2016-12-02 16:44:15,2016-12-02 16:44:15
C11723,2016-12-02 20:26:14,2016-12-13 17:08:26
C07770,2016-12-02 20:53:41,2016-12-02 20:53:41
C07114,2016-12-02 21:28:07,2016-12-02 21:28:07
C06686,2016-12-02 21:36:53,2016-12-12 17:27:26
C10514,2016-12-02 22:11:31,2016-12-18 14:28:47
C06692,2016-12-02 22:37:58,2016-12-02 22:37:58
C07122,2016-12-03 01:22:24,2016-12-03 01:22:24
C04325,2016-12-03 01:48:20,2016-12-03 01:48:20
C04472,2016-12-03 02:49:19,2016-12-03 02:49:19
C13242,2016-12-03 03:28:42,2016-12-25 00:16:12
C03641,2016-12-03 06:04:57,2016-12-03 06:04:57
C02944,2016-12-03 13:06:13,2016-12-03 13:06:13
C11976,2016-12-03 16:32:48,2016-12-03 16:55:13
C11886,2016-12-03 17:22:55,2016-12-03 17:22:55
C06352,2016-12-03 17:28:12,2016-12-10 01:13:38
C09605,2016-12-03 17:42:23,2016-12-03 17:48:01
C04872,2016-12-03 17:54:01,2016-12-23 23:25:25
C04839,2016-12-03 18:06:06,2016-12-10 23:16:58
C05160,2016-12-03 18:10:13,2016-12-03 18:10:13
C02225,2016-12-03 18:19:49,2016-12-18 02:21:01
C05848,2016-12-03 18:31:26,2016-12-03 18:31:26
C00829,2016-12-03 18:32:34,2016-12-03 18:32:34
C11324,2016-12-03 18:38:30,2016-12-03 18:38:30
C11303,2016-12-03 19:26:28,2016-12-03 20:05:12
C09856,2016-12-03 19:39:55,2016-12-15 22:08:35
C08976,2016-12-03 23:39:58,2016-12-03 23:39:58
C05578,2016-12-04 00:57:11,2016-12-04 00:57:11
C08791,2016-12-04 01:38:59,2016-12-04 01:38:59
C07349,2016-12-04 01:52:39,2016-12-04 01:52:39
C10682,2016-12-04 02:53:50,2016-12-04 02:53:50
C07154,2016-12-04 11:02:40,2016-12-04 11:02:40
C03083,2016-12-04 12:49:43,2016-12-12 17:23:40
C04183,2016-12-04 16:11:07,2016-12-18 20:40:34
C12663,2016-12-04 16:30:46,2016-12-04 16:30:46
C13463,2016-12-04 18:21:09,2016-12-07 19:19:14
C00354,2016-12-04 18:27:46,2016-12-04 18:27:46
C10618,2016-12-04 18:40:51,2016-12-25 03:25:34
C05349,2016-12-04 19:26:20,2016-12-04 19:26:20
C04114,2016-12-04 19:50:56,2016-12-04 19:50:56
C10428,2016-12-04 19:56:01,2016-12-04 19:56:01
C02918,2016-12-04 22:27:00,2016-12-22 15:29:55
C04399,2016-12-04 23:24:56,2016-12-04 23:24:56
C03559,2016-12-05 00:42:32,2016-12-31 15:56:46
C05703,2016-12-05 01:11:40,2016-12-05 01:11:40
C04493,2016-12-05 01:25:06,2016-12-05 01:25:06
C12719,2016-12-05 01:50:44,2016-12-05 01:50:44
C09240,2016-12-05 02:08:20,2016-12-05 02:08:20
C10582,2016-12-05 05:26:17,2016-12-05 05:26:17
C06926,2016-12-05 07:04:17,2016-12-05 07:19:41
C09972,2016-12-05 11:49:28,2016-12-12 21:17:13
C04192,2016-12-05 13:34:25,2016-12-11 20:39:36
C09332,2016-12-05 13:51:44,2016-12-05 13:57:37
C02005,2016-12-05 15:44:11,2016-12-06 23:28:07
C05005,2016-12-05 16:22:25,2016-12-11 22:18:06
C00921,2016-12-05 17:47:52,2016-12-05 17:47:52
C11454,2016-12-05 18:17:06,2016-12-05 18:17:06
C04532,2016-12-05 20:44:01,2016-12-05 20:44:01
C10731,2016-12-05 21:08:48,2016-12-05 21:08:48
C08212,2016-12-05 21:29:00,2016-12-05 21:54:53
C03097,2016-12-05 21:30:14,2016-12-05 21:30:14
C00757,2016-12-05 21:33:56,2016-12-24 19:35:19
C07382,2016-12-05 21:51:39,2016-12-05 21:51:39
C11742,2016-12-05 22:25:18,2016-12-18 00:18:43
C11417,2016-12-05 23:02:01,2016-12-05 23:02:01
C03868,2016-12-05 23:03:22,2016-12-05 23:03:22
C01675,2016-12-05 23:08:12,2016-12-05 23:08:12
C07512,2016-12-05 23:18:20,2016-12-05 23:18:20
C08191,2016-12-06 01:28:01,2016-12-06 01:28:01
C12455,2016-12-06 01:58:00,2016-12-06 01:58:00
C02260,2016-12-06 14:27:02,2016-12-06 14:27:02
C09732,2016-12-06 14:40:31,2016-12-06 14:40:31
C10449,2016-12-06 15:22:02,2016-12-15 21:41:46
C06970,2016-12-06 16:44:51,2016-12-06 16:44:51
C11990,2016-12-06 16:52:00,2016-12-06 16:52:00
C01508,2016-12-06 17:15:01,2016-12-06 19:00:34
C10666,2016-12-06 17:27:06,2016-12-06 17:27:06
C04365,2016-12-06 17:40:43,2016-12-06 17:40:43
C02428,2016-12-06 17:42:05,2016-12-06 17:42:05
C05256,2016-12-06 18:16:03,2016-12-06 18:16:03
C12698,2016-12-06 19:11:00,2016-12-06 19:11:00
C08544,2016-12-06 19:11:19,2016-12-06 19:11:19
C02698,2016-12-06 19:41:01,2016-12-06 19:41:01
C09808,2016-12-06 19:49:02,2016-12-06 19:49:02
C10973,2016-12-06 20:19:16,2016-12-06 20:19:16
C13141,2016-12-06 22:16:31,2016-12-06 22:16:31
C11556,2016-12-06 22:55:41,2016-12-25 13:50:17
C07063,2016-12-06 23:14:30,2016-12-06 23:14:30
C11971,2016-12-07 00:25:01,2016-12-07 00:52:27
C10708,2016-12-07 01:05:57,2016-12-07 01:05:57
C08126,2016-12-07 02:59:36,2016-12-07 02:59:36
C01298,2016-12-07 10:21:04,2016-12-07 10:21:04
C04090,2016-12-07 11:18:15,2016-12-07 11:18:15
C09892,2016-12-07 13:45:31,2016-12-07 13:45:31
C03820,2016-12-07 13:56:30,2016-12-07 14:08:04
C07636,2016-12-07 14:30:43,2016-12-29 18:11:16
C10454,2016-12-07 14:46:42,2016-12-07 14:46:42
C01781,2016-12-07 15:05:01,2016-12-18 02:13:06
C00126,2016-12-07 15:08:51,2016-12-07 15:08:51
C02787,2016-12-07 15:12:48,2016-12-16 00:26:41
C11116,2016-12-07 16:16:33,2016-12-26 17:42:27
C09162,2016-12-07 17:14:30,2016-12-07 17:14:30
C07139,2016-12-07 17:16:49,2016-12-07 17:16:49
C00009,2016-12-07 17:48:08,2016-12-07 17:48:08
C10031,2016-12-07 18:46:28,2016-12-07 18:46:28
C07960,2016-12-07 20:12:35,2016-12-07 20:12:35
C12337,2016-12-07 20:41:46,2016-12-07 20:41:46
C00425,2016-12-07 21:31:01,2016-12-07 21:31:01
C05758,2016-12-07 21:34:52,2016-12-07 21:34:52
C01891,2016-12-07 21:41:17,2016-12-07 21:41:17
C06386,2016-12-07 21:50:39,2016-12-07 21:53:25
C06993,2016-12-07 22:25:15,2016-12-07 22:25:15
C11774,2016-12-08 00:14:10,2016-12-08 00:14:10
C13258,2016-12-08 00:14:19,2016-12-08 00:14:19
C09985,2016-12-08 00:45:12,2016-12-08 00:57:28
C06867,2016-12-08 03:24:44,2016-12-08 03:24:44
C01916,2016-12-08 03:58:44,2016-12-08 03:58:44
C07032,2016-12-08 12:04:14,2016-12-08 12:04:14
C05027,2016-12-08 13:55:10,2016-12-08 13:55:10
C12511,2016-12-08 14:18:09,2016-12-08 14:18:09
C01284,2016-12-08 14:45:16,2016-12-12 01:48:42
C00523,2016-12-08 14:50:47,2016-12-08 14:50:47
C09945,2016-12-08 15:00:45,2016-12-08 15:00:45
C10216,2016-12-08 15:07:13,2016-12-08 15:07:13
C02538,2016-12-08 15:14:40,2016-12-08 15:25:39
C09455,2016-12-08 15:25:17,2016-12-08 15:25:17
C05316,2016-12-08 15:45:28,2016-12-08 15:45:28
C12756,2016-12-08 17:19:12,2016-12-08 17:19:12
C01240,2016-12-08 17:39:35,2016-12-08 17:39:35
C13484,2016-12-08 18:26:00,2016-12-08 18:26:00
C08907,2016-12-08 19:09:52,2016-12-08 19:09:52
C13059,2016-12-08 19:44:01,2016-12-08 19:44:01
C11079,2016-12-08 20:10:00,2016-12-08 20:10:00
C00934,2016-12-08 21:21:17,2016-12-08 23:21:07
C08783,2016-12-08 21:30:21,2016-12-08 21:30:21
C10591,2016-12-08 21:51:23,2016-12-08 21:51:23
C13216,2016-12-08 22:13:53,2016-12-08 22:13:53
C07937,2016-12-08 22:35:09,2016-12-18 23:14:13
C06675,2016-12-08 22:37:06,2016-12-08 22:37:06
C03058,2016-12-09 00:06:56,2016-12-26 02:00:46
C07211,2016-12-09 00:07:41,2016-12-09 00:07:41
C04447,2016-12-09 00:16:55,2016-12-09 00:23:50
C09376,2016-12-09 02:28:23,2016-12-09 02:28:23
C08573,2016-12-09 03:13:23,2016-12-09 03:13:23
C00041,2016-12-09 04:12:23,2016-12-09 04:12:23
C07042,2016-12-09 09:48:37,2016-12-09 09:48:37
C06480,2016-12-09 13:46:06,2016-12-09 13:46:06
C01081,2016-12-09 13:48:51,2016-12-09 13:48:51
C06860,2016-12-09 13:51:09,2016-12-09 13:51:09
C05688,2016-12-09 15:15:37,2016-12-09 15:15:37
C10791,2016-12-09 17:02:54,2016-12-11 21:15:19
C01960,2016-12-09 17:36:08,2016-12-09 17:36:08
C11167,2016-12-09 17:43:29,2016-12-09 17:43:29
C01741,2016-12-09 20:38:34,2016-12-09 20:38:34
C06504,2016-12-09 21:19:20,2016-12-09 21:19:20
C03835,2016-12-09 22:08:51,2016-12-09 22:08:51
C10192,2016-12-09 22:26:14,2016-12-10 16:34:11
C08249,2016-12-09 23:27:05,2016-12-18 23:54:30
C03726,2016-12-10 00:01:19,2016-12-19 17:33:18
C07019,2016-12-10 03:55:38,2016-12-10 03:55:38
C08705,2016-12-10 04:10:18,2016-12-24 12:51:11
C09580,2016-12-10 12:01:33,2016-12-10 12:01:33
C10039,2016-12-10 14:43:31,2016-12-10 14:43:31
C04445,2016-12-10 15:04:57,2016-12-10 15:04:57
C01088,2016-12-10 15:08:25,2016-12-23 22:58:30
C08682,2016-12-10 15:11:55,2016-12-10 15:35:43
C00303,2016-12-10 15:51:13,2016-12-15 22:07:57
C00085,2016-12-10 16:04:17,2016-12-18 21:05:53
C00206,2016-12-10 17:19:40,2016-12-10 17:19:40
C13294,2016-12-10 17:50:21,2016-12-10 17:50:21
C13198,2016-12-10 17:53:57,2016-12-10 17:53:57
C02416,2016-12-10 18:11:14,2016-12-10 18:11:14
C06483,2016-12-10 18:38:51,2016-12-10 18:38:51
C08704,2016-12-10 19:31:22,2016-12-10 19:31:22
C00811,2016-12-10 19:55:25,2016-12-10 19:55:25
C00920,2016-12-10 20:02:13,2016-12-10 20:02:13
C08060,2016-12-10 20:52:12,2016-12-10 20:52:12
C11017,2016-12-10 21:22:32,2016-12-16 21:36:33
C03081,2016-12-10 21:37:15,2016-12-10 21:37:15
C04385,2016-12-10 22:17:27,2016-12-10 22:17:27
C09482,2016-12-11 00:11:42,2016-12-11 00:18:33
C06920,2016-12-11 00:37:50,2016-12-11 00:37:50
C01395,2016-12-11 01:01:23,2016-12-11 01:01:23
C07543,2016-12-11 02:56:03,2016-12-11 02:56:03
C08729,2016-12-11 04:24:00,2016-12-21 20:24:17
C01262,2016-12-11 14:13:05,2016-12-11 14:13:05
C06856,2016-12-11 16:02:39,2016-12-11 16:02:39
C09522,2016-12-11 17:14:10,2016-12-15 14:31:29
C13102,2016-12-11 17:29:01,2016-12-11 17:29:01
C00607,2016-12-11 18:44:11,2016-12-11 18:44:11
C13156,2016-12-11 19:28:58,2016-12-11 19:28:58
C09069,2016-12-11 20:22:03,2016-12-11 20:37:11
C02631,2016-12-11 20:28:22,2016-12-11 20:28:22
C00014,2016-12-11 20:42:55,2016-12-11 20:42:55
C03526,2016-12-11 22:29:45,2016-12-11 22:29:45
C05364,2016-12-11 22:53:21,2016-12-11 22:53:21
C04678,2016-12-11 23:16:40,2016-12-11 23:16:40
C04476,2016-12-12 02:40:50,2016-12-17 06:01:46
C11326,2016-12-12 02:56:31,2016-12-12 02:56:31
C00215,2016-12-12 08:42:04,2016-12-12 11:20:20
C07491,2016-12-12 13:30:10,2016-12-28 00:10:30
C10909,2016-12-12 13:33:43,2016-12-16 01:25:19
C00608,2016-12-12 14:16:36,2016-12-12 14:16:36
C03581,2016-12-12 14:22:46,2016-12-12 14:22:46
C00597,2016-12-12 16:59:26,2016-12-12 16:59:26
C08967,2016-12-12 17:18:32,2016-12-12 17:46:11
C12816,2016-12-12 17:29:23,2016-12-12 17:29:23
C10711,2016-12-12 19:14:30,2016-12-12 19:14:30
C03582,2016-12-12 21:04:45,2016-12-12 21:04:45
C10600,2016-12-12 22:21:50,2016-12-12 22:21:50
C04091,2016-12-12 23:26:45,2016-12-12 23:26:45
C12113,2016-12-13 00:35:14,2016-12-13 00:35:14
C05864,2016-12-13 00:53:08,2016-12-13 00:53:08
C02462,2016-12-13 01:44:58,2016-12-13 01:44:58
C09340,2016-12-13 01:49:34,2016-12-13 01:49:34
C05569,2016-12-13 02:47:44,2016-12-21 03:37:21
C04232,2016-12-13 02:50:58,2016-12-13 02:50:58
C01199,2016-12-13 03:11:34,2016-12-13 03:28:01
C05093,2016-12-13 03:52:56,2016-12-13 03:52:56
C02898,2016-12-13 04:01:27,2016-12-13 04:01:27
C09632,2016-12-13 04:18:29,2016-12-13 04:18:29
C02520,2016-12-13 07:06:34,2016-12-13 07:06:34
C09383,2016-12-13 12:15:20,2016-12-13 12:15:20
C05481,2016-12-13 13:26:42,2016-12-13 13:26:42
C05518,2016-12-13 13:28:57,2016-12-13 13:28:57
C09620,2016-12-13 13:59:55,2016-12-13 13:59:55
C10473,2016-12-13 14:17:36,2016-12-13 14:17:36
C09441,2016-12-13 15:05:56,2016-12-13 15:05:56
C05501,2016-12-13 15:24:58,2016-12-13 15:24:58
C07392,2016-12-13 16:38:54,2016-12-13 16:38:54
C04976,2016-12-13 17:33:10,2016-12-13 17:33:10
C10136,2016-12-13 18:34:29,2016-12-13 18:36:01
C02496,2016-12-13 18:47:30,2016-12-13 18:47:30
C00843,2016-12-13 19:29:46,2016-12-13 19:41:38
C03314,2016-12-13 20:41:08,2016-12-15 00:18:07
C00007,2016-12-13 20:59:49,2016-12-13 20:59:49
C05442,2016-12-13 21:26:12,2016-12-13 21:26:12
C05656,2016-12-13 22:42:33,2016-12-28 19:01:18
C00234,2016-12-14 00:03:36,2016-12-14 00:03:36
C13421,2016-12-14 00:29:30,2016-12-14 00:29:30
C03815,2016-12-14 00:53:20,2016-12-14 00:53:20
C01670,2016-12-14 00:54:11,2016-12-14 00:55:52
C08308,2016-12-14 01:40:30,2016-12-14 01:40:30
C04846,2016-12-14 02:20:38,2016-12-14 02:20:38
C09189,2016-12-14 04:14:34,2016-12-14 04:14:34
C11956,2016-12-14 09:18:36,2016-12-14 09:18:36
C04945,2016-12-14 10:09:14,2016-12-14 10:09:14
C10704,2016-12-14 11:15:22,2016-12-16 14:56:44
C03745,2016-12-14 12:30:58,2016-12-14 12:30:58
C12892,2016-12-14 13:33:29,2016-12-14 13:33:29
C08318,2016-12-14 13:41:14,2016-12-14 13:41:14
C09413,2016-12-14 14:15:03,2016-12-14 14:15:03
C09371,2016-12-14 15:04:32,2016-12-14 15:04:32
C04179,2016-12-14 15:38:23,2016-12-14 15:38:23
C08480,2016-12-14 16:14:41,2016-12-14 16:14:41
C10680,2016-12-14 16:32:29,2016-12-14 16:32:29
C03402,2016-12-14 17:16:28,2016-12-19 00:40:15
C10729,2016-12-14 17:23:16,2016-12-14 17:23:16
C01294,2016-12-14 17:25:33,2016-12-31 19:13:04
C02934,2016-12-14 17:45:52,2016-12-14 17:45:52
C10876,2016-12-14 18:38:26,2016-12-14 18:38:26
C04094,2016-12-14 19:11:20,2016-12-14 19:21:48
C00574,2016-12-14 19:17:48,2016-12-14 19:17:48
C04011,2016-12-14 19:55:56,2016-12-14 19:55:56
C04198,2016-12-14 21:28:02,2016-12-14 21:28:02
C13166,2016-12-14 21:38:02,2016-12-14 21:38:02
C07181,2016-12-14 21:56:55,2016-12-14 21:56:55
C05765,2016-12-14 22:42:37,2016-12-14 22:42:37
C02120,2016-12-14 22:46:46,2016-12-30 10:04:33
C12657,2016-12-14 22:54:33,2016-12-14 22:54:55
C13282,2016-12-14 23:05:54,2016-12-14 23:05:54
C08000,2016-12-14 23:33:29,2016-12-14 23:33:29
C03172,2016-12-14 23:48:08,2016-12-16 15:15:31
C02241,2016-12-14 23:51:08,2016-12-14 23:51:08
C06062,2016-12-15 00:30:24,2016-12-15 00:30:24
C01824,2016-12-15 00:40:19,2016-12-15 00:40:19
C02878,2016-12-15 00:40:48,2016-12-15 00:40:48
C05217,2016-12-15 02:19:32,2016-12-15 02:19:32
C11074,2016-12-15 03:40:24,2016-12-15 03:40:24
C00062,2016-12-15 03:44:57,2016-12-15 03:44:57
C02610,2016-12-15 04:05:22,2016-12-15 04:05:22
C08431,2016-12-15 12:00:53,2016-12-15 12:00:53
C09731,2016-12-15 14:47:05,2016-12-15 14:47:05
C08983,2016-12-15 15:41:02,2016-12-17 20:50:46
C04653,2016-12-15 16:36:46,2016-12-25 15:27:50
C05375,2016-12-15 17:03:04,2016-12-30 21:14:03
C07786,2016-12-15 17:37:13,2016-12-15 17:37:13
C11481,2016-12-15 18:16:19,2016-12-15 18:16:19
C07527,2016-12-15 18:21:42,2016-12-15 18:21:42
C03425,2016-12-15 18:44:04,2016-12-15 18:44:04
C02926,2016-12-15 19:12:51,2016-12-15 20:52:24
C10739,2016-12-15 21:11:31,2016-12-15 21:11:31
C11283,2016-12-15 22:13:32,2016-12-15 22:13:32
C01835,2016-12-16 01:15:42,2016-12-16 01:15:42
C07923,2016-12-16 01:52:52,2016-12-16 15:50:32
C11383,2016-12-16 05:48:00,2016-12-16 05:48:00
C04706,2016-12-16 09:36:47,2016-12-16 09:36:47
C01415,2016-12-16 10:48:32,2016-12-16 10:48:32
C06187,2016-12-16 11:47:52,2016-12-23 13:11:40
C05036,2016-12-16 15:56:22,2016-12-16 15:56:22
C11909,2016-12-16 15:58:25,2016-12-16 15:58:25
C09536,2016-12-16 17:26:42,2016-12-16 17:26:42
C03503,2016-12-16 19:46:57,2016-12-16 19:46:57
C06739,2016-12-16 20:18:46,2016-12-16 20:39:10
C08560,2016-12-16 20:57:14,2016-12-16 20:57:14
C03261,2016-12-16 21:09:11,2016-12-16 21:09:11
C12619,2016-12-16 21:12:37,2016-12-16 21:12:37
C08092,2016-12-16 22:16:06,2016-12-16 22:16:06
C08416,2016-12-16 22:16:28,2016-12-16 22:16:28
C03404,2016-12-16 22:16:33,2016-12-16 22:16:33
C11301,2016-12-16 22:25:22,2016-12-19 00:18:57
C04165,2016-12-16 22:31:53,2016-12-16 22:31:53
C07894,2016-12-16 22:36:32,2016-12-23 15:05:04
C11463,2016-12-17 00:17:00,2016-12-17 00:17:00
C12915,2016-12-17 00:25:23,2016-12-17 00:25:23
C04611,2016-12-17 00:50:12,2016-12-19 02:08:51
C01260,2016-12-17 00:52:31,2016-12-17 00:52:31
C01640,2016-12-17 01:15:13,2016-12-17 01:15:13
C06203,2016-12-17 02:37:38,2016-12-24 21:22:49
C03629,2016-12-17 02:40:25,2016-12-17 02:40:25
C02659,2016-12-17 03:02:43,2016-12-17 03:02:43
C00711,2016-12-17 05:25:22,2016-12-17 05:25:22
C03174,2016-12-17 05:29:31,2016-12-17 05:29:31
C10018,2016-12-17 10:40:07,2016-12-17 10:40:07
C05672,2016-12-17 12:44:11,2016-12-31 11:29:21
C06294,2016-12-17 12:48:38,2016-12-17 12:48:38
C00494,2016-12-17 13:38:55,2016-12-17 13:38:55
C04914,2016-12-17 14:58:32,2016-12-17 14:58:32
C07808,2016-12-17 15:09:39,2016-12-17 15:09:39
C12849,2016-12-17 15:11:27,2016-12-17 15:11:27
C03016,2016-12-17 15:49:05,2016-12-17 15:49:05
C04057,2016-12-17 17:14:24,2016-12-17 17:33:09
C02680,2016-12-17 17:15:44,2016-12-17 17:15:44
C01626,2016-12-17 17:20:55,2016-12-17 17:20:55
C08810,2016-12-17 17:27:59,2016-12-18 15:28:38
C08567,2016-12-17 17:57:32,2016-12-19 23:05:05
C05615,2016-12-17 21:23:55,2016-12-17 21:23:55
C02874,2016-12-17 22:28:12,2016-12-17 22:28:12
C03287,2016-12-17 22:44:46,2016-12-21 21:19:37
C02630,2016-12-18 01:51:15,2016-12-18 01:51:15
C00753,2016-12-18 02:44:06,2016-12-18 02:44:06
C00668,2016-12-18 06:14:55,2016-12-18 06:14:55
C02896,2016-12-18 12:50:47,2016-12-29 14:10:34
C03830,2016-12-18 15:20:43,2016-12-18 15:20:43
C03311,2016-12-18 15:59:30,2016-12-18 15:59:30
C08657,2016-12-18 16:30:51,2016-12-21 14:22:36
C11675,2016-12-18 16:37:07,2016-12-22 10:02:56
C02836,2016-12-18 16:48:09,2016-12-18 16:48:09
C01303,2016-12-18 17:05:20,2016-12-18 17:05:20
C05745,2016-12-18 17:07:43,2016-12-18 17:18:16
C05768,2016-12-18 19:38:11,2016-12-18 19:38:11
C09416,2016-12-18 19:51:25,2016-12-18 19:51:25
C00119,2016-12-18 20:14:34,2016-12-18 20:14:34
C02572,2016-12-18 20:19:57,2016-12-18 20:19:57
C10581,2016-12-18 20:42:47,2016-12-18 20:42:47
C06258,2016-12-18 20:44:58,2016-12-18 20:44:58
C11775,2016-12-18 20:50:37,2016-12-18 20:50:37
C07291,2016-12-18 21:04:06,2016-12-18 21:10:45
C10140,2016-12-18 21:56:02,2016-12-18 21:56:02
C01636,2016-12-18 23:51:52,2016-12-29 02:17:13
C10286,2016-12-19 00:06:36,2016-12-19 00:06:36
C08373,2016-12-19 01:13:42,2016-12-19 01:13:42
C12963,2016-12-19 01:15:05,2016-12-19 01:25:22
C09479,2016-12-19 01:23:11,2016-12-20 21:59:12
C08325,2016-12-19 01:43:44,2016-12-19 01:43:44
C04703,2016-12-19 01:45:46,2016-12-19 01:45:46
C03164,2016-12-19 01:49:27,2016-12-19 01:49:27
C02159,2016-12-19 03:36:23,2016-12-25 04:35:14
C11067,2016-12-19 03:56:40,2016-12-19 03:56:40
C12306,2016-12-19 14:00:48,2016-12-19 14:00:48
C08165,2016-12-19 15:12:41,2016-12-19 15:12:41
C10630,2016-12-19 15:35:47,2016-12-19 15:35:47
C02621,2016-12-19 18:26:40,2016-12-19 18:26:40
C10699,2016-12-19 18:37:03,2016-12-25 00:38:29
C12543,2016-12-19 20:10:38,2016-12-19 20:10:38
C09566,2016-12-19 21:41:05,2016-12-19 21:41:05
C03920,2016-12-19 23:41:14,2016-12-19 23:41:14
C08224,2016-12-20 00:17:59,2016-12-23 15:46:41
C07617,2016-12-20 00:27:14,2016-12-20 00:27:14
C12728,2016-12-20 13:00:21,2016-12-20 13:00:21
C12185,2016-12-20 13:06:44,2016-12-20 13:06:44
C01490,2016-12-20 13:31:01,2016-12-20 13:31:01
C08543,2016-12-20 14:39:02,2016-12-20 14:39:02
C11377,2016-12-20 17:41:41,2016-12-20 17:41:41
C09147,2016-12-20 17:48:14,2016-12-20 17:48:14
C09122,2016-12-20 20:53:16,2016-12-20 20:53:16
C09130,2016-12-20 22:55:12,2016-12-20 22:55:12
C06896,2016-12-20 22:56:56,2016-12-20 22:56:56
C06473,2016-12-21 00:03:43,2016-12-21 00:03:43
C02289,2016-12-21 00:12:07,2016-12-21 00:12:07
C11721,2016-12-21 00:52:49,2016-12-21 00:52:49
C11170,2016-12-21 02:09:15,2016-12-21 02:09:15
C12765,2016-12-21 03:28:11,2016-12-21 03:28:11
C11986,2016-12-21 03:34:52,2016-12-21 03:34:52
C05218,2016-12-21 04:29:26,2016-12-27 22:48:45
C06804,2016-12-21 12:02:46,2016-12-21 12:43:38
C04206,2016-12-21 12:56:55,2016-12-21 12:56:55
C03115,2016-12-21 14:28:49,2016-12-21 14:28:49
C09393,2016-12-21 14:44:23,2016-12-26 15:52:19
C13211,2016-12-21 15:38:33,2016-12-21 15:38:33
C13238,2016-12-21 15:55:00,2016-12-30 15:27:32
C08264,2016-12-21 16:12:27,2016-12-21 16:12:27
C05492,2016-12-21 18:01:35,2016-12-21 18:01:35
C05644,2016-12-21 18:07:56,2016-12-21 18:07:56
C05805,2016-12-21 20:30:26,2016-12-21 20:30:47
C03289,2016-12-21 21:15:26,2016-12-21 21:15:26
C02099,2016-12-21 22:16:25,2016-12-21 22:16:25
C10726,2016-12-21 22:45:22,2016-12-21 22:45:22
C12075,2016-12-21 23:23:00,2016-12-21 23:23:00
C08248,2016-12-21 23:26:50,2016-12-21 23:26:50
C01351,2016-12-21 23:54:56,2016-12-21 23:54:56
C04680,2016-12-22 00:20:17,2016-12-22 00:20:17
C08630,2016-12-22 00:30:50,2016-12-22 00:30:50
C02744,2016-12-22 01:18:19,2016-12-22 01:18:19
C02960,2016-12-22 01:19:04,2016-12-22 01:19:04
C04441,2016-12-22 01:45:05,2016-12-22 01:45:05
C04918,2016-12-22 01:52:35,2016-12-22 01:52:35
C00714,2016-12-22 01:56:02,2016-12-28 17:23:41
C05074,2016-12-22 02:27:21,2016-12-22 02:27:21
C07911,2016-12-22 06:05:26,2016-12-22 06:56:31
C00165,2016-12-22 11:21:16,2016-12-22 11:21:16
C10093,2016-12-22 13:21:36,2016-12-22 13:21:36
C03891,2016-12-22 13:47:00,2016-12-22 13:47:00
C04589,2016-12-22 14:36:16,2016-12-22 14:36:16
C01267,2016-12-22 15:01:54,2016-12-22 15:01:54
C07946,2016-12-22 15:25:24,2016-12-22 15:25:24
C02777,2016-12-22 16:44:18,2016-12-22 16:44:18
C02302,2016-12-22 17:07:30,2016-12-22 17:07:30
C01092,2016-12-22 17:12:56,2016-12-22 17:12:56
C12255,2016-12-22 18:03:34,2016-12-28 21:53:05
C02157,2016-12-22 18:37:12,2016-12-22 18:37:12
C01080,2016-12-22 19:03:33,2016-12-22 19:13:59
C00475,2016-12-22 19:50:14,2016-12-26 01:35:33
C12205,2016-12-22 20:00:57,2016-12-22 20:00:57
C00486,2016-12-22 20:16:39,2016-12-22 20:42:41
C12691,2016-12-22 20:49:23,2016-12-22 20:49:23
C10080,2016-12-22 21:47:32,2016-12-22 21:47:32
C02821,2016-12-22 21:55:47,2016-12-22 21:55:47
C03927,2016-12-22 22:38:56,2016-12-22 22:38:56
C10323,2016-12-23 01:07:24,2016-12-23 01:07:24
C13252,2016-12-23 01:24:23,2016-12-23 01:24:23
C08664,2016-12-23 01:51:00,2016-12-23 01:51:00
C01159,2016-12-23 02:08:00,2016-12-23 02:08:00
C02256,2016-12-23 02:38:14,2016-12-23 02:38:14
C01187,2016-12-23 11:57:16,2016-12-24 17:21:56
C05293,2016-12-23 14:00:01,2016-12-23 14:00:01
C09145,2016-12-23 14:05:30,2016-12-23 14:05:30
C04420,2016-12-23 14:13:38,2016-12-23 14:13:38
C09946,2016-12-23 15:08:03,2016-12-23 15:08:03
C11217,2016-12-23 15:32:47,2016-12-23 15:32:47
C09739,2016-12-23 15:33:40,2016-12-23 15:33:40
C05730,2016-12-23 16:20:36,2016-12-23 16:59:02
C12856,2016-12-23 16:28:54,2016-12-23 16:28:54
C06863,2016-12-23 17:24:26,2016-12-23 17:24:26
C09449,2016-12-23 19:24:22,2016-12-23 19:24:22
C03471,2016-12-23 19:36:16,2016-12-23 19:36:16
C05376,2016-12-23 20:27:44,2016-12-23 21:19:31
C05181,2016-12-23 20:51:22,2016-12-23 20:51:22
C02166,2016-12-23 21:06:06,2016-12-24 16:04:06
C04137,2016-12-23 21:18:02,2016-12-23 21:18:02
C04900,2016-12-23 21:44:23,2016-12-23 21:44:23
C05236,2016-12-23 21:45:42,2016-12-23 21:45:42
C06394,2016-12-23 23:02:02,2016-12-23 23:02:02
C02519,2016-12-23 23:06:11,2016-12-23 23:06:11
C00652,2016-12-23 23:14:45,2016-12-23 23:14:45
C04349,2016-12-23 23:50:22,2016-12-23 23:50:22
C10952,2016-12-24 00:05:04,2016-12-24 18:14:05
C02517,2016-12-24 01:49:33,2016-12-24 01:49:33
C08643,2016-12-24 02:03:38,2016-12-24 02:03:38
C02769,2016-12-24 04:15:21,2016-12-24 04:15:21
C07175,2016-12-24 08:51:41,2016-12-24 14:13:42
C03801,2016-12-24 11:16:02,2016-12-24 11:16:02
C08063,2016-12-24 12:15:30,2016-12-24 12:15:30
C01556,2016-12-24 12:28:24,2016-12-24 12:28:24
C00221,2016-12-24 15:32:18,2016-12-24 15:32:18
C08931,2016-12-24 15:49:37,2016-12-24 15:49:37
C09821,2016-12-24 16:04:35,2016-12-24 16:04:35
C10425,2016-12-24 16:51:16,2016-12-24 16:51:16
C03111,2016-12-24 16:55:15,2016-12-24 16:55:15
C01052,2016-12-24 17:07:27,2016-12-24 17:07:27
C10954,2016-12-24 18:03:16,2016-12-24 18:03:16
C02654,2016-12-24 19:02:16,2016-12-24 19:02:16
C01800,2016-12-24 19:59:59,2016-12-24 19:59:59
C06722,2016-12-24 21:15:22,2016-12-24 21:15:22
C12599,2016-12-24 21:22:30,2016-12-24 21:22:30
C10595,2016-12-24 21:56:59,2016-12-24 21:56:59
C03410,2016-12-24 21:57:59,2016-12-24 21:57:59
C03068,2016-12-24 22:32:50,2016-12-24 22:35:57
C00251,2016-12-24 23:32:37,2016-12-24 23:56:12
C09124,2016-12-24 23:34:21,2016-12-24 23:34:21
C06759,2016-12-25 00:12:05,2016-12-28 23:38:54
C06510,2016-12-25 01:26:02,2016-12-25 01:26:02
C13530,2016-12-25 02:16:21,2016-12-25 02:16:21
C03530,2016-12-25 02:26:56,2016-12-25 02:26:56
C05638,2016-12-25 02:40:18,2016-12-25 02:40:18
C06501,2016-12-25 04:15:20,2016-12-27 02:44:21
C11447,2016-12-25 13:25:34,2016-12-25 13:25:34
C02558,2016-12-25 14:08:10,2016-12-25 14:08:10
C02847,2016-12-25 15:12:02,2016-12-25 15:12:02
C07764,2016-12-25 15:19:54,2016-12-25 15:19:54
C12794,2016-12-25 15:20:04,2016-12-25 15:20:04
C01644,2016-12-25 16:19:53,2016-12-25 16:19:53
C13050,2016-12-25 16:26:04,2016-12-25 16:26:04
C06659,2016-12-25 16:34:14,2016-12-25 16:45:35
C05534,2016-12-25 17:20:48,2016-12-25 17:20:48
C03932,2016-12-25 18:24:24,2016-12-25 18:24:24
C03183,2016-12-25 18:40:03,2016-12-25 18:40:03
C11506,2016-12-25 21:02:17,2016-12-25 21:02:17
C10698,2016-12-25 21:24:34,2016-12-25 21:27:25
C02137,2016-12-25 22:13:42,2016-12-25 22:13:42
C12759,2016-12-25 22:15:54,2016-12-25 22:31:52
C05749,2016-12-25 22:24:52,2016-12-25 22:24:52
C06283,2016-12-25 22:46:50,2016-12-25 22:46:50
C04992,2016-12-25 23:07:47,2016-12-25 23:07:47
C10937,2016-12-26 01:53:08,2016-12-26 01:53:08
C06418,2016-12-26 05:35:53,2016-12-26 06:43:25
C13361,2016-12-26 14:12:50,2016-12-26 14:12:50
C01319,2016-12-26 14:36:20,2016-12-26 14:36:20
C10701,2016-12-26 17:56:50,2016-12-26 17:56:50
C11925,2016-12-26 18:29:47,2016-12-26 18:29:47
C10816,2016-12-26 18:34:32,2016-12-26 18:34:32
C08406,2016-12-26 20:41:32,2016-12-26 20:41:32
C12473,2016-12-26 22:21:42,2016-12-26 22:21:42
C01084,2016-12-26 23:16:08,2016-12-26 23:16:08
C12277,2016-12-26 23:22:23,2016-12-26 23:22:23
C07665,2016-12-27 02:05:12,2016-12-27 02:05:12
C06335,2016-12-27 02:07:28,2016-12-27 02:07:28
C06182,2016-12-27 13:12:42,2016-12-27 14:05:07
C09532,2016-12-27 16:02:55,2016-12-27 16:02:55
C08818,2016-12-27 16:25:39,2016-12-31 15:27:06
C13008,2016-12-27 16:32:43,2016-12-27 16:32:43
C02790,2016-12-27 17:13:28,2016-12-27 17:13:28
C12898,2016-12-27 17:59:49,2016-12-27 17:59:49
C07316,2016-12-27 18:20:38,2016-12-27 18:20:38
C09234,2016-12-27 20:26:58,2016-12-29 20:30:12
C01921,2016-12-27 20:51:58,2016-12-27 20:51:58
C09519,2016-12-27 21:21:48,2016-12-27 21:39:55
C12314,2016-12-27 22:55:41,2016-12-27 22:55:41
C08836,2016-12-28 02:15:16,2016-12-31 06:06:01
C07554,2016-12-28 03:02:33,2016-12-28 03:23:30
C00148,2016-12-28 13:18:07,2016-12-28 13:18:07
C13104,2016-12-28 13:29:10,2016-12-28 13:29:10
C03051,2016-12-28 13:54:52,2016-12-28 13:54:52
C11724,2016-12-28 14:43:43,2016-12-28 14:43:43
C01299,2016-12-28 15:09:37,2016-12-28 15:09:37
C07818,2016-12-28 15:38:33,2016-12-28 15:38:33
C00476,2016-12-28 16:39:28,2016-12-30 13:58:16
C10750,2016-12-28 16:48:49,2016-12-28 16:48:49
C03689,2016-12-28 17:53:19,2016-12-28 17:53:19
C03064,2016-12-28 21:05:06,2016-12-28 21:05:06
C09572,2016-12-28 21:06:07,2016-12-28 21:06:07
C03584,2016-12-28 21:14:18,2016-12-28 21:14:18
C12175,2016-12-28 22:53:34,2016-12-28 23:05:04
C13538,2016-12-29 00:26:39,2016-12-29 00:26:39
C12107,2016-12-29 00:48:01,2016-12-29 00:48:01
C06440,2016-12-29 02:39:29,2016-12-30 04:31:05
C00298,2016-12-29 02:44:13,2016-12-29 02:50:31
C05169,2016-12-29 05:04:47,2016-12-29 05:04:47
C00624,2016-12-29 14:25:55,2016-12-29 14:25:55
C02072,2016-12-29 14:32:42,2016-12-29 20:04:39
C06787,2016-12-29 15:12:58,2016-12-29 15:12:58
C02915,2016-12-29 15:37:49,2016-12-30 20:40:28
C08893,2016-12-29 16:01:06,2016-12-29 16:01:06
C03987,2016-12-29 16:11:19,2016-12-29 16:11:19
C00320,2016-12-29 17:13:11,2016-12-29 17:13:11
C07819,2016-12-29 18:05:05,2016-12-29 18:05:05
C12908,2016-12-29 18:30:06,2016-12-29 18:30:06
C08659,2016-12-29 19:13:01,2016-12-29 19:13:01
C10598,2016-12-29 21:19:56,2016-12-29 21:19:56
C03196,2016-12-29 22:09:08,2016-12-29 22:09:08
C10721,2016-12-29 22:24:29,2016-12-29 22:24:29
C09591,2016-12-29 23:22:21,2016-12-29 23:22:21
C13201,2016-12-30 10:12:46,2016-12-30 10:12:46
C01405,2016-12-30 12:36:00,2016-12-30 12:36:00
C02270,2016-12-30 14:15:57,2016-12-30 14:15:57
C13029,2016-12-30 16:01:39,2016-12-31 17:43:38
C03721,2016-12-30 16:16:34,2016-12-30 16:16:34
C11154,2016-12-30 17:06:33,2016-12-30 17:06:33
C05413,2016-12-30 17:32:02,2016-12-30 17:32:02
C11834,2016-12-30 18:07:40,2016-12-30 18:07:40
C06687,2016-12-30 18:07:41,2016-12-30 18:07:41
C04864,2016-12-30 18:10:42,2016-12-30 18:10:42
C05573,2016-12-30 20:28:23,2016-12-30 20:28:23
C01399,2016-12-30 23:17:53,2016-12-30 23:17:53
C12558,2016-12-31 00:53:49,2016-12-31 00:53:49
C05828,2016-12-31 02:06:59,2016-12-31 02:06:59
C11308,2016-12-31 02:10:06,2016-12-31 02:10:06
C12072,2016-12-31 03:33:25,2016-12-31 03:33:25
C11665,2016-12-31 06:58:34,2016-12-31 06:58:34
C10056,2016-12-31 10:06:07,2016-12-31 10:10:38
C09305,2016-12-31 16:37:25,2016-12-31 16:37:25
C07476,2016-12-31 16:49:44,2016-12-31 16:49:44
C01132,2016-12-31 17:19:11,2016-12-31 17:19:11
C03135,2016-12-31 18:26:34,2016-12-31 18:26:34
C05328,2016-12-31 21:09:01,2016-12-31 21:09:01
C05652,2016-12-31 21:42:49,2016-12-31 21:42:49
C07633,2016-12-31 22:20:17,2016-12-31 22:20:17
